question_id,scene_id,image_path,question_type,question,choice_a,choice_b,choice_c,choice_d,answer_label,difficulty,visibility,layout_family,ood_axis,trace_dominant_particle_family,trace_hotspot_quadrant,trace_fiber_tint,trace_bead_count,trace_bead_count_bin,trace_clogging_state,trace_qc_action,trace_density_index
mpq_c3c470644e8670,mem_scene_00000,images/mem_scene_00000.png,dominant_particle_family,Which suspicious particle family is most common in this membrane field?,fibers,fragments,beads,films,D,hard,low_contrast,centered,edge_shadow,films,upper_left,blue,17,9 or more,patchy multi-zone clogging,reimage focus,102
mpq_d15a62eba9bb06,mem_scene_00000,images/mem_scene_00000.png,hotspot_quadrant,Which quadrant contains the densest suspicious-particle hotspot?,upper left,upper right,lower left,lower right,A,hard,low_contrast,centered,edge_shadow,films,upper_left,blue,17,9 or more,patchy multi-zone clogging,reimage focus,102
mpq_7ba451740eddcf,mem_scene_00000,images/mem_scene_00000.png,fiber_tint,What tint is most common among the visible fibers?,blue,red,black,clear or pale,A,hard,low_contrast,centered,edge_shadow,films,upper_left,blue,17,9 or more,patchy multi-zone clogging,reimage focus,102
mpq_46edd09a7c55a0,mem_scene_00000,images/mem_scene_00000.png,bead_count,How many round bead-like microplastic particles are visible?,0-12,13-18,19-24,25 or more,B,hard,low_contrast,centered,edge_shadow,films,upper_left,blue,17,13-18,patchy multi-zone clogging,reimage focus,102
mpq_d5bf274b573a51,mem_scene_00000,images/mem_scene_00000.png,clogging_state,Which membrane clogging pattern best describes this field?,open pores,light edge clogging,central mat clogging,patchy multi-zone clogging,D,hard,low_contrast,centered,edge_shadow,films,upper_left,blue,17,9 or more,patchy multi-zone clogging,reimage focus,102
mpq_e94db220c31e50,mem_scene_00000,images/mem_scene_00000.png,qc_action,What is the best next triage action for this field of view?,count now,reimage focus,dilute and refilter,manual review,B,hard,low_contrast,centered,edge_shadow,films,upper_left,blue,17,9 or more,patchy multi-zone clogging,reimage focus,102
mpq_0c6b7ded8bd44a,mem_scene_00001,images/mem_scene_00001.png,dominant_particle_family,Which suspicious particle family is most common in this membrane field?,fibers,fragments,beads,films,B,medium,overloaded,edge_loaded,edge_shadow,fragments,upper_left,red,15,9 or more,open pores,dilute and refilter,55
mpq_e7a56b9091adb4,mem_scene_00001,images/mem_scene_00001.png,hotspot_quadrant,Which quadrant contains the densest suspicious-particle hotspot?,upper left,upper right,lower left,lower right,A,medium,overloaded,edge_loaded,edge_shadow,fragments,upper_left,red,15,9 or more,open pores,dilute and refilter,55
mpq_43e6da1e2e650e,mem_scene_00001,images/mem_scene_00001.png,fiber_tint,What tint is most common among the visible fibers?,blue,red,black,clear or pale,B,medium,overloaded,edge_loaded,edge_shadow,fragments,upper_left,red,15,9 or more,open pores,dilute and refilter,55
mpq_d0d75bb04c651f,mem_scene_00001,images/mem_scene_00001.png,bead_count,How many round bead-like microplastic particles are visible?,0-12,13-18,19-24,25 or more,B,medium,overloaded,edge_loaded,edge_shadow,fragments,upper_left,red,15,13-18,open pores,dilute and refilter,55
mpq_9a07bb4af6eb7e,mem_scene_00001,images/mem_scene_00001.png,clogging_state,Which membrane clogging pattern best describes this field?,open pores,light edge clogging,central mat clogging,patchy multi-zone clogging,A,medium,overloaded,edge_loaded,edge_shadow,fragments,upper_left,red,15,9 or more,open pores,dilute and refilter,55
mpq_d04bbb9b6b21a7,mem_scene_00001,images/mem_scene_00001.png,qc_action,What is the best next triage action for this field of view?,count now,reimage focus,dilute and refilter,manual review,C,medium,overloaded,edge_loaded,edge_shadow,fragments,upper_left,red,15,9 or more,open pores,dilute and refilter,55
mpq_e3376eb14e1d86,mem_scene_00002,images/mem_scene_00002.png,dominant_particle_family,Which suspicious particle family is most common in this membrane field?,fibers,fragments,beads,films,A,easy,overloaded,centered,edge_shadow,fibers,upper_right,red,10,9 or more,central mat clogging,dilute and refilter,42
mpq_73c28fb94d9ab3,mem_scene_00002,images/mem_scene_00002.png,hotspot_quadrant,Which quadrant contains the densest suspicious-particle hotspot?,upper left,upper right,lower left,lower right,B,easy,overloaded,centered,edge_shadow,fibers,upper_right,red,10,9 or more,central mat clogging,dilute and refilter,42
mpq_d9b7ea5e45f86f,mem_scene_00002,images/mem_scene_00002.png,fiber_tint,What tint is most common among the visible fibers?,blue,red,black,clear or pale,B,easy,overloaded,centered,edge_shadow,fibers,upper_right,red,10,9 or more,central mat clogging,dilute and refilter,42
mpq_f945aabdac5fad,mem_scene_00002,images/mem_scene_00002.png,bead_count,How many round bead-like microplastic particles are visible?,0-12,13-18,19-24,25 or more,A,easy,overloaded,centered,edge_shadow,fibers,upper_right,red,10,0-12,central mat clogging,dilute and refilter,42
mpq_460cd3f2e30b95,mem_scene_00002,images/mem_scene_00002.png,clogging_state,Which membrane clogging pattern best describes this field?,open pores,light edge clogging,central mat clogging,patchy multi-zone clogging,C,easy,overloaded,centered,edge_shadow,fibers,upper_right,red,10,9 or more,central mat clogging,dilute and refilter,42
mpq_b7672726946cf9,mem_scene_00002,images/mem_scene_00002.png,qc_action,What is the best next triage action for this field of view?,count now,reimage focus,dilute and refilter,manual review,C,easy,overloaded,centered,edge_shadow,fibers,upper_right,red,10,9 or more,central mat clogging,dilute and refilter,42
mpq_1f5a096116570e,mem_scene_00003,images/mem_scene_00003.png,dominant_particle_family,Which suspicious particle family is most common in this membrane field?,fibers,fragments,beads,films,B,hard,low_contrast,diagonal_streak,bubble_ring,fragments,upper_right,black,15,9 or more,open pores,reimage focus,110
mpq_d7664b7f791eab,mem_scene_00003,images/mem_scene_00003.png,hotspot_quadrant,Which quadrant contains the densest suspicious-particle hotspot?,upper left,upper right,lower left,lower right,B,hard,low_contrast,diagonal_streak,bubble_ring,fragments,upper_right,black,15,9 or more,open pores,reimage focus,110
mpq_29c12c9b652cc2,mem_scene_00003,images/mem_scene_00003.png,fiber_tint,What tint is most common among the visible fibers?,blue,red,black,clear or pale,C,hard,low_contrast,diagonal_streak,bubble_ring,fragments,upper_right,black,15,9 or more,open pores,reimage focus,110
mpq_7dabc12427f6d9,mem_scene_00003,images/mem_scene_00003.png,bead_count,How many round bead-like microplastic particles are visible?,0-12,13-18,19-24,25 or more,B,hard,low_contrast,diagonal_streak,bubble_ring,fragments,upper_right,black,15,13-18,open pores,reimage focus,110
mpq_7dfe48e41bb060,mem_scene_00003,images/mem_scene_00003.png,clogging_state,Which membrane clogging pattern best describes this field?,open pores,light edge clogging,central mat clogging,patchy multi-zone clogging,A,hard,low_contrast,diagonal_streak,bubble_ring,fragments,upper_right,black,15,9 or more,open pores,reimage focus,110
mpq_38ce6d0207ee97,mem_scene_00003,images/mem_scene_00003.png,qc_action,What is the best next triage action for this field of view?,count now,reimage focus,dilute and refilter,manual review,B,hard,low_contrast,diagonal_streak,bubble_ring,fragments,upper_right,black,15,9 or more,open pores,reimage focus,110
mpq_e11d9e7213b5d2,mem_scene_00004,images/mem_scene_00004.png,dominant_particle_family,Which suspicious particle family is most common in this membrane field?,fibers,fragments,beads,films,A,medium,clear,edge_loaded,standard,fibers,lower_left,blue,15,9 or more,light edge clogging,count now,61
mpq_648f10176a6a5c,mem_scene_00004,images/mem_scene_00004.png,hotspot_quadrant,Which quadrant contains the densest suspicious-particle hotspot?,upper left,upper right,lower left,lower right,C,medium,clear,edge_loaded,standard,fibers,lower_left,blue,15,9 or more,light edge clogging,count now,61
mpq_c2c3cb860f1a86,mem_scene_00004,images/mem_scene_00004.png,fiber_tint,What tint is most common among the visible fibers?,blue,red,black,clear or pale,A,medium,clear,edge_loaded,standard,fibers,lower_left,blue,15,9 or more,light edge clogging,count now,61
mpq_41fbf1f721e772,mem_scene_00004,images/mem_scene_00004.png,bead_count,How many round bead-like microplastic particles are visible?,0-12,13-18,19-24,25 or more,B,medium,clear,edge_loaded,standard,fibers,lower_left,blue,15,13-18,light edge clogging,count now,61
mpq_fcb4d09ffdd842,mem_scene_00004,images/mem_scene_00004.png,clogging_state,Which membrane clogging pattern best describes this field?,open pores,light edge clogging,central mat clogging,patchy multi-zone clogging,B,medium,clear,edge_loaded,standard,fibers,lower_left,blue,15,9 or more,light edge clogging,count now,61
mpq_248e4c93df3e2a,mem_scene_00004,images/mem_scene_00004.png,qc_action,What is the best next triage action for this field of view?,count now,reimage focus,dilute and refilter,manual review,A,medium,clear,edge_loaded,standard,fibers,lower_left,blue,15,9 or more,light edge clogging,count now,61
mpq_99b9341e39059f,mem_scene_00005,images/mem_scene_00005.png,dominant_particle_family,Which suspicious particle family is most common in this membrane field?,fibers,fragments,beads,films,C,easy,overloaded,centered,standard,beads,upper_left,red,11,9 or more,light edge clogging,dilute and refilter,24
mpq_6db66941ed313c,mem_scene_00005,images/mem_scene_00005.png,hotspot_quadrant,Which quadrant contains the densest suspicious-particle hotspot?,upper left,upper right,lower left,lower right,A,easy,overloaded,centered,standard,beads,upper_left,red,11,9 or more,light edge clogging,dilute and refilter,24
mpq_a34fe325d0c987,mem_scene_00005,images/mem_scene_00005.png,fiber_tint,What tint is most common among the visible fibers?,blue,red,black,clear or pale,B,easy,overloaded,centered,standard,beads,upper_left,red,11,9 or more,light edge clogging,dilute and refilter,24
mpq_07fbd0a8838f75,mem_scene_00005,images/mem_scene_00005.png,bead_count,How many round bead-like microplastic particles are visible?,0-12,13-18,19-24,25 or more,A,easy,overloaded,centered,standard,beads,upper_left,red,11,0-12,light edge clogging,dilute and refilter,24
mpq_fcf45deea3218f,mem_scene_00005,images/mem_scene_00005.png,clogging_state,Which membrane clogging pattern best describes this field?,open pores,light edge clogging,central mat clogging,patchy multi-zone clogging,B,easy,overloaded,centered,standard,beads,upper_left,red,11,9 or more,light edge clogging,dilute and refilter,24
mpq_c11ed87b5adb2a,mem_scene_00005,images/mem_scene_00005.png,qc_action,What is the best next triage action for this field of view?,count now,reimage focus,dilute and refilter,manual review,C,easy,overloaded,centered,standard,beads,upper_left,red,11,9 or more,light edge clogging,dilute and refilter,24
mpq_cb0383b3bd4299,mem_scene_00006,images/mem_scene_00006.png,dominant_particle_family,Which suspicious particle family is most common in this membrane field?,fibers,fragments,beads,films,C,hard,clear,ring_bias,blue_stain,beads,lower_left,blue,36,9 or more,patchy multi-zone clogging,dilute and refilter,86
mpq_acbfcf916f97d1,mem_scene_00006,images/mem_scene_00006.png,hotspot_quadrant,Which quadrant contains the densest suspicious-particle hotspot?,upper left,upper right,lower left,lower right,C,hard,clear,ring_bias,blue_stain,beads,lower_left,blue,36,9 or more,patchy multi-zone clogging,dilute and refilter,86
mpq_7a18ffe83aba18,mem_scene_00006,images/mem_scene_00006.png,fiber_tint,What tint is most common among the visible fibers?,blue,red,black,clear or pale,A,hard,clear,ring_bias,blue_stain,beads,lower_left,blue,36,9 or more,patchy multi-zone clogging,dilute and refilter,86
mpq_608996c1fe5479,mem_scene_00006,images/mem_scene_00006.png,bead_count,How many round bead-like microplastic particles are visible?,0-12,13-18,19-24,25 or more,D,hard,clear,ring_bias,blue_stain,beads,lower_left,blue,36,25 or more,patchy multi-zone clogging,dilute and refilter,86
mpq_5d90ca55277a41,mem_scene_00006,images/mem_scene_00006.png,clogging_state,Which membrane clogging pattern best describes this field?,open pores,light edge clogging,central mat clogging,patchy multi-zone clogging,D,hard,clear,ring_bias,blue_stain,beads,lower_left,blue,36,9 or more,patchy multi-zone clogging,dilute and refilter,86
mpq_d7739cfa54dffb,mem_scene_00006,images/mem_scene_00006.png,qc_action,What is the best next triage action for this field of view?,count now,reimage focus,dilute and refilter,manual review,C,hard,clear,ring_bias,blue_stain,beads,lower_left,blue,36,9 or more,patchy multi-zone clogging,dilute and refilter,86
mpq_27518a1a0b7b98,mem_scene_00007,images/mem_scene_00007.png,dominant_particle_family,Which suspicious particle family is most common in this membrane field?,fibers,fragments,beads,films,B,medium,overloaded,centered,standard,fragments,lower_left,red,18,9 or more,light edge clogging,dilute and refilter,71
mpq_76b156c7f9066f,mem_scene_00007,images/mem_scene_00007.png,hotspot_quadrant,Which quadrant contains the densest suspicious-particle hotspot?,upper left,upper right,lower left,lower right,C,medium,overloaded,centered,standard,fragments,lower_left,red,18,9 or more,light edge clogging,dilute and refilter,71
mpq_7d6938d99fcc3e,mem_scene_00007,images/mem_scene_00007.png,fiber_tint,What tint is most common among the visible fibers?,blue,red,black,clear or pale,B,medium,overloaded,centered,standard,fragments,lower_left,red,18,9 or more,light edge clogging,dilute and refilter,71
mpq_13d4f931c0ab3f,mem_scene_00007,images/mem_scene_00007.png,bead_count,How many round bead-like microplastic particles are visible?,0-12,13-18,19-24,25 or more,B,medium,overloaded,centered,standard,fragments,lower_left,red,18,13-18,light edge clogging,dilute and refilter,71
mpq_ba2103d317b80f,mem_scene_00007,images/mem_scene_00007.png,clogging_state,Which membrane clogging pattern best describes this field?,open pores,light edge clogging,central mat clogging,patchy multi-zone clogging,B,medium,overloaded,centered,standard,fragments,lower_left,red,18,9 or more,light edge clogging,dilute and refilter,71
mpq_01aa36204deefb,mem_scene_00007,images/mem_scene_00007.png,qc_action,What is the best next triage action for this field of view?,count now,reimage focus,dilute and refilter,manual review,C,medium,overloaded,centered,standard,fragments,lower_left,red,18,9 or more,light edge clogging,dilute and refilter,71
mpq_36afc65bd307cc,mem_scene_00008,images/mem_scene_00008.png,dominant_particle_family,Which suspicious particle family is most common in this membrane field?,fibers,fragments,beads,films,B,medium,biofilm,edge_loaded,standard,fragments,upper_left,red,8,6-8,open pores,manual review,53
mpq_664c88a2d7e739,mem_scene_00008,images/mem_scene_00008.png,hotspot_quadrant,Which quadrant contains the densest suspicious-particle hotspot?,upper left,upper right,lower left,lower right,A,medium,biofilm,edge_loaded,standard,fragments,upper_left,red,8,6-8,open pores,manual review,53
mpq_3c03479c8316ab,mem_scene_00008,images/mem_scene_00008.png,fiber_tint,What tint is most common among the visible fibers?,blue,red,black,clear or pale,B,medium,biofilm,edge_loaded,standard,fragments,upper_left,red,8,6-8,open pores,manual review,53
mpq_333fd5223b1bce,mem_scene_00008,images/mem_scene_00008.png,bead_count,How many round bead-like microplastic particles are visible?,0-12,13-18,19-24,25 or more,A,medium,biofilm,edge_loaded,standard,fragments,upper_left,red,8,0-12,open pores,manual review,53
mpq_4e0be228a96232,mem_scene_00008,images/mem_scene_00008.png,clogging_state,Which membrane clogging pattern best describes this field?,open pores,light edge clogging,central mat clogging,patchy multi-zone clogging,A,medium,biofilm,edge_loaded,standard,fragments,upper_left,red,8,6-8,open pores,manual review,53
mpq_43b5d0cce9bd17,mem_scene_00008,images/mem_scene_00008.png,qc_action,What is the best next triage action for this field of view?,count now,reimage focus,dilute and refilter,manual review,D,medium,biofilm,edge_loaded,standard,fragments,upper_left,red,8,6-8,open pores,manual review,53
mpq_380704d9f015d1,mem_scene_00009,images/mem_scene_00009.png,dominant_particle_family,Which suspicious particle family is most common in this membrane field?,fibers,fragments,beads,films,C,easy,low_contrast,centered,standard,beads,upper_right,black,18,9 or more,patchy multi-zone clogging,count now,29
mpq_f947f171ebebd3,mem_scene_00009,images/mem_scene_00009.png,hotspot_quadrant,Which quadrant contains the densest suspicious-particle hotspot?,upper left,upper right,lower left,lower right,B,easy,low_contrast,centered,standard,beads,upper_right,black,18,9 or more,patchy multi-zone clogging,count now,29
mpq_39d27855b8e902,mem_scene_00009,images/mem_scene_00009.png,fiber_tint,What tint is most common among the visible fibers?,blue,red,black,clear or pale,C,easy,low_contrast,centered,standard,beads,upper_right,black,18,9 or more,patchy multi-zone clogging,count now,29
mpq_7bd2027b8b7142,mem_scene_00009,images/mem_scene_00009.png,bead_count,How many round bead-like microplastic particles are visible?,0-12,13-18,19-24,25 or more,B,easy,low_contrast,centered,standard,beads,upper_right,black,18,13-18,patchy multi-zone clogging,count now,29
mpq_b015fb1591487f,mem_scene_00009,images/mem_scene_00009.png,clogging_state,Which membrane clogging pattern best describes this field?,open pores,light edge clogging,central mat clogging,patchy multi-zone clogging,D,easy,low_contrast,centered,standard,beads,upper_right,black,18,9 or more,patchy multi-zone clogging,count now,29
mpq_a7108331515ddb,mem_scene_00009,images/mem_scene_00009.png,qc_action,What is the best next triage action for this field of view?,count now,reimage focus,dilute and refilter,manual review,B,easy,low_contrast,centered,standard,beads,upper_right,black,18,9 or more,patchy multi-zone clogging,reimage focus,29
mpq_14445a11cd0293,mem_scene_00010,images/mem_scene_00010.png,dominant_particle_family,Which suspicious particle family is most common in this membrane field?,fibers,fragments,beads,films,A,medium,clear,ring_bias,blue_stain,fibers,upper_left,clear or pale,12,9 or more,open pores,count now,61
mpq_4cd5a2cecd6000,mem_scene_00010,images/mem_scene_00010.png,hotspot_quadrant,Which quadrant contains the densest suspicious-particle hotspot?,upper left,upper right,lower left,lower right,A,medium,clear,ring_bias,blue_stain,fibers,upper_left,clear or pale,12,9 or more,open pores,count now,61
mpq_cf9f0d02d76147,mem_scene_00010,images/mem_scene_00010.png,fiber_tint,What tint is most common among the visible fibers?,blue,red,black,clear or pale,D,medium,clear,ring_bias,blue_stain,fibers,upper_left,clear or pale,12,9 or more,open pores,count now,61
mpq_3a5c48de84457f,mem_scene_00010,images/mem_scene_00010.png,bead_count,How many round bead-like microplastic particles are visible?,0-12,13-18,19-24,25 or more,A,medium,clear,ring_bias,blue_stain,fibers,upper_left,clear or pale,12,0-12,open pores,count now,61
mpq_75f1393234efd5,mem_scene_00010,images/mem_scene_00010.png,clogging_state,Which membrane clogging pattern best describes this field?,open pores,light edge clogging,central mat clogging,patchy multi-zone clogging,A,medium,clear,ring_bias,blue_stain,fibers,upper_left,clear or pale,12,9 or more,open pores,count now,61
mpq_0211ae3a34841b,mem_scene_00010,images/mem_scene_00010.png,qc_action,What is the best next triage action for this field of view?,count now,reimage focus,dilute and refilter,manual review,A,medium,clear,ring_bias,blue_stain,fibers,upper_left,clear or pale,12,9 or more,open pores,count now,61
mpq_5d135c0e65553f,mem_scene_00011,images/mem_scene_00011.png,dominant_particle_family,Which suspicious particle family is most common in this membrane field?,fibers,fragments,beads,films,D,medium,low_contrast,ring_bias,blue_stain,films,lower_left,red,17,9 or more,light edge clogging,count now,73
mpq_65288b16a3aa2f,mem_scene_00011,images/mem_scene_00011.png,hotspot_quadrant,Which quadrant contains the densest suspicious-particle hotspot?,upper left,upper right,lower left,lower right,C,medium,low_contrast,ring_bias,blue_stain,films,lower_left,red,17,9 or more,light edge clogging,count now,73
mpq_27b2a1bebb0ec3,mem_scene_00011,images/mem_scene_00011.png,fiber_tint,What tint is most common among the visible fibers?,blue,red,black,clear or pale,B,medium,low_contrast,ring_bias,blue_stain,films,lower_left,red,17,9 or more,light edge clogging,count now,73
mpq_7414df84e7f1fe,mem_scene_00011,images/mem_scene_00011.png,bead_count,How many round bead-like microplastic particles are visible?,0-12,13-18,19-24,25 or more,B,medium,low_contrast,ring_bias,blue_stain,films,lower_left,red,17,13-18,light edge clogging,count now,73
mpq_12ad1dac8ef25e,mem_scene_00011,images/mem_scene_00011.png,clogging_state,Which membrane clogging pattern best describes this field?,open pores,light edge clogging,central mat clogging,patchy multi-zone clogging,B,medium,low_contrast,ring_bias,blue_stain,films,lower_left,red,17,9 or more,light edge clogging,count now,73
mpq_ac446d93297033,mem_scene_00011,images/mem_scene_00011.png,qc_action,What is the best next triage action for this field of view?,count now,reimage focus,dilute and refilter,manual review,B,medium,low_contrast,ring_bias,blue_stain,films,lower_left,red,17,9 or more,light edge clogging,reimage focus,73
mpq_ec7a5bde9a7a32,mem_scene_00012,images/mem_scene_00012.png,dominant_particle_family,Which suspicious particle family is most common in this membrane field?,fibers,fragments,beads,films,C,easy,glare,centered,standard,beads,lower_right,red,14,9 or more,light edge clogging,count now,25
mpq_4ae9fde3cdf74e,mem_scene_00012,images/mem_scene_00012.png,hotspot_quadrant,Which quadrant contains the densest suspicious-particle hotspot?,upper left,upper right,lower left,lower right,D,easy,glare,centered,standard,beads,lower_right,red,14,9 or more,light edge clogging,count now,25
mpq_12ee22f8f7a91d,mem_scene_00012,images/mem_scene_00012.png,fiber_tint,What tint is most common among the visible fibers?,blue,red,black,clear or pale,B,easy,glare,centered,standard,beads,lower_right,red,14,9 or more,light edge clogging,count now,25
mpq_dd698fce4d0218,mem_scene_00012,images/mem_scene_00012.png,bead_count,How many round bead-like microplastic particles are visible?,0-12,13-18,19-24,25 or more,B,easy,glare,centered,standard,beads,lower_right,red,14,13-18,light edge clogging,count now,25
mpq_b9aa5c65a5ed13,mem_scene_00012,images/mem_scene_00012.png,clogging_state,Which membrane clogging pattern best describes this field?,open pores,light edge clogging,central mat clogging,patchy multi-zone clogging,B,easy,glare,centered,standard,beads,lower_right,red,14,9 or more,light edge clogging,count now,25
mpq_88c6cd65b93db3,mem_scene_00012,images/mem_scene_00012.png,qc_action,What is the best next triage action for this field of view?,count now,reimage focus,dilute and refilter,manual review,B,easy,glare,centered,standard,beads,lower_right,red,14,9 or more,light edge clogging,reimage focus,25
mpq_c3d1892aaa5d79,mem_scene_00013,images/mem_scene_00013.png,dominant_particle_family,Which suspicious particle family is most common in this membrane field?,fibers,fragments,beads,films,D,hard,glare,edge_loaded,standard,films,upper_left,blue,15,9 or more,patchy multi-zone clogging,reimage focus,91
mpq_0e3f89c6d681e2,mem_scene_00013,images/mem_scene_00013.png,hotspot_quadrant,Which quadrant contains the densest suspicious-particle hotspot?,upper left,upper right,lower left,lower right,A,hard,glare,edge_loaded,standard,films,upper_left,blue,15,9 or more,patchy multi-zone clogging,reimage focus,91
mpq_689efd177f97c6,mem_scene_00013,images/mem_scene_00013.png,fiber_tint,What tint is most common among the visible fibers?,blue,red,black,clear or pale,A,hard,glare,edge_loaded,standard,films,upper_left,blue,15,9 or more,patchy multi-zone clogging,reimage focus,91
mpq_f9318236563f31,mem_scene_00013,images/mem_scene_00013.png,bead_count,How many round bead-like microplastic particles are visible?,0-12,13-18,19-24,25 or more,B,hard,glare,edge_loaded,standard,films,upper_left,blue,15,13-18,patchy multi-zone clogging,reimage focus,91
mpq_221d0534518bcd,mem_scene_00013,images/mem_scene_00013.png,clogging_state,Which membrane clogging pattern best describes this field?,open pores,light edge clogging,central mat clogging,patchy multi-zone clogging,D,hard,glare,edge_loaded,standard,films,upper_left,blue,15,9 or more,patchy multi-zone clogging,reimage focus,91
mpq_e33908d8395af8,mem_scene_00013,images/mem_scene_00013.png,qc_action,What is the best next triage action for this field of view?,count now,reimage focus,dilute and refilter,manual review,B,hard,glare,edge_loaded,standard,films,upper_left,blue,15,9 or more,patchy multi-zone clogging,reimage focus,91
mpq_01d4fb65662782,mem_scene_00014,images/mem_scene_00014.png,dominant_particle_family,Which suspicious particle family is most common in this membrane field?,fibers,fragments,beads,films,A,easy,low_contrast,diagonal_streak,standard,fibers,lower_right,black,5,3-5,open pores,count now,24
mpq_601b8992174d6a,mem_scene_00014,images/mem_scene_00014.png,hotspot_quadrant,Which quadrant contains the densest suspicious-particle hotspot?,upper left,upper right,lower left,lower right,D,easy,low_contrast,diagonal_streak,standard,fibers,lower_right,black,5,3-5,open pores,count now,24
mpq_490704d918c4ea,mem_scene_00014,images/mem_scene_00014.png,fiber_tint,What tint is most common among the visible fibers?,blue,red,black,clear or pale,C,easy,low_contrast,diagonal_streak,standard,fibers,lower_right,black,5,3-5,open pores,count now,24
mpq_1abb63749209c8,mem_scene_00014,images/mem_scene_00014.png,bead_count,How many round bead-like microplastic particles are visible?,0-12,13-18,19-24,25 or more,A,easy,low_contrast,diagonal_streak,standard,fibers,lower_right,black,5,0-12,open pores,count now,24
mpq_62c8ba5eb7e062,mem_scene_00014,images/mem_scene_00014.png,clogging_state,Which membrane clogging pattern best describes this field?,open pores,light edge clogging,central mat clogging,patchy multi-zone clogging,A,easy,low_contrast,diagonal_streak,standard,fibers,lower_right,black,5,3-5,open pores,count now,24
mpq_51432b9d2ce57c,mem_scene_00014,images/mem_scene_00014.png,qc_action,What is the best next triage action for this field of view?,count now,reimage focus,dilute and refilter,manual review,B,easy,low_contrast,diagonal_streak,standard,fibers,lower_right,black,5,3-5,open pores,reimage focus,24
mpq_b48700be236314,mem_scene_00015,images/mem_scene_00015.png,dominant_particle_family,Which suspicious particle family is most common in this membrane field?,fibers,fragments,beads,films,C,medium,low_contrast,centered,standard,beads,lower_right,blue,31,9 or more,open pores,count now,65
mpq_c08bc9535d164d,mem_scene_00015,images/mem_scene_00015.png,hotspot_quadrant,Which quadrant contains the densest suspicious-particle hotspot?,upper left,upper right,lower left,lower right,D,medium,low_contrast,centered,standard,beads,lower_right,blue,31,9 or more,open pores,count now,65
mpq_66bb28579cb392,mem_scene_00015,images/mem_scene_00015.png,fiber_tint,What tint is most common among the visible fibers?,blue,red,black,clear or pale,A,medium,low_contrast,centered,standard,beads,lower_right,blue,31,9 or more,open pores,count now,65
mpq_06d40a3a95fead,mem_scene_00015,images/mem_scene_00015.png,bead_count,How many round bead-like microplastic particles are visible?,0-12,13-18,19-24,25 or more,D,medium,low_contrast,centered,standard,beads,lower_right,blue,31,25 or more,open pores,count now,65
mpq_4b45277c2876db,mem_scene_00015,images/mem_scene_00015.png,clogging_state,Which membrane clogging pattern best describes this field?,open pores,light edge clogging,central mat clogging,patchy multi-zone clogging,A,medium,low_contrast,centered,standard,beads,lower_right,blue,31,9 or more,open pores,count now,65
mpq_5657ea49c24aad,mem_scene_00015,images/mem_scene_00015.png,qc_action,What is the best next triage action for this field of view?,count now,reimage focus,dilute and refilter,manual review,B,medium,low_contrast,centered,standard,beads,lower_right,blue,31,9 or more,open pores,reimage focus,65
mpq_ee95b2aa51c9ee,mem_scene_00016,images/mem_scene_00016.png,dominant_particle_family,Which suspicious particle family is most common in this membrane field?,fibers,fragments,beads,films,A,medium,clear,ring_bias,edge_shadow,fibers,upper_right,red,7,6-8,patchy multi-zone clogging,manual review,58
mpq_7beb1417654ac0,mem_scene_00016,images/mem_scene_00016.png,hotspot_quadrant,Which quadrant contains the densest suspicious-particle hotspot?,upper left,upper right,lower left,lower right,B,medium,clear,ring_bias,edge_shadow,fibers,upper_right,red,7,6-8,patchy multi-zone clogging,manual review,58
mpq_a7bca9d211162e,mem_scene_00016,images/mem_scene_00016.png,fiber_tint,What tint is most common among the visible fibers?,blue,red,black,clear or pale,B,medium,clear,ring_bias,edge_shadow,fibers,upper_right,red,7,6-8,patchy multi-zone clogging,manual review,58
mpq_4424a97bbbc752,mem_scene_00016,images/mem_scene_00016.png,bead_count,How many round bead-like microplastic particles are visible?,0-12,13-18,19-24,25 or more,A,medium,clear,ring_bias,edge_shadow,fibers,upper_right,red,7,0-12,patchy multi-zone clogging,manual review,58
mpq_8fc09e33c94bd1,mem_scene_00016,images/mem_scene_00016.png,clogging_state,Which membrane clogging pattern best describes this field?,open pores,light edge clogging,central mat clogging,patchy multi-zone clogging,D,medium,clear,ring_bias,edge_shadow,fibers,upper_right,red,7,6-8,patchy multi-zone clogging,manual review,58
mpq_06bf03b3e30ace,mem_scene_00016,images/mem_scene_00016.png,qc_action,What is the best next triage action for this field of view?,count now,reimage focus,dilute and refilter,manual review,D,medium,clear,ring_bias,edge_shadow,fibers,upper_right,red,7,6-8,patchy multi-zone clogging,manual review,58
mpq_17d7c8ba6dfa8a,mem_scene_00017,images/mem_scene_00017.png,dominant_particle_family,Which suspicious particle family is most common in this membrane field?,fibers,fragments,beads,films,A,easy,low_contrast,edge_loaded,standard,fibers,upper_right,blue,11,9 or more,central mat clogging,count now,36
mpq_a7f4ccb988cbe3,mem_scene_00017,images/mem_scene_00017.png,hotspot_quadrant,Which quadrant contains the densest suspicious-particle hotspot?,upper left,upper right,lower left,lower right,B,easy,low_contrast,edge_loaded,standard,fibers,upper_right,blue,11,9 or more,central mat clogging,count now,36
mpq_e416fc9e8ae60b,mem_scene_00017,images/mem_scene_00017.png,fiber_tint,What tint is most common among the visible fibers?,blue,red,black,clear or pale,A,easy,low_contrast,edge_loaded,standard,fibers,upper_right,blue,11,9 or more,central mat clogging,count now,36
mpq_78eb4103355fbe,mem_scene_00017,images/mem_scene_00017.png,bead_count,How many round bead-like microplastic particles are visible?,0-12,13-18,19-24,25 or more,A,easy,low_contrast,edge_loaded,standard,fibers,upper_right,blue,11,0-12,central mat clogging,count now,36
mpq_83e53b44a30299,mem_scene_00017,images/mem_scene_00017.png,clogging_state,Which membrane clogging pattern best describes this field?,open pores,light edge clogging,central mat clogging,patchy multi-zone clogging,C,easy,low_contrast,edge_loaded,standard,fibers,upper_right,blue,11,9 or more,central mat clogging,count now,36
mpq_18c40792b8b963,mem_scene_00017,images/mem_scene_00017.png,qc_action,What is the best next triage action for this field of view?,count now,reimage focus,dilute and refilter,manual review,B,easy,low_contrast,edge_loaded,standard,fibers,upper_right,blue,11,9 or more,central mat clogging,reimage focus,36
mpq_b4aa8c733a626b,mem_scene_00018,images/mem_scene_00018.png,dominant_particle_family,Which suspicious particle family is most common in this membrane field?,fibers,fragments,beads,films,C,hard,overloaded,centered,blue_stain,beads,upper_left,black,55,9 or more,light edge clogging,dilute and refilter,112
mpq_1c3a51bfa88dcc,mem_scene_00018,images/mem_scene_00018.png,hotspot_quadrant,Which quadrant contains the densest suspicious-particle hotspot?,upper left,upper right,lower left,lower right,A,hard,overloaded,centered,blue_stain,beads,upper_left,black,55,9 or more,light edge clogging,dilute and refilter,112
mpq_6f8d6f4f8b5905,mem_scene_00018,images/mem_scene_00018.png,fiber_tint,What tint is most common among the visible fibers?,blue,red,black,clear or pale,C,hard,overloaded,centered,blue_stain,beads,upper_left,black,55,9 or more,light edge clogging,dilute and refilter,112
mpq_266788cf98fb9b,mem_scene_00018,images/mem_scene_00018.png,bead_count,How many round bead-like microplastic particles are visible?,0-12,13-18,19-24,25 or more,D,hard,overloaded,centered,blue_stain,beads,upper_left,black,55,25 or more,light edge clogging,dilute and refilter,112
mpq_c0751c5617d039,mem_scene_00018,images/mem_scene_00018.png,clogging_state,Which membrane clogging pattern best describes this field?,open pores,light edge clogging,central mat clogging,patchy multi-zone clogging,B,hard,overloaded,centered,blue_stain,beads,upper_left,black,55,9 or more,light edge clogging,dilute and refilter,112
mpq_9ab6d2f7ce30d3,mem_scene_00018,images/mem_scene_00018.png,qc_action,What is the best next triage action for this field of view?,count now,reimage focus,dilute and refilter,manual review,C,hard,overloaded,centered,blue_stain,beads,upper_left,black,55,9 or more,light edge clogging,dilute and refilter,112
mpq_56f58f119306c0,mem_scene_00019,images/mem_scene_00019.png,dominant_particle_family,Which suspicious particle family is most common in this membrane field?,fibers,fragments,beads,films,A,easy,overloaded,diagonal_streak,standard,fibers,lower_right,black,7,6-8,patchy multi-zone clogging,dilute and refilter,24
mpq_92a0452aa57135,mem_scene_00019,images/mem_scene_00019.png,hotspot_quadrant,Which quadrant contains the densest suspicious-particle hotspot?,upper left,upper right,lower left,lower right,D,easy,overloaded,diagonal_streak,standard,fibers,lower_right,black,7,6-8,patchy multi-zone clogging,dilute and refilter,24
mpq_bd2e8c8101b42c,mem_scene_00019,images/mem_scene_00019.png,fiber_tint,What tint is most common among the visible fibers?,blue,red,black,clear or pale,C,easy,overloaded,diagonal_streak,standard,fibers,lower_right,black,7,6-8,patchy multi-zone clogging,dilute and refilter,24
mpq_9ab93a1c4b593c,mem_scene_00019,images/mem_scene_00019.png,bead_count,How many round bead-like microplastic particles are visible?,0-12,13-18,19-24,25 or more,A,easy,overloaded,diagonal_streak,standard,fibers,lower_right,black,7,0-12,patchy multi-zone clogging,dilute and refilter,24
mpq_917260601172a1,mem_scene_00019,images/mem_scene_00019.png,clogging_state,Which membrane clogging pattern best describes this field?,open pores,light edge clogging,central mat clogging,patchy multi-zone clogging,D,easy,overloaded,diagonal_streak,standard,fibers,lower_right,black,7,6-8,patchy multi-zone clogging,dilute and refilter,24
mpq_ce5fc2a112c663,mem_scene_00019,images/mem_scene_00019.png,qc_action,What is the best next triage action for this field of view?,count now,reimage focus,dilute and refilter,manual review,C,easy,overloaded,diagonal_streak,standard,fibers,lower_right,black,7,6-8,patchy multi-zone clogging,dilute and refilter,24
mpq_1da9c2083d6422,mem_scene_00020,images/mem_scene_00020.png,dominant_particle_family,Which suspicious particle family is most common in this membrane field?,fibers,fragments,beads,films,B,easy,glare,edge_loaded,edge_shadow,fragments,upper_right,clear or pale,3,3-5,central mat clogging,manual review,26
mpq_904f17f102ee7e,mem_scene_00020,images/mem_scene_00020.png,hotspot_quadrant,Which quadrant contains the densest suspicious-particle hotspot?,upper left,upper right,lower left,lower right,B,easy,glare,edge_loaded,edge_shadow,fragments,upper_right,clear or pale,3,3-5,central mat clogging,manual review,26
mpq_159abec7732217,mem_scene_00020,images/mem_scene_00020.png,fiber_tint,What tint is most common among the visible fibers?,blue,red,black,clear or pale,D,easy,glare,edge_loaded,edge_shadow,fragments,upper_right,clear or pale,3,3-5,central mat clogging,manual review,26
mpq_9c3edeb3ab0457,mem_scene_00020,images/mem_scene_00020.png,bead_count,How many round bead-like microplastic particles are visible?,0-12,13-18,19-24,25 or more,A,easy,glare,edge_loaded,edge_shadow,fragments,upper_right,clear or pale,3,0-12,central mat clogging,manual review,26
mpq_499de83c9dc073,mem_scene_00020,images/mem_scene_00020.png,clogging_state,Which membrane clogging pattern best describes this field?,open pores,light edge clogging,central mat clogging,patchy multi-zone clogging,C,easy,glare,edge_loaded,edge_shadow,fragments,upper_right,clear or pale,3,3-5,central mat clogging,manual review,26
mpq_025420a35626b1,mem_scene_00020,images/mem_scene_00020.png,qc_action,What is the best next triage action for this field of view?,count now,reimage focus,dilute and refilter,manual review,B,easy,glare,edge_loaded,edge_shadow,fragments,upper_right,clear or pale,3,3-5,central mat clogging,reimage focus,26
mpq_e32c36aa108e33,mem_scene_00021,images/mem_scene_00021.png,dominant_particle_family,Which suspicious particle family is most common in this membrane field?,fibers,fragments,beads,films,B,easy,clear,diagonal_streak,standard,fragments,lower_right,clear or pale,9,9 or more,patchy multi-zone clogging,count now,40
mpq_7ab140c532f833,mem_scene_00021,images/mem_scene_00021.png,hotspot_quadrant,Which quadrant contains the densest suspicious-particle hotspot?,upper left,upper right,lower left,lower right,D,easy,clear,diagonal_streak,standard,fragments,lower_right,clear or pale,9,9 or more,patchy multi-zone clogging,count now,40
mpq_50d00ae21d8e20,mem_scene_00021,images/mem_scene_00021.png,fiber_tint,What tint is most common among the visible fibers?,blue,red,black,clear or pale,D,easy,clear,diagonal_streak,standard,fragments,lower_right,clear or pale,9,9 or more,patchy multi-zone clogging,count now,40
mpq_638a980a5c30d9,mem_scene_00021,images/mem_scene_00021.png,bead_count,How many round bead-like microplastic particles are visible?,0-12,13-18,19-24,25 or more,A,easy,clear,diagonal_streak,standard,fragments,lower_right,clear or pale,9,0-12,patchy multi-zone clogging,count now,40
mpq_f4c86ad8e53801,mem_scene_00021,images/mem_scene_00021.png,clogging_state,Which membrane clogging pattern best describes this field?,open pores,light edge clogging,central mat clogging,patchy multi-zone clogging,D,easy,clear,diagonal_streak,standard,fragments,lower_right,clear or pale,9,9 or more,patchy multi-zone clogging,count now,40
mpq_b43c9688b41fa9,mem_scene_00021,images/mem_scene_00021.png,qc_action,What is the best next triage action for this field of view?,count now,reimage focus,dilute and refilter,manual review,A,easy,clear,diagonal_streak,standard,fragments,lower_right,clear or pale,9,9 or more,patchy multi-zone clogging,count now,40
mpq_0a7b463ce382a0,mem_scene_00022,images/mem_scene_00022.png,dominant_particle_family,Which suspicious particle family is most common in this membrane field?,fibers,fragments,beads,films,D,medium,clear,ring_bias,edge_shadow,films,lower_left,red,10,9 or more,central mat clogging,manual review,62
mpq_886eb439bedfaf,mem_scene_00022,images/mem_scene_00022.png,hotspot_quadrant,Which quadrant contains the densest suspicious-particle hotspot?,upper left,upper right,lower left,lower right,C,medium,clear,ring_bias,edge_shadow,films,lower_left,red,10,9 or more,central mat clogging,manual review,62
mpq_96d20a838712e4,mem_scene_00022,images/mem_scene_00022.png,fiber_tint,What tint is most common among the visible fibers?,blue,red,black,clear or pale,B,medium,clear,ring_bias,edge_shadow,films,lower_left,red,10,9 or more,central mat clogging,manual review,62
mpq_0d3089ad34ad8d,mem_scene_00022,images/mem_scene_00022.png,bead_count,How many round bead-like microplastic particles are visible?,0-12,13-18,19-24,25 or more,A,medium,clear,ring_bias,edge_shadow,films,lower_left,red,10,0-12,central mat clogging,manual review,62
mpq_49724add2903ea,mem_scene_00022,images/mem_scene_00022.png,clogging_state,Which membrane clogging pattern best describes this field?,open pores,light edge clogging,central mat clogging,patchy multi-zone clogging,C,medium,clear,ring_bias,edge_shadow,films,lower_left,red,10,9 or more,central mat clogging,manual review,62
mpq_046af624d808d1,mem_scene_00022,images/mem_scene_00022.png,qc_action,What is the best next triage action for this field of view?,count now,reimage focus,dilute and refilter,manual review,D,medium,clear,ring_bias,edge_shadow,films,lower_left,red,10,9 or more,central mat clogging,manual review,62
mpq_236dfbd8e478ad,mem_scene_00023,images/mem_scene_00023.png,dominant_particle_family,Which suspicious particle family is most common in this membrane field?,fibers,fragments,beads,films,C,medium,clear,edge_loaded,blue_stain,beads,lower_left,blue,16,9 or more,light edge clogging,count now,52
mpq_2737257f3d4fe7,mem_scene_00023,images/mem_scene_00023.png,hotspot_quadrant,Which quadrant contains the densest suspicious-particle hotspot?,upper left,upper right,lower left,lower right,C,medium,clear,edge_loaded,blue_stain,beads,lower_left,blue,16,9 or more,light edge clogging,count now,52
mpq_22da16cf16ab98,mem_scene_00023,images/mem_scene_00023.png,fiber_tint,What tint is most common among the visible fibers?,blue,red,black,clear or pale,A,medium,clear,edge_loaded,blue_stain,beads,lower_left,blue,16,9 or more,light edge clogging,count now,52
mpq_64705b64e8bde2,mem_scene_00023,images/mem_scene_00023.png,bead_count,How many round bead-like microplastic particles are visible?,0-12,13-18,19-24,25 or more,B,medium,clear,edge_loaded,blue_stain,beads,lower_left,blue,16,13-18,light edge clogging,count now,52
mpq_99fef67e6672f7,mem_scene_00023,images/mem_scene_00023.png,clogging_state,Which membrane clogging pattern best describes this field?,open pores,light edge clogging,central mat clogging,patchy multi-zone clogging,B,medium,clear,edge_loaded,blue_stain,beads,lower_left,blue,16,9 or more,light edge clogging,count now,52
mpq_7b4434ce374482,mem_scene_00023,images/mem_scene_00023.png,qc_action,What is the best next triage action for this field of view?,count now,reimage focus,dilute and refilter,manual review,A,medium,clear,edge_loaded,blue_stain,beads,lower_left,blue,16,9 or more,light edge clogging,count now,52
mpq_d67465fe5e06ea,mem_scene_00024,images/mem_scene_00024.png,dominant_particle_family,Which suspicious particle family is most common in this membrane field?,fibers,fragments,beads,films,C,hard,biofilm,centered,standard,beads,lower_left,blue,37,9 or more,light edge clogging,manual review,87
mpq_edbcd7e5412d26,mem_scene_00024,images/mem_scene_00024.png,hotspot_quadrant,Which quadrant contains the densest suspicious-particle hotspot?,upper left,upper right,lower left,lower right,C,hard,biofilm,centered,standard,beads,lower_left,blue,37,9 or more,light edge clogging,manual review,87
mpq_ce5f8f4d5afa6e,mem_scene_00024,images/mem_scene_00024.png,fiber_tint,What tint is most common among the visible fibers?,blue,red,black,clear or pale,A,hard,biofilm,centered,standard,beads,lower_left,blue,37,9 or more,light edge clogging,manual review,87
mpq_9d7d86ec6e151f,mem_scene_00024,images/mem_scene_00024.png,bead_count,How many round bead-like microplastic particles are visible?,0-12,13-18,19-24,25 or more,D,hard,biofilm,centered,standard,beads,lower_left,blue,37,25 or more,light edge clogging,manual review,87
mpq_03277fce5d2e5a,mem_scene_00024,images/mem_scene_00024.png,clogging_state,Which membrane clogging pattern best describes this field?,open pores,light edge clogging,central mat clogging,patchy multi-zone clogging,B,hard,biofilm,centered,standard,beads,lower_left,blue,37,9 or more,light edge clogging,manual review,87
mpq_dc9aa12594af3f,mem_scene_00024,images/mem_scene_00024.png,qc_action,What is the best next triage action for this field of view?,count now,reimage focus,dilute and refilter,manual review,D,hard,biofilm,centered,standard,beads,lower_left,blue,37,9 or more,light edge clogging,manual review,87
mpq_361710b35785b3,mem_scene_00025,images/mem_scene_00025.png,dominant_particle_family,Which suspicious particle family is most common in this membrane field?,fibers,fragments,beads,films,D,easy,clear,diagonal_streak,standard,films,upper_left,red,7,6-8,light edge clogging,count now,31
mpq_1858e20ea48b1b,mem_scene_00025,images/mem_scene_00025.png,hotspot_quadrant,Which quadrant contains the densest suspicious-particle hotspot?,upper left,upper right,lower left,lower right,A,easy,clear,diagonal_streak,standard,films,upper_left,red,7,6-8,light edge clogging,count now,31
mpq_46088d239e3771,mem_scene_00025,images/mem_scene_00025.png,fiber_tint,What tint is most common among the visible fibers?,blue,red,black,clear or pale,B,easy,clear,diagonal_streak,standard,films,upper_left,red,7,6-8,light edge clogging,count now,31
mpq_71c40c6187b8a8,mem_scene_00025,images/mem_scene_00025.png,bead_count,How many round bead-like microplastic particles are visible?,0-12,13-18,19-24,25 or more,A,easy,clear,diagonal_streak,standard,films,upper_left,red,7,0-12,light edge clogging,count now,31
mpq_43f6eff7a306d5,mem_scene_00025,images/mem_scene_00025.png,clogging_state,Which membrane clogging pattern best describes this field?,open pores,light edge clogging,central mat clogging,patchy multi-zone clogging,B,easy,clear,diagonal_streak,standard,films,upper_left,red,7,6-8,light edge clogging,count now,31
mpq_f8a0995b7cb77f,mem_scene_00025,images/mem_scene_00025.png,qc_action,What is the best next triage action for this field of view?,count now,reimage focus,dilute and refilter,manual review,A,easy,clear,diagonal_streak,standard,films,upper_left,red,7,6-8,light edge clogging,count now,31
mpq_fca35cfce58791,mem_scene_00026,images/mem_scene_00026.png,dominant_particle_family,Which suspicious particle family is most common in this membrane field?,fibers,fragments,beads,films,A,hard,low_contrast,diagonal_streak,edge_shadow,fibers,upper_right,blue,21,9 or more,open pores,reimage focus,105
mpq_fa931b1e8f47cb,mem_scene_00026,images/mem_scene_00026.png,hotspot_quadrant,Which quadrant contains the densest suspicious-particle hotspot?,upper left,upper right,lower left,lower right,B,hard,low_contrast,diagonal_streak,edge_shadow,fibers,upper_right,blue,21,9 or more,open pores,reimage focus,105
mpq_7e553167149bc2,mem_scene_00026,images/mem_scene_00026.png,fiber_tint,What tint is most common among the visible fibers?,blue,red,black,clear or pale,A,hard,low_contrast,diagonal_streak,edge_shadow,fibers,upper_right,blue,21,9 or more,open pores,reimage focus,105
mpq_2d62ef1b0887f0,mem_scene_00026,images/mem_scene_00026.png,bead_count,How many round bead-like microplastic particles are visible?,0-12,13-18,19-24,25 or more,C,hard,low_contrast,diagonal_streak,edge_shadow,fibers,upper_right,blue,21,19-24,open pores,reimage focus,105
mpq_0be4312d5ae8e8,mem_scene_00026,images/mem_scene_00026.png,clogging_state,Which membrane clogging pattern best describes this field?,open pores,light edge clogging,central mat clogging,patchy multi-zone clogging,A,hard,low_contrast,diagonal_streak,edge_shadow,fibers,upper_right,blue,21,9 or more,open pores,reimage focus,105
mpq_b1d173e5a30ce2,mem_scene_00026,images/mem_scene_00026.png,qc_action,What is the best next triage action for this field of view?,count now,reimage focus,dilute and refilter,manual review,B,hard,low_contrast,diagonal_streak,edge_shadow,fibers,upper_right,blue,21,9 or more,open pores,reimage focus,105
mpq_2927e805772673,mem_scene_00027,images/mem_scene_00027.png,dominant_particle_family,Which suspicious particle family is most common in this membrane field?,fibers,fragments,beads,films,A,hard,glare,diagonal_streak,standard,fibers,upper_right,black,18,9 or more,light edge clogging,reimage focus,108
mpq_aa94b42b55fde3,mem_scene_00027,images/mem_scene_00027.png,hotspot_quadrant,Which quadrant contains the densest suspicious-particle hotspot?,upper left,upper right,lower left,lower right,B,hard,glare,diagonal_streak,standard,fibers,upper_right,black,18,9 or more,light edge clogging,reimage focus,108
mpq_6a5f736753de0a,mem_scene_00027,images/mem_scene_00027.png,fiber_tint,What tint is most common among the visible fibers?,blue,red,black,clear or pale,C,hard,glare,diagonal_streak,standard,fibers,upper_right,black,18,9 or more,light edge clogging,reimage focus,108
mpq_d0b9ebf60fb011,mem_scene_00027,images/mem_scene_00027.png,bead_count,How many round bead-like microplastic particles are visible?,0-12,13-18,19-24,25 or more,B,hard,glare,diagonal_streak,standard,fibers,upper_right,black,18,13-18,light edge clogging,reimage focus,108
mpq_9cba2164c69fc1,mem_scene_00027,images/mem_scene_00027.png,clogging_state,Which membrane clogging pattern best describes this field?,open pores,light edge clogging,central mat clogging,patchy multi-zone clogging,B,hard,glare,diagonal_streak,standard,fibers,upper_right,black,18,9 or more,light edge clogging,reimage focus,108
mpq_8f5496cd6fe792,mem_scene_00027,images/mem_scene_00027.png,qc_action,What is the best next triage action for this field of view?,count now,reimage focus,dilute and refilter,manual review,B,hard,glare,diagonal_streak,standard,fibers,upper_right,black,18,9 or more,light edge clogging,reimage focus,108
mpq_63d6d144a39d65,mem_scene_00028,images/mem_scene_00028.png,dominant_particle_family,Which suspicious particle family is most common in this membrane field?,fibers,fragments,beads,films,D,medium,clear,centered,standard,films,lower_right,blue,9,9 or more,central mat clogging,count now,52
mpq_246d2bd784cdab,mem_scene_00028,images/mem_scene_00028.png,hotspot_quadrant,Which quadrant contains the densest suspicious-particle hotspot?,upper left,upper right,lower left,lower right,D,medium,clear,centered,standard,films,lower_right,blue,9,9 or more,central mat clogging,count now,52
mpq_ecc1c766c57223,mem_scene_00028,images/mem_scene_00028.png,fiber_tint,What tint is most common among the visible fibers?,blue,red,black,clear or pale,A,medium,clear,centered,standard,films,lower_right,blue,9,9 or more,central mat clogging,count now,52
mpq_24bcf3a971ede2,mem_scene_00028,images/mem_scene_00028.png,bead_count,How many round bead-like microplastic particles are visible?,0-12,13-18,19-24,25 or more,A,medium,clear,centered,standard,films,lower_right,blue,9,0-12,central mat clogging,count now,52
mpq_076b2278ed197d,mem_scene_00028,images/mem_scene_00028.png,clogging_state,Which membrane clogging pattern best describes this field?,open pores,light edge clogging,central mat clogging,patchy multi-zone clogging,C,medium,clear,centered,standard,films,lower_right,blue,9,9 or more,central mat clogging,count now,52
mpq_5ff93ddebadad4,mem_scene_00028,images/mem_scene_00028.png,qc_action,What is the best next triage action for this field of view?,count now,reimage focus,dilute and refilter,manual review,A,medium,clear,centered,standard,films,lower_right,blue,9,9 or more,central mat clogging,count now,52
mpq_0c90ffdfccf53c,mem_scene_00029,images/mem_scene_00029.png,dominant_particle_family,Which suspicious particle family is most common in this membrane field?,fibers,fragments,beads,films,C,hard,clear,diagonal_streak,bubble_ring,beads,lower_right,black,51,9 or more,light edge clogging,manual review,121
mpq_ff1937b7e3854a,mem_scene_00029,images/mem_scene_00029.png,hotspot_quadrant,Which quadrant contains the densest suspicious-particle hotspot?,upper left,upper right,lower left,lower right,D,hard,clear,diagonal_streak,bubble_ring,beads,lower_right,black,51,9 or more,light edge clogging,manual review,121
mpq_bec1597b8a5342,mem_scene_00029,images/mem_scene_00029.png,fiber_tint,What tint is most common among the visible fibers?,blue,red,black,clear or pale,C,hard,clear,diagonal_streak,bubble_ring,beads,lower_right,black,51,9 or more,light edge clogging,manual review,121
mpq_650fde3c708308,mem_scene_00029,images/mem_scene_00029.png,bead_count,How many round bead-like microplastic particles are visible?,0-12,13-18,19-24,25 or more,D,hard,clear,diagonal_streak,bubble_ring,beads,lower_right,black,51,25 or more,light edge clogging,manual review,121
mpq_e6fe1a65b95372,mem_scene_00029,images/mem_scene_00029.png,clogging_state,Which membrane clogging pattern best describes this field?,open pores,light edge clogging,central mat clogging,patchy multi-zone clogging,B,hard,clear,diagonal_streak,bubble_ring,beads,lower_right,black,51,9 or more,light edge clogging,manual review,121
mpq_3a6e2c7d384d22,mem_scene_00029,images/mem_scene_00029.png,qc_action,What is the best next triage action for this field of view?,count now,reimage focus,dilute and refilter,manual review,D,hard,clear,diagonal_streak,bubble_ring,beads,lower_right,black,51,9 or more,light edge clogging,manual review,121
mpq_1fa738d08bc8dc,mem_scene_00030,images/mem_scene_00030.png,dominant_particle_family,Which suspicious particle family is most common in this membrane field?,fibers,fragments,beads,films,A,medium,clear,ring_bias,standard,fibers,upper_left,blue,10,9 or more,light edge clogging,count now,70
mpq_edad3f87b7c25a,mem_scene_00030,images/mem_scene_00030.png,hotspot_quadrant,Which quadrant contains the densest suspicious-particle hotspot?,upper left,upper right,lower left,lower right,A,medium,clear,ring_bias,standard,fibers,upper_left,blue,10,9 or more,light edge clogging,count now,70
mpq_60bd7ab7cd1710,mem_scene_00030,images/mem_scene_00030.png,fiber_tint,What tint is most common among the visible fibers?,blue,red,black,clear or pale,A,medium,clear,ring_bias,standard,fibers,upper_left,blue,10,9 or more,light edge clogging,count now,70
mpq_318bbc992a217a,mem_scene_00030,images/mem_scene_00030.png,bead_count,How many round bead-like microplastic particles are visible?,0-12,13-18,19-24,25 or more,A,medium,clear,ring_bias,standard,fibers,upper_left,blue,10,0-12,light edge clogging,count now,70
mpq_0531ef031fbf01,mem_scene_00030,images/mem_scene_00030.png,clogging_state,Which membrane clogging pattern best describes this field?,open pores,light edge clogging,central mat clogging,patchy multi-zone clogging,B,medium,clear,ring_bias,standard,fibers,upper_left,blue,10,9 or more,light edge clogging,count now,70
mpq_6985c7219c8250,mem_scene_00030,images/mem_scene_00030.png,qc_action,What is the best next triage action for this field of view?,count now,reimage focus,dilute and refilter,manual review,A,medium,clear,ring_bias,standard,fibers,upper_left,blue,10,9 or more,light edge clogging,count now,70
mpq_67e4da54f462dc,mem_scene_00031,images/mem_scene_00031.png,dominant_particle_family,Which suspicious particle family is most common in this membrane field?,fibers,fragments,beads,films,D,hard,clear,diagonal_streak,standard,films,upper_left,blue,16,9 or more,open pores,count now,114
mpq_f2b14c0a7e22d9,mem_scene_00031,images/mem_scene_00031.png,hotspot_quadrant,Which quadrant contains the densest suspicious-particle hotspot?,upper left,upper right,lower left,lower right,A,hard,clear,diagonal_streak,standard,films,upper_left,blue,16,9 or more,open pores,count now,114
mpq_abd643b31ad77b,mem_scene_00031,images/mem_scene_00031.png,fiber_tint,What tint is most common among the visible fibers?,blue,red,black,clear or pale,A,hard,clear,diagonal_streak,standard,films,upper_left,blue,16,9 or more,open pores,count now,114
mpq_a42548d9669be4,mem_scene_00031,images/mem_scene_00031.png,bead_count,How many round bead-like microplastic particles are visible?,0-12,13-18,19-24,25 or more,B,hard,clear,diagonal_streak,standard,films,upper_left,blue,16,13-18,open pores,count now,114
mpq_e6659f651abc4d,mem_scene_00031,images/mem_scene_00031.png,clogging_state,Which membrane clogging pattern best describes this field?,open pores,light edge clogging,central mat clogging,patchy multi-zone clogging,A,hard,clear,diagonal_streak,standard,films,upper_left,blue,16,9 or more,open pores,count now,114
mpq_b15019e379d198,mem_scene_00031,images/mem_scene_00031.png,qc_action,What is the best next triage action for this field of view?,count now,reimage focus,dilute and refilter,manual review,A,hard,clear,diagonal_streak,standard,films,upper_left,blue,16,9 or more,open pores,count now,114
mpq_c18065e7fc0f9c,mem_scene_00032,images/mem_scene_00032.png,dominant_particle_family,Which suspicious particle family is most common in this membrane field?,fibers,fragments,beads,films,D,hard,low_contrast,ring_bias,blue_stain,films,lower_left,blue,18,9 or more,open pores,reimage focus,106
mpq_44c964b906aae1,mem_scene_00032,images/mem_scene_00032.png,hotspot_quadrant,Which quadrant contains the densest suspicious-particle hotspot?,upper left,upper right,lower left,lower right,C,hard,low_contrast,ring_bias,blue_stain,films,lower_left,blue,18,9 or more,open pores,reimage focus,106
mpq_bccc7e4f8065dd,mem_scene_00032,images/mem_scene_00032.png,fiber_tint,What tint is most common among the visible fibers?,blue,red,black,clear or pale,A,hard,low_contrast,ring_bias,blue_stain,films,lower_left,blue,18,9 or more,open pores,reimage focus,106
mpq_4e8725962e578e,mem_scene_00032,images/mem_scene_00032.png,bead_count,How many round bead-like microplastic particles are visible?,0-12,13-18,19-24,25 or more,B,hard,low_contrast,ring_bias,blue_stain,films,lower_left,blue,18,13-18,open pores,reimage focus,106
mpq_e863f52a278b51,mem_scene_00032,images/mem_scene_00032.png,clogging_state,Which membrane clogging pattern best describes this field?,open pores,light edge clogging,central mat clogging,patchy multi-zone clogging,A,hard,low_contrast,ring_bias,blue_stain,films,lower_left,blue,18,9 or more,open pores,reimage focus,106
mpq_61560896cecee1,mem_scene_00032,images/mem_scene_00032.png,qc_action,What is the best next triage action for this field of view?,count now,reimage focus,dilute and refilter,manual review,B,hard,low_contrast,ring_bias,blue_stain,films,lower_left,blue,18,9 or more,open pores,reimage focus,106
mpq_8a20aeed1a4d92,mem_scene_00033,images/mem_scene_00033.png,dominant_particle_family,Which suspicious particle family is most common in this membrane field?,fibers,fragments,beads,films,D,easy,overloaded,edge_loaded,standard,films,upper_left,clear or pale,8,6-8,patchy multi-zone clogging,dilute and refilter,42
mpq_c2a59efac76758,mem_scene_00033,images/mem_scene_00033.png,hotspot_quadrant,Which quadrant contains the densest suspicious-particle hotspot?,upper left,upper right,lower left,lower right,A,easy,overloaded,edge_loaded,standard,films,upper_left,clear or pale,8,6-8,patchy multi-zone clogging,dilute and refilter,42
mpq_9df012c6bdc66a,mem_scene_00033,images/mem_scene_00033.png,fiber_tint,What tint is most common among the visible fibers?,blue,red,black,clear or pale,D,easy,overloaded,edge_loaded,standard,films,upper_left,clear or pale,8,6-8,patchy multi-zone clogging,dilute and refilter,42
mpq_9b6fc96f6af435,mem_scene_00033,images/mem_scene_00033.png,bead_count,How many round bead-like microplastic particles are visible?,0-12,13-18,19-24,25 or more,A,easy,overloaded,edge_loaded,standard,films,upper_left,clear or pale,8,0-12,patchy multi-zone clogging,dilute and refilter,42
mpq_1ccbc5bf6d465b,mem_scene_00033,images/mem_scene_00033.png,clogging_state,Which membrane clogging pattern best describes this field?,open pores,light edge clogging,central mat clogging,patchy multi-zone clogging,D,easy,overloaded,edge_loaded,standard,films,upper_left,clear or pale,8,6-8,patchy multi-zone clogging,dilute and refilter,42
mpq_126f2724560dee,mem_scene_00033,images/mem_scene_00033.png,qc_action,What is the best next triage action for this field of view?,count now,reimage focus,dilute and refilter,manual review,C,easy,overloaded,edge_loaded,standard,films,upper_left,clear or pale,8,6-8,patchy multi-zone clogging,dilute and refilter,42
mpq_258a14573d678f,mem_scene_00034,images/mem_scene_00034.png,dominant_particle_family,Which suspicious particle family is most common in this membrane field?,fibers,fragments,beads,films,B,medium,clear,ring_bias,standard,fragments,lower_right,black,12,9 or more,light edge clogging,count now,70
mpq_33a029310f8f4a,mem_scene_00034,images/mem_scene_00034.png,hotspot_quadrant,Which quadrant contains the densest suspicious-particle hotspot?,upper left,upper right,lower left,lower right,D,medium,clear,ring_bias,standard,fragments,lower_right,black,12,9 or more,light edge clogging,count now,70
mpq_f278c7dbb309f3,mem_scene_00034,images/mem_scene_00034.png,fiber_tint,What tint is most common among the visible fibers?,blue,red,black,clear or pale,C,medium,clear,ring_bias,standard,fragments,lower_right,black,12,9 or more,light edge clogging,count now,70
mpq_ccbc32df6bd62a,mem_scene_00034,images/mem_scene_00034.png,bead_count,How many round bead-like microplastic particles are visible?,0-12,13-18,19-24,25 or more,A,medium,clear,ring_bias,standard,fragments,lower_right,black,12,0-12,light edge clogging,count now,70
mpq_7812f8cba7d0c2,mem_scene_00034,images/mem_scene_00034.png,clogging_state,Which membrane clogging pattern best describes this field?,open pores,light edge clogging,central mat clogging,patchy multi-zone clogging,B,medium,clear,ring_bias,standard,fragments,lower_right,black,12,9 or more,light edge clogging,count now,70
mpq_2bac6b6044ce45,mem_scene_00034,images/mem_scene_00034.png,qc_action,What is the best next triage action for this field of view?,count now,reimage focus,dilute and refilter,manual review,A,medium,clear,ring_bias,standard,fragments,lower_right,black,12,9 or more,light edge clogging,count now,70
mpq_8777b9047adf0b,mem_scene_00035,images/mem_scene_00035.png,dominant_particle_family,Which suspicious particle family is most common in this membrane field?,fibers,fragments,beads,films,A,hard,biofilm,centered,standard,fibers,lower_left,clear or pale,19,9 or more,light edge clogging,manual review,91
mpq_ca1de9ac1f2f1c,mem_scene_00035,images/mem_scene_00035.png,hotspot_quadrant,Which quadrant contains the densest suspicious-particle hotspot?,upper left,upper right,lower left,lower right,C,hard,biofilm,centered,standard,fibers,lower_left,clear or pale,19,9 or more,light edge clogging,manual review,91
mpq_4c84888b73aa60,mem_scene_00035,images/mem_scene_00035.png,fiber_tint,What tint is most common among the visible fibers?,blue,red,black,clear or pale,D,hard,biofilm,centered,standard,fibers,lower_left,clear or pale,19,9 or more,light edge clogging,manual review,91
mpq_b34a42ecf6afbe,mem_scene_00035,images/mem_scene_00035.png,bead_count,How many round bead-like microplastic particles are visible?,0-12,13-18,19-24,25 or more,C,hard,biofilm,centered,standard,fibers,lower_left,clear or pale,19,19-24,light edge clogging,manual review,91
mpq_4ecd4c8bd017f3,mem_scene_00035,images/mem_scene_00035.png,clogging_state,Which membrane clogging pattern best describes this field?,open pores,light edge clogging,central mat clogging,patchy multi-zone clogging,B,hard,biofilm,centered,standard,fibers,lower_left,clear or pale,19,9 or more,light edge clogging,manual review,91
mpq_edc34f32360dee,mem_scene_00035,images/mem_scene_00035.png,qc_action,What is the best next triage action for this field of view?,count now,reimage focus,dilute and refilter,manual review,D,hard,biofilm,centered,standard,fibers,lower_left,clear or pale,19,9 or more,light edge clogging,manual review,91
mpq_a92853fb1b5519,mem_scene_00036,images/mem_scene_00036.png,dominant_particle_family,Which suspicious particle family is most common in this membrane field?,fibers,fragments,beads,films,B,medium,biofilm,diagonal_streak,blue_stain,fragments,lower_right,clear or pale,15,9 or more,central mat clogging,manual review,52
mpq_19eae48631a555,mem_scene_00036,images/mem_scene_00036.png,hotspot_quadrant,Which quadrant contains the densest suspicious-particle hotspot?,upper left,upper right,lower left,lower right,D,medium,biofilm,diagonal_streak,blue_stain,fragments,lower_right,clear or pale,15,9 or more,central mat clogging,manual review,52
mpq_d040c306bd2d38,mem_scene_00036,images/mem_scene_00036.png,fiber_tint,What tint is most common among the visible fibers?,blue,red,black,clear or pale,D,medium,biofilm,diagonal_streak,blue_stain,fragments,lower_right,clear or pale,15,9 or more,central mat clogging,manual review,52
mpq_7032e1e79e35b6,mem_scene_00036,images/mem_scene_00036.png,bead_count,How many round bead-like microplastic particles are visible?,0-12,13-18,19-24,25 or more,B,medium,biofilm,diagonal_streak,blue_stain,fragments,lower_right,clear or pale,15,13-18,central mat clogging,manual review,52
mpq_297efaf9d48ae7,mem_scene_00036,images/mem_scene_00036.png,clogging_state,Which membrane clogging pattern best describes this field?,open pores,light edge clogging,central mat clogging,patchy multi-zone clogging,C,medium,biofilm,diagonal_streak,blue_stain,fragments,lower_right,clear or pale,15,9 or more,central mat clogging,manual review,52
mpq_f8499ec4c942f5,mem_scene_00036,images/mem_scene_00036.png,qc_action,What is the best next triage action for this field of view?,count now,reimage focus,dilute and refilter,manual review,D,medium,biofilm,diagonal_streak,blue_stain,fragments,lower_right,clear or pale,15,9 or more,central mat clogging,manual review,52
mpq_cb647ec7c5deb9,mem_scene_00037,images/mem_scene_00037.png,dominant_particle_family,Which suspicious particle family is most common in this membrane field?,fibers,fragments,beads,films,A,hard,glare,centered,standard,fibers,upper_left,blue,21,9 or more,patchy multi-zone clogging,reimage focus,114
mpq_ced87bdcbd693d,mem_scene_00037,images/mem_scene_00037.png,hotspot_quadrant,Which quadrant contains the densest suspicious-particle hotspot?,upper left,upper right,lower left,lower right,A,hard,glare,centered,standard,fibers,upper_left,blue,21,9 or more,patchy multi-zone clogging,reimage focus,114
mpq_c56a8c51bc1730,mem_scene_00037,images/mem_scene_00037.png,fiber_tint,What tint is most common among the visible fibers?,blue,red,black,clear or pale,A,hard,glare,centered,standard,fibers,upper_left,blue,21,9 or more,patchy multi-zone clogging,reimage focus,114
mpq_ea3f97792f6b6a,mem_scene_00037,images/mem_scene_00037.png,bead_count,How many round bead-like microplastic particles are visible?,0-12,13-18,19-24,25 or more,C,hard,glare,centered,standard,fibers,upper_left,blue,21,19-24,patchy multi-zone clogging,reimage focus,114
mpq_bdb38389750236,mem_scene_00037,images/mem_scene_00037.png,clogging_state,Which membrane clogging pattern best describes this field?,open pores,light edge clogging,central mat clogging,patchy multi-zone clogging,D,hard,glare,centered,standard,fibers,upper_left,blue,21,9 or more,patchy multi-zone clogging,reimage focus,114
mpq_19fa49bfe8e549,mem_scene_00037,images/mem_scene_00037.png,qc_action,What is the best next triage action for this field of view?,count now,reimage focus,dilute and refilter,manual review,B,hard,glare,centered,standard,fibers,upper_left,blue,21,9 or more,patchy multi-zone clogging,reimage focus,114
mpq_fdb4c55d4c2024,mem_scene_00038,images/mem_scene_00038.png,dominant_particle_family,Which suspicious particle family is most common in this membrane field?,fibers,fragments,beads,films,B,medium,clear,diagonal_streak,bubble_ring,fragments,lower_right,blue,9,9 or more,central mat clogging,manual review,54
mpq_18303693e42808,mem_scene_00038,images/mem_scene_00038.png,hotspot_quadrant,Which quadrant contains the densest suspicious-particle hotspot?,upper left,upper right,lower left,lower right,D,medium,clear,diagonal_streak,bubble_ring,fragments,lower_right,blue,9,9 or more,central mat clogging,manual review,54
mpq_9a677e26d9fe7e,mem_scene_00038,images/mem_scene_00038.png,fiber_tint,What tint is most common among the visible fibers?,blue,red,black,clear or pale,A,medium,clear,diagonal_streak,bubble_ring,fragments,lower_right,blue,9,9 or more,central mat clogging,manual review,54
mpq_7e9078cac8bf7a,mem_scene_00038,images/mem_scene_00038.png,bead_count,How many round bead-like microplastic particles are visible?,0-12,13-18,19-24,25 or more,A,medium,clear,diagonal_streak,bubble_ring,fragments,lower_right,blue,9,0-12,central mat clogging,manual review,54
mpq_eabd44b072a4d7,mem_scene_00038,images/mem_scene_00038.png,clogging_state,Which membrane clogging pattern best describes this field?,open pores,light edge clogging,central mat clogging,patchy multi-zone clogging,C,medium,clear,diagonal_streak,bubble_ring,fragments,lower_right,blue,9,9 or more,central mat clogging,manual review,54
mpq_2094c3dbce4daf,mem_scene_00038,images/mem_scene_00038.png,qc_action,What is the best next triage action for this field of view?,count now,reimage focus,dilute and refilter,manual review,D,medium,clear,diagonal_streak,bubble_ring,fragments,lower_right,blue,9,9 or more,central mat clogging,manual review,54
mpq_1eafa8d4c6a8b5,mem_scene_00039,images/mem_scene_00039.png,dominant_particle_family,Which suspicious particle family is most common in this membrane field?,fibers,fragments,beads,films,C,medium,overloaded,centered,blue_stain,beads,upper_left,black,22,9 or more,patchy multi-zone clogging,dilute and refilter,53
mpq_2af2f973eb6c2f,mem_scene_00039,images/mem_scene_00039.png,hotspot_quadrant,Which quadrant contains the densest suspicious-particle hotspot?,upper left,upper right,lower left,lower right,A,medium,overloaded,centered,blue_stain,beads,upper_left,black,22,9 or more,patchy multi-zone clogging,dilute and refilter,53
mpq_eeaf8f85563b6e,mem_scene_00039,images/mem_scene_00039.png,fiber_tint,What tint is most common among the visible fibers?,blue,red,black,clear or pale,C,medium,overloaded,centered,blue_stain,beads,upper_left,black,22,9 or more,patchy multi-zone clogging,dilute and refilter,53
mpq_57e32dc87d3436,mem_scene_00039,images/mem_scene_00039.png,bead_count,How many round bead-like microplastic particles are visible?,0-12,13-18,19-24,25 or more,C,medium,overloaded,centered,blue_stain,beads,upper_left,black,22,19-24,patchy multi-zone clogging,dilute and refilter,53
mpq_054f7ad4fa9c8f,mem_scene_00039,images/mem_scene_00039.png,clogging_state,Which membrane clogging pattern best describes this field?,open pores,light edge clogging,central mat clogging,patchy multi-zone clogging,D,medium,overloaded,centered,blue_stain,beads,upper_left,black,22,9 or more,patchy multi-zone clogging,dilute and refilter,53
mpq_85c38efd6df45e,mem_scene_00039,images/mem_scene_00039.png,qc_action,What is the best next triage action for this field of view?,count now,reimage focus,dilute and refilter,manual review,C,medium,overloaded,centered,blue_stain,beads,upper_left,black,22,9 or more,patchy multi-zone clogging,dilute and refilter,53
mpq_3e55443f005eea,mem_scene_00040,images/mem_scene_00040.png,dominant_particle_family,Which suspicious particle family is most common in this membrane field?,fibers,fragments,beads,films,A,easy,low_contrast,centered,bubble_ring,fibers,upper_right,blue,8,6-8,central mat clogging,manual review,43
mpq_136fd33a9c59ff,mem_scene_00040,images/mem_scene_00040.png,hotspot_quadrant,Which quadrant contains the densest suspicious-particle hotspot?,upper left,upper right,lower left,lower right,B,easy,low_contrast,centered,bubble_ring,fibers,upper_right,blue,8,6-8,central mat clogging,manual review,43
mpq_5e8450cb3d6d37,mem_scene_00040,images/mem_scene_00040.png,fiber_tint,What tint is most common among the visible fibers?,blue,red,black,clear or pale,A,easy,low_contrast,centered,bubble_ring,fibers,upper_right,blue,8,6-8,central mat clogging,manual review,43
mpq_61d4d0bf0af13a,mem_scene_00040,images/mem_scene_00040.png,bead_count,How many round bead-like microplastic particles are visible?,0-12,13-18,19-24,25 or more,A,easy,low_contrast,centered,bubble_ring,fibers,upper_right,blue,8,0-12,central mat clogging,manual review,43
mpq_ae7e7f909f07f5,mem_scene_00040,images/mem_scene_00040.png,clogging_state,Which membrane clogging pattern best describes this field?,open pores,light edge clogging,central mat clogging,patchy multi-zone clogging,C,easy,low_contrast,centered,bubble_ring,fibers,upper_right,blue,8,6-8,central mat clogging,manual review,43
mpq_76c83c3d8fa38d,mem_scene_00040,images/mem_scene_00040.png,qc_action,What is the best next triage action for this field of view?,count now,reimage focus,dilute and refilter,manual review,B,easy,low_contrast,centered,bubble_ring,fibers,upper_right,blue,8,6-8,central mat clogging,reimage focus,43
mpq_9aa34959bbb92d,mem_scene_00041,images/mem_scene_00041.png,dominant_particle_family,Which suspicious particle family is most common in this membrane field?,fibers,fragments,beads,films,A,hard,clear,ring_bias,standard,fibers,upper_right,blue,21,9 or more,light edge clogging,count now,97
mpq_d80a6070844838,mem_scene_00041,images/mem_scene_00041.png,hotspot_quadrant,Which quadrant contains the densest suspicious-particle hotspot?,upper left,upper right,lower left,lower right,B,hard,clear,ring_bias,standard,fibers,upper_right,blue,21,9 or more,light edge clogging,count now,97
mpq_12acfe6f219712,mem_scene_00041,images/mem_scene_00041.png,fiber_tint,What tint is most common among the visible fibers?,blue,red,black,clear or pale,A,hard,clear,ring_bias,standard,fibers,upper_right,blue,21,9 or more,light edge clogging,count now,97
mpq_8aa45301a368a0,mem_scene_00041,images/mem_scene_00041.png,bead_count,How many round bead-like microplastic particles are visible?,0-12,13-18,19-24,25 or more,C,hard,clear,ring_bias,standard,fibers,upper_right,blue,21,19-24,light edge clogging,count now,97
mpq_5f104eac4b785b,mem_scene_00041,images/mem_scene_00041.png,clogging_state,Which membrane clogging pattern best describes this field?,open pores,light edge clogging,central mat clogging,patchy multi-zone clogging,B,hard,clear,ring_bias,standard,fibers,upper_right,blue,21,9 or more,light edge clogging,count now,97
mpq_ea5882443780b3,mem_scene_00041,images/mem_scene_00041.png,qc_action,What is the best next triage action for this field of view?,count now,reimage focus,dilute and refilter,manual review,A,hard,clear,ring_bias,standard,fibers,upper_right,blue,21,9 or more,light edge clogging,count now,97
mpq_902b9b4cafcadf,mem_scene_00042,images/mem_scene_00042.png,dominant_particle_family,Which suspicious particle family is most common in this membrane field?,fibers,fragments,beads,films,B,easy,clear,centered,edge_shadow,fragments,upper_left,black,6,6-8,open pores,manual review,24
mpq_379e5882f813bc,mem_scene_00042,images/mem_scene_00042.png,hotspot_quadrant,Which quadrant contains the densest suspicious-particle hotspot?,upper left,upper right,lower left,lower right,A,easy,clear,centered,edge_shadow,fragments,upper_left,black,6,6-8,open pores,manual review,24
mpq_02379eb6c6c6f3,mem_scene_00042,images/mem_scene_00042.png,fiber_tint,What tint is most common among the visible fibers?,blue,red,black,clear or pale,C,easy,clear,centered,edge_shadow,fragments,upper_left,black,6,6-8,open pores,manual review,24
mpq_23142773068457,mem_scene_00042,images/mem_scene_00042.png,bead_count,How many round bead-like microplastic particles are visible?,0-12,13-18,19-24,25 or more,A,easy,clear,centered,edge_shadow,fragments,upper_left,black,6,0-12,open pores,manual review,24
mpq_70fd8b784fbf86,mem_scene_00042,images/mem_scene_00042.png,clogging_state,Which membrane clogging pattern best describes this field?,open pores,light edge clogging,central mat clogging,patchy multi-zone clogging,A,easy,clear,centered,edge_shadow,fragments,upper_left,black,6,6-8,open pores,manual review,24
mpq_78cdb65202758d,mem_scene_00042,images/mem_scene_00042.png,qc_action,What is the best next triage action for this field of view?,count now,reimage focus,dilute and refilter,manual review,D,easy,clear,centered,edge_shadow,fragments,upper_left,black,6,6-8,open pores,manual review,24
mpq_5254b753a6bf3e,mem_scene_00043,images/mem_scene_00043.png,dominant_particle_family,Which suspicious particle family is most common in this membrane field?,fibers,fragments,beads,films,C,medium,glare,edge_loaded,standard,beads,upper_right,blue,19,9 or more,open pores,count now,56
mpq_adc2104dd957ec,mem_scene_00043,images/mem_scene_00043.png,hotspot_quadrant,Which quadrant contains the densest suspicious-particle hotspot?,upper left,upper right,lower left,lower right,B,medium,glare,edge_loaded,standard,beads,upper_right,blue,19,9 or more,open pores,count now,56
mpq_8a8af3d8e9c329,mem_scene_00043,images/mem_scene_00043.png,fiber_tint,What tint is most common among the visible fibers?,blue,red,black,clear or pale,A,medium,glare,edge_loaded,standard,beads,upper_right,blue,19,9 or more,open pores,count now,56
mpq_54f5565b488823,mem_scene_00043,images/mem_scene_00043.png,bead_count,How many round bead-like microplastic particles are visible?,0-12,13-18,19-24,25 or more,C,medium,glare,edge_loaded,standard,beads,upper_right,blue,19,19-24,open pores,count now,56
mpq_b407f847fcbd7b,mem_scene_00043,images/mem_scene_00043.png,clogging_state,Which membrane clogging pattern best describes this field?,open pores,light edge clogging,central mat clogging,patchy multi-zone clogging,A,medium,glare,edge_loaded,standard,beads,upper_right,blue,19,9 or more,open pores,count now,56
mpq_911c27d38d6af2,mem_scene_00043,images/mem_scene_00043.png,qc_action,What is the best next triage action for this field of view?,count now,reimage focus,dilute and refilter,manual review,B,medium,glare,edge_loaded,standard,beads,upper_right,blue,19,9 or more,open pores,reimage focus,56
mpq_fc93cd696e5cf8,mem_scene_00044,images/mem_scene_00044.png,dominant_particle_family,Which suspicious particle family is most common in this membrane field?,fibers,fragments,beads,films,B,medium,biofilm,diagonal_streak,standard,fragments,upper_left,blue,11,9 or more,open pores,manual review,54
mpq_a58f8f33e1650e,mem_scene_00044,images/mem_scene_00044.png,hotspot_quadrant,Which quadrant contains the densest suspicious-particle hotspot?,upper left,upper right,lower left,lower right,A,medium,biofilm,diagonal_streak,standard,fragments,upper_left,blue,11,9 or more,open pores,manual review,54
mpq_67d88bd5c157f2,mem_scene_00044,images/mem_scene_00044.png,fiber_tint,What tint is most common among the visible fibers?,blue,red,black,clear or pale,A,medium,biofilm,diagonal_streak,standard,fragments,upper_left,blue,11,9 or more,open pores,manual review,54
mpq_b2de8ee7a6f4d0,mem_scene_00044,images/mem_scene_00044.png,bead_count,How many round bead-like microplastic particles are visible?,0-12,13-18,19-24,25 or more,A,medium,biofilm,diagonal_streak,standard,fragments,upper_left,blue,11,0-12,open pores,manual review,54
mpq_5b3ff70f87d9b9,mem_scene_00044,images/mem_scene_00044.png,clogging_state,Which membrane clogging pattern best describes this field?,open pores,light edge clogging,central mat clogging,patchy multi-zone clogging,A,medium,biofilm,diagonal_streak,standard,fragments,upper_left,blue,11,9 or more,open pores,manual review,54
mpq_b6584102b47847,mem_scene_00044,images/mem_scene_00044.png,qc_action,What is the best next triage action for this field of view?,count now,reimage focus,dilute and refilter,manual review,D,medium,biofilm,diagonal_streak,standard,fragments,upper_left,blue,11,9 or more,open pores,manual review,54
mpq_1e66dd08e617a2,mem_scene_00045,images/mem_scene_00045.png,dominant_particle_family,Which suspicious particle family is most common in this membrane field?,fibers,fragments,beads,films,D,hard,clear,edge_loaded,standard,films,lower_left,blue,20,9 or more,patchy multi-zone clogging,dilute and refilter,82
mpq_62cc1c7d68cc57,mem_scene_00045,images/mem_scene_00045.png,hotspot_quadrant,Which quadrant contains the densest suspicious-particle hotspot?,upper left,upper right,lower left,lower right,C,hard,clear,edge_loaded,standard,films,lower_left,blue,20,9 or more,patchy multi-zone clogging,dilute and refilter,82
mpq_2d14870e2b2373,mem_scene_00045,images/mem_scene_00045.png,fiber_tint,What tint is most common among the visible fibers?,blue,red,black,clear or pale,A,hard,clear,edge_loaded,standard,films,lower_left,blue,20,9 or more,patchy multi-zone clogging,dilute and refilter,82
mpq_bbf0ca2dae511e,mem_scene_00045,images/mem_scene_00045.png,bead_count,How many round bead-like microplastic particles are visible?,0-12,13-18,19-24,25 or more,C,hard,clear,edge_loaded,standard,films,lower_left,blue,20,19-24,patchy multi-zone clogging,dilute and refilter,82
mpq_c3847b77b84e0a,mem_scene_00045,images/mem_scene_00045.png,clogging_state,Which membrane clogging pattern best describes this field?,open pores,light edge clogging,central mat clogging,patchy multi-zone clogging,D,hard,clear,edge_loaded,standard,films,lower_left,blue,20,9 or more,patchy multi-zone clogging,dilute and refilter,82
mpq_b5210e47ebc23f,mem_scene_00045,images/mem_scene_00045.png,qc_action,What is the best next triage action for this field of view?,count now,reimage focus,dilute and refilter,manual review,C,hard,clear,edge_loaded,standard,films,lower_left,blue,20,9 or more,patchy multi-zone clogging,dilute and refilter,82
mpq_945f5aa7f187c4,mem_scene_00046,images/mem_scene_00046.png,dominant_particle_family,Which suspicious particle family is most common in this membrane field?,fibers,fragments,beads,films,B,medium,biofilm,centered,edge_shadow,fragments,lower_right,black,12,9 or more,light edge clogging,manual review,58
mpq_ef8197f15481ca,mem_scene_00046,images/mem_scene_00046.png,hotspot_quadrant,Which quadrant contains the densest suspicious-particle hotspot?,upper left,upper right,lower left,lower right,D,medium,biofilm,centered,edge_shadow,fragments,lower_right,black,12,9 or more,light edge clogging,manual review,58
mpq_416f8d7dcb6c63,mem_scene_00046,images/mem_scene_00046.png,fiber_tint,What tint is most common among the visible fibers?,blue,red,black,clear or pale,C,medium,biofilm,centered,edge_shadow,fragments,lower_right,black,12,9 or more,light edge clogging,manual review,58
mpq_88a61dae30de02,mem_scene_00046,images/mem_scene_00046.png,bead_count,How many round bead-like microplastic particles are visible?,0-12,13-18,19-24,25 or more,A,medium,biofilm,centered,edge_shadow,fragments,lower_right,black,12,0-12,light edge clogging,manual review,58
mpq_83a085c601ee2b,mem_scene_00046,images/mem_scene_00046.png,clogging_state,Which membrane clogging pattern best describes this field?,open pores,light edge clogging,central mat clogging,patchy multi-zone clogging,B,medium,biofilm,centered,edge_shadow,fragments,lower_right,black,12,9 or more,light edge clogging,manual review,58
mpq_bfaa47e032893b,mem_scene_00046,images/mem_scene_00046.png,qc_action,What is the best next triage action for this field of view?,count now,reimage focus,dilute and refilter,manual review,D,medium,biofilm,centered,edge_shadow,fragments,lower_right,black,12,9 or more,light edge clogging,manual review,58
mpq_0cff29827caaf1,mem_scene_00047,images/mem_scene_00047.png,dominant_particle_family,Which suspicious particle family is most common in this membrane field?,fibers,fragments,beads,films,D,medium,overloaded,centered,edge_shadow,films,lower_right,black,16,9 or more,light edge clogging,dilute and refilter,69
mpq_898aaf0749f7fc,mem_scene_00047,images/mem_scene_00047.png,hotspot_quadrant,Which quadrant contains the densest suspicious-particle hotspot?,upper left,upper right,lower left,lower right,D,medium,overloaded,centered,edge_shadow,films,lower_right,black,16,9 or more,light edge clogging,dilute and refilter,69
mpq_2a2b15e5fa084a,mem_scene_00047,images/mem_scene_00047.png,fiber_tint,What tint is most common among the visible fibers?,blue,red,black,clear or pale,C,medium,overloaded,centered,edge_shadow,films,lower_right,black,16,9 or more,light edge clogging,dilute and refilter,69
mpq_e78ea8151ac607,mem_scene_00047,images/mem_scene_00047.png,bead_count,How many round bead-like microplastic particles are visible?,0-12,13-18,19-24,25 or more,B,medium,overloaded,centered,edge_shadow,films,lower_right,black,16,13-18,light edge clogging,dilute and refilter,69
mpq_209071eea7cc7c,mem_scene_00047,images/mem_scene_00047.png,clogging_state,Which membrane clogging pattern best describes this field?,open pores,light edge clogging,central mat clogging,patchy multi-zone clogging,B,medium,overloaded,centered,edge_shadow,films,lower_right,black,16,9 or more,light edge clogging,dilute and refilter,69
mpq_924f455b39692e,mem_scene_00047,images/mem_scene_00047.png,qc_action,What is the best next triage action for this field of view?,count now,reimage focus,dilute and refilter,manual review,C,medium,overloaded,centered,edge_shadow,films,lower_right,black,16,9 or more,light edge clogging,dilute and refilter,69
mpq_c87e1674fa8274,mem_scene_00048,images/mem_scene_00048.png,dominant_particle_family,Which suspicious particle family is most common in this membrane field?,fibers,fragments,beads,films,C,easy,clear,edge_loaded,standard,beads,upper_left,black,10,9 or more,patchy multi-zone clogging,count now,26
mpq_6100971f907e11,mem_scene_00048,images/mem_scene_00048.png,hotspot_quadrant,Which quadrant contains the densest suspicious-particle hotspot?,upper left,upper right,lower left,lower right,A,easy,clear,edge_loaded,standard,beads,upper_left,black,10,9 or more,patchy multi-zone clogging,count now,26
mpq_64bc25e3de926a,mem_scene_00048,images/mem_scene_00048.png,fiber_tint,What tint is most common among the visible fibers?,blue,red,black,clear or pale,C,easy,clear,edge_loaded,standard,beads,upper_left,black,10,9 or more,patchy multi-zone clogging,count now,26
mpq_9b4399dd6e605e,mem_scene_00048,images/mem_scene_00048.png,bead_count,How many round bead-like microplastic particles are visible?,0-12,13-18,19-24,25 or more,A,easy,clear,edge_loaded,standard,beads,upper_left,black,10,0-12,patchy multi-zone clogging,count now,26
mpq_b83930ecb1fd72,mem_scene_00048,images/mem_scene_00048.png,clogging_state,Which membrane clogging pattern best describes this field?,open pores,light edge clogging,central mat clogging,patchy multi-zone clogging,D,easy,clear,edge_loaded,standard,beads,upper_left,black,10,9 or more,patchy multi-zone clogging,count now,26
mpq_4bbc077f45c2a2,mem_scene_00048,images/mem_scene_00048.png,qc_action,What is the best next triage action for this field of view?,count now,reimage focus,dilute and refilter,manual review,A,easy,clear,edge_loaded,standard,beads,upper_left,black,10,9 or more,patchy multi-zone clogging,count now,26
mpq_21b2582547423c,mem_scene_00049,images/mem_scene_00049.png,dominant_particle_family,Which suspicious particle family is most common in this membrane field?,fibers,fragments,beads,films,C,hard,low_contrast,diagonal_streak,blue_stain,beads,upper_left,blue,48,9 or more,light edge clogging,reimage focus,98
mpq_fab6644a6ada2c,mem_scene_00049,images/mem_scene_00049.png,hotspot_quadrant,Which quadrant contains the densest suspicious-particle hotspot?,upper left,upper right,lower left,lower right,A,hard,low_contrast,diagonal_streak,blue_stain,beads,upper_left,blue,48,9 or more,light edge clogging,reimage focus,98
mpq_7a01d2dc46378e,mem_scene_00049,images/mem_scene_00049.png,fiber_tint,What tint is most common among the visible fibers?,blue,red,black,clear or pale,A,hard,low_contrast,diagonal_streak,blue_stain,beads,upper_left,blue,48,9 or more,light edge clogging,reimage focus,98
mpq_5831ab334c7873,mem_scene_00049,images/mem_scene_00049.png,bead_count,How many round bead-like microplastic particles are visible?,0-12,13-18,19-24,25 or more,D,hard,low_contrast,diagonal_streak,blue_stain,beads,upper_left,blue,48,25 or more,light edge clogging,reimage focus,98
mpq_9f3e9f6534ec3f,mem_scene_00049,images/mem_scene_00049.png,clogging_state,Which membrane clogging pattern best describes this field?,open pores,light edge clogging,central mat clogging,patchy multi-zone clogging,B,hard,low_contrast,diagonal_streak,blue_stain,beads,upper_left,blue,48,9 or more,light edge clogging,reimage focus,98
mpq_811207b1b33971,mem_scene_00049,images/mem_scene_00049.png,qc_action,What is the best next triage action for this field of view?,count now,reimage focus,dilute and refilter,manual review,B,hard,low_contrast,diagonal_streak,blue_stain,beads,upper_left,blue,48,9 or more,light edge clogging,reimage focus,98
mpq_4f215cb9aa769d,mem_scene_00050,images/mem_scene_00050.png,dominant_particle_family,Which suspicious particle family is most common in this membrane field?,fibers,fragments,beads,films,D,medium,overloaded,centered,standard,films,lower_right,red,11,9 or more,open pores,dilute and refilter,48
mpq_62b82843cfe994,mem_scene_00050,images/mem_scene_00050.png,hotspot_quadrant,Which quadrant contains the densest suspicious-particle hotspot?,upper left,upper right,lower left,lower right,D,medium,overloaded,centered,standard,films,lower_right,red,11,9 or more,open pores,dilute and refilter,48
mpq_4dba4a361a0dd8,mem_scene_00050,images/mem_scene_00050.png,fiber_tint,What tint is most common among the visible fibers?,blue,red,black,clear or pale,B,medium,overloaded,centered,standard,films,lower_right,red,11,9 or more,open pores,dilute and refilter,48
mpq_5290bc1ee22c71,mem_scene_00050,images/mem_scene_00050.png,bead_count,How many round bead-like microplastic particles are visible?,0-12,13-18,19-24,25 or more,A,medium,overloaded,centered,standard,films,lower_right,red,11,0-12,open pores,dilute and refilter,48
mpq_577aa808d09eb9,mem_scene_00050,images/mem_scene_00050.png,clogging_state,Which membrane clogging pattern best describes this field?,open pores,light edge clogging,central mat clogging,patchy multi-zone clogging,A,medium,overloaded,centered,standard,films,lower_right,red,11,9 or more,open pores,dilute and refilter,48
mpq_2b34b222eb9eb1,mem_scene_00050,images/mem_scene_00050.png,qc_action,What is the best next triage action for this field of view?,count now,reimage focus,dilute and refilter,manual review,C,medium,overloaded,centered,standard,films,lower_right,red,11,9 or more,open pores,dilute and refilter,48
mpq_db3801ce74f6cb,mem_scene_00051,images/mem_scene_00051.png,dominant_particle_family,Which suspicious particle family is most common in this membrane field?,fibers,fragments,beads,films,C,medium,biofilm,ring_bias,standard,beads,lower_left,blue,23,9 or more,light edge clogging,manual review,63
mpq_9880f2f06f4c0a,mem_scene_00051,images/mem_scene_00051.png,hotspot_quadrant,Which quadrant contains the densest suspicious-particle hotspot?,upper left,upper right,lower left,lower right,C,medium,biofilm,ring_bias,standard,beads,lower_left,blue,23,9 or more,light edge clogging,manual review,63
mpq_85ab9e6df24a83,mem_scene_00051,images/mem_scene_00051.png,fiber_tint,What tint is most common among the visible fibers?,blue,red,black,clear or pale,A,medium,biofilm,ring_bias,standard,beads,lower_left,blue,23,9 or more,light edge clogging,manual review,63
mpq_650f6cc8d7e126,mem_scene_00051,images/mem_scene_00051.png,bead_count,How many round bead-like microplastic particles are visible?,0-12,13-18,19-24,25 or more,C,medium,biofilm,ring_bias,standard,beads,lower_left,blue,23,19-24,light edge clogging,manual review,63
mpq_d831ecd69a4684,mem_scene_00051,images/mem_scene_00051.png,clogging_state,Which membrane clogging pattern best describes this field?,open pores,light edge clogging,central mat clogging,patchy multi-zone clogging,B,medium,biofilm,ring_bias,standard,beads,lower_left,blue,23,9 or more,light edge clogging,manual review,63
mpq_d2c8ef164183e5,mem_scene_00051,images/mem_scene_00051.png,qc_action,What is the best next triage action for this field of view?,count now,reimage focus,dilute and refilter,manual review,D,medium,biofilm,ring_bias,standard,beads,lower_left,blue,23,9 or more,light edge clogging,manual review,63
mpq_9ba0e6a17417b7,mem_scene_00052,images/mem_scene_00052.png,dominant_particle_family,Which suspicious particle family is most common in this membrane field?,fibers,fragments,beads,films,C,medium,clear,edge_loaded,standard,beads,lower_right,clear or pale,21,9 or more,light edge clogging,count now,48
mpq_dfc7b0ce83b94e,mem_scene_00052,images/mem_scene_00052.png,hotspot_quadrant,Which quadrant contains the densest suspicious-particle hotspot?,upper left,upper right,lower left,lower right,D,medium,clear,edge_loaded,standard,beads,lower_right,clear or pale,21,9 or more,light edge clogging,count now,48
mpq_eb1592a08d5c18,mem_scene_00052,images/mem_scene_00052.png,fiber_tint,What tint is most common among the visible fibers?,blue,red,black,clear or pale,D,medium,clear,edge_loaded,standard,beads,lower_right,clear or pale,21,9 or more,light edge clogging,count now,48
mpq_500f712def007e,mem_scene_00052,images/mem_scene_00052.png,bead_count,How many round bead-like microplastic particles are visible?,0-12,13-18,19-24,25 or more,C,medium,clear,edge_loaded,standard,beads,lower_right,clear or pale,21,19-24,light edge clogging,count now,48
mpq_007b00337e70fc,mem_scene_00052,images/mem_scene_00052.png,clogging_state,Which membrane clogging pattern best describes this field?,open pores,light edge clogging,central mat clogging,patchy multi-zone clogging,B,medium,clear,edge_loaded,standard,beads,lower_right,clear or pale,21,9 or more,light edge clogging,count now,48
mpq_b1636cb9009beb,mem_scene_00052,images/mem_scene_00052.png,qc_action,What is the best next triage action for this field of view?,count now,reimage focus,dilute and refilter,manual review,A,medium,clear,edge_loaded,standard,beads,lower_right,clear or pale,21,9 or more,light edge clogging,count now,48
mpq_552bece3a67dfa,mem_scene_00053,images/mem_scene_00053.png,dominant_particle_family,Which suspicious particle family is most common in this membrane field?,fibers,fragments,beads,films,B,hard,biofilm,centered,standard,fragments,lower_right,blue,22,9 or more,central mat clogging,dilute and refilter,114
mpq_2b8a0c03a1e47e,mem_scene_00053,images/mem_scene_00053.png,hotspot_quadrant,Which quadrant contains the densest suspicious-particle hotspot?,upper left,upper right,lower left,lower right,D,hard,biofilm,centered,standard,fragments,lower_right,blue,22,9 or more,central mat clogging,dilute and refilter,114
mpq_0e869a4584154a,mem_scene_00053,images/mem_scene_00053.png,fiber_tint,What tint is most common among the visible fibers?,blue,red,black,clear or pale,A,hard,biofilm,centered,standard,fragments,lower_right,blue,22,9 or more,central mat clogging,dilute and refilter,114
mpq_64e1a6714fdc27,mem_scene_00053,images/mem_scene_00053.png,bead_count,How many round bead-like microplastic particles are visible?,0-12,13-18,19-24,25 or more,C,hard,biofilm,centered,standard,fragments,lower_right,blue,22,19-24,central mat clogging,dilute and refilter,114
mpq_73c065d20a2361,mem_scene_00053,images/mem_scene_00053.png,clogging_state,Which membrane clogging pattern best describes this field?,open pores,light edge clogging,central mat clogging,patchy multi-zone clogging,C,hard,biofilm,centered,standard,fragments,lower_right,blue,22,9 or more,central mat clogging,dilute and refilter,114
mpq_c2d9c4104d3b65,mem_scene_00053,images/mem_scene_00053.png,qc_action,What is the best next triage action for this field of view?,count now,reimage focus,dilute and refilter,manual review,C,hard,biofilm,centered,standard,fragments,lower_right,blue,22,9 or more,central mat clogging,dilute and refilter,114
mpq_213398d56e92a0,mem_scene_00054,images/mem_scene_00054.png,dominant_particle_family,Which suspicious particle family is most common in this membrane field?,fibers,fragments,beads,films,B,medium,overloaded,centered,blue_stain,fragments,upper_right,blue,17,9 or more,open pores,dilute and refilter,71
mpq_f44b4f5a99e984,mem_scene_00054,images/mem_scene_00054.png,hotspot_quadrant,Which quadrant contains the densest suspicious-particle hotspot?,upper left,upper right,lower left,lower right,B,medium,overloaded,centered,blue_stain,fragments,upper_right,blue,17,9 or more,open pores,dilute and refilter,71
mpq_7a33d0d4f56134,mem_scene_00054,images/mem_scene_00054.png,fiber_tint,What tint is most common among the visible fibers?,blue,red,black,clear or pale,A,medium,overloaded,centered,blue_stain,fragments,upper_right,blue,17,9 or more,open pores,dilute and refilter,71
mpq_0c4729409aaafd,mem_scene_00054,images/mem_scene_00054.png,bead_count,How many round bead-like microplastic particles are visible?,0-12,13-18,19-24,25 or more,B,medium,overloaded,centered,blue_stain,fragments,upper_right,blue,17,13-18,open pores,dilute and refilter,71
mpq_e0f42cc1149b2f,mem_scene_00054,images/mem_scene_00054.png,clogging_state,Which membrane clogging pattern best describes this field?,open pores,light edge clogging,central mat clogging,patchy multi-zone clogging,A,medium,overloaded,centered,blue_stain,fragments,upper_right,blue,17,9 or more,open pores,dilute and refilter,71
mpq_b61538fc631d92,mem_scene_00054,images/mem_scene_00054.png,qc_action,What is the best next triage action for this field of view?,count now,reimage focus,dilute and refilter,manual review,C,medium,overloaded,centered,blue_stain,fragments,upper_right,blue,17,9 or more,open pores,dilute and refilter,71
mpq_3268b27910886a,mem_scene_00055,images/mem_scene_00055.png,dominant_particle_family,Which suspicious particle family is most common in this membrane field?,fibers,fragments,beads,films,C,hard,clear,centered,edge_shadow,beads,upper_right,red,47,9 or more,open pores,manual review,99
mpq_9d7db00d8fca6a,mem_scene_00055,images/mem_scene_00055.png,hotspot_quadrant,Which quadrant contains the densest suspicious-particle hotspot?,upper left,upper right,lower left,lower right,B,hard,clear,centered,edge_shadow,beads,upper_right,red,47,9 or more,open pores,manual review,99
mpq_3e86a600b1a95e,mem_scene_00055,images/mem_scene_00055.png,fiber_tint,What tint is most common among the visible fibers?,blue,red,black,clear or pale,B,hard,clear,centered,edge_shadow,beads,upper_right,red,47,9 or more,open pores,manual review,99
mpq_f563d47236cf44,mem_scene_00055,images/mem_scene_00055.png,bead_count,How many round bead-like microplastic particles are visible?,0-12,13-18,19-24,25 or more,D,hard,clear,centered,edge_shadow,beads,upper_right,red,47,25 or more,open pores,manual review,99
mpq_91afb98f72de7b,mem_scene_00055,images/mem_scene_00055.png,clogging_state,Which membrane clogging pattern best describes this field?,open pores,light edge clogging,central mat clogging,patchy multi-zone clogging,A,hard,clear,centered,edge_shadow,beads,upper_right,red,47,9 or more,open pores,manual review,99
mpq_6eb579a47924e7,mem_scene_00055,images/mem_scene_00055.png,qc_action,What is the best next triage action for this field of view?,count now,reimage focus,dilute and refilter,manual review,D,hard,clear,centered,edge_shadow,beads,upper_right,red,47,9 or more,open pores,manual review,99
mpq_21e9180541ca1a,mem_scene_00056,images/mem_scene_00056.png,dominant_particle_family,Which suspicious particle family is most common in this membrane field?,fibers,fragments,beads,films,A,easy,overloaded,diagonal_streak,standard,fibers,lower_right,blue,5,3-5,light edge clogging,dilute and refilter,42
mpq_ab351e8ac18ad4,mem_scene_00056,images/mem_scene_00056.png,hotspot_quadrant,Which quadrant contains the densest suspicious-particle hotspot?,upper left,upper right,lower left,lower right,D,easy,overloaded,diagonal_streak,standard,fibers,lower_right,blue,5,3-5,light edge clogging,dilute and refilter,42
mpq_5eaa9e134393eb,mem_scene_00056,images/mem_scene_00056.png,fiber_tint,What tint is most common among the visible fibers?,blue,red,black,clear or pale,A,easy,overloaded,diagonal_streak,standard,fibers,lower_right,blue,5,3-5,light edge clogging,dilute and refilter,42
mpq_3c02927bed8a68,mem_scene_00056,images/mem_scene_00056.png,bead_count,How many round bead-like microplastic particles are visible?,0-12,13-18,19-24,25 or more,A,easy,overloaded,diagonal_streak,standard,fibers,lower_right,blue,5,0-12,light edge clogging,dilute and refilter,42
mpq_b42cf870ada6f7,mem_scene_00056,images/mem_scene_00056.png,clogging_state,Which membrane clogging pattern best describes this field?,open pores,light edge clogging,central mat clogging,patchy multi-zone clogging,B,easy,overloaded,diagonal_streak,standard,fibers,lower_right,blue,5,3-5,light edge clogging,dilute and refilter,42
mpq_f0ad0bbd5caea2,mem_scene_00056,images/mem_scene_00056.png,qc_action,What is the best next triage action for this field of view?,count now,reimage focus,dilute and refilter,manual review,C,easy,overloaded,diagonal_streak,standard,fibers,lower_right,blue,5,3-5,light edge clogging,dilute and refilter,42
mpq_d40a3c2b5bd1a9,mem_scene_00057,images/mem_scene_00057.png,dominant_particle_family,Which suspicious particle family is most common in this membrane field?,fibers,fragments,beads,films,B,medium,biofilm,edge_loaded,blue_stain,fragments,lower_left,blue,6,6-8,patchy multi-zone clogging,manual review,55
mpq_efa3b5874ef999,mem_scene_00057,images/mem_scene_00057.png,hotspot_quadrant,Which quadrant contains the densest suspicious-particle hotspot?,upper left,upper right,lower left,lower right,C,medium,biofilm,edge_loaded,blue_stain,fragments,lower_left,blue,6,6-8,patchy multi-zone clogging,manual review,55
mpq_8432555f133789,mem_scene_00057,images/mem_scene_00057.png,fiber_tint,What tint is most common among the visible fibers?,blue,red,black,clear or pale,A,medium,biofilm,edge_loaded,blue_stain,fragments,lower_left,blue,6,6-8,patchy multi-zone clogging,manual review,55
mpq_401b89c356bdcf,mem_scene_00057,images/mem_scene_00057.png,bead_count,How many round bead-like microplastic particles are visible?,0-12,13-18,19-24,25 or more,A,medium,biofilm,edge_loaded,blue_stain,fragments,lower_left,blue,6,0-12,patchy multi-zone clogging,manual review,55
mpq_5131fd4c9b2e49,mem_scene_00057,images/mem_scene_00057.png,clogging_state,Which membrane clogging pattern best describes this field?,open pores,light edge clogging,central mat clogging,patchy multi-zone clogging,D,medium,biofilm,edge_loaded,blue_stain,fragments,lower_left,blue,6,6-8,patchy multi-zone clogging,manual review,55
mpq_c2dbb3fef79094,mem_scene_00057,images/mem_scene_00057.png,qc_action,What is the best next triage action for this field of view?,count now,reimage focus,dilute and refilter,manual review,D,medium,biofilm,edge_loaded,blue_stain,fragments,lower_left,blue,6,6-8,patchy multi-zone clogging,manual review,55
mpq_7f68eb58495eaa,mem_scene_00058,images/mem_scene_00058.png,dominant_particle_family,Which suspicious particle family is most common in this membrane field?,fibers,fragments,beads,films,C,medium,glare,edge_loaded,standard,beads,upper_left,blue,24,9 or more,central mat clogging,count now,60
mpq_2756e6e073c0f3,mem_scene_00058,images/mem_scene_00058.png,hotspot_quadrant,Which quadrant contains the densest suspicious-particle hotspot?,upper left,upper right,lower left,lower right,A,medium,glare,edge_loaded,standard,beads,upper_left,blue,24,9 or more,central mat clogging,count now,60
mpq_ab3ab175bcd4fc,mem_scene_00058,images/mem_scene_00058.png,fiber_tint,What tint is most common among the visible fibers?,blue,red,black,clear or pale,A,medium,glare,edge_loaded,standard,beads,upper_left,blue,24,9 or more,central mat clogging,count now,60
mpq_e39b1c07dc81e9,mem_scene_00058,images/mem_scene_00058.png,bead_count,How many round bead-like microplastic particles are visible?,0-12,13-18,19-24,25 or more,C,medium,glare,edge_loaded,standard,beads,upper_left,blue,24,19-24,central mat clogging,count now,60
mpq_e03f3cd4457e23,mem_scene_00058,images/mem_scene_00058.png,clogging_state,Which membrane clogging pattern best describes this field?,open pores,light edge clogging,central mat clogging,patchy multi-zone clogging,C,medium,glare,edge_loaded,standard,beads,upper_left,blue,24,9 or more,central mat clogging,count now,60
mpq_c5db00b93ef9e5,mem_scene_00058,images/mem_scene_00058.png,qc_action,What is the best next triage action for this field of view?,count now,reimage focus,dilute and refilter,manual review,B,medium,glare,edge_loaded,standard,beads,upper_left,blue,24,9 or more,central mat clogging,reimage focus,60
mpq_11c3516168c363,mem_scene_00059,images/mem_scene_00059.png,dominant_particle_family,Which suspicious particle family is most common in this membrane field?,fibers,fragments,beads,films,C,medium,glare,edge_loaded,standard,beads,upper_left,red,26,9 or more,central mat clogging,count now,74
mpq_26caabe35a0479,mem_scene_00059,images/mem_scene_00059.png,hotspot_quadrant,Which quadrant contains the densest suspicious-particle hotspot?,upper left,upper right,lower left,lower right,A,medium,glare,edge_loaded,standard,beads,upper_left,red,26,9 or more,central mat clogging,count now,74
mpq_e9a018ca54c535,mem_scene_00059,images/mem_scene_00059.png,fiber_tint,What tint is most common among the visible fibers?,blue,red,black,clear or pale,B,medium,glare,edge_loaded,standard,beads,upper_left,red,26,9 or more,central mat clogging,count now,74
mpq_1d1627b15dc890,mem_scene_00059,images/mem_scene_00059.png,bead_count,How many round bead-like microplastic particles are visible?,0-12,13-18,19-24,25 or more,D,medium,glare,edge_loaded,standard,beads,upper_left,red,26,25 or more,central mat clogging,count now,74
mpq_d74b2443197eb1,mem_scene_00059,images/mem_scene_00059.png,clogging_state,Which membrane clogging pattern best describes this field?,open pores,light edge clogging,central mat clogging,patchy multi-zone clogging,C,medium,glare,edge_loaded,standard,beads,upper_left,red,26,9 or more,central mat clogging,count now,74
mpq_483592b820b90b,mem_scene_00059,images/mem_scene_00059.png,qc_action,What is the best next triage action for this field of view?,count now,reimage focus,dilute and refilter,manual review,B,medium,glare,edge_loaded,standard,beads,upper_left,red,26,9 or more,central mat clogging,reimage focus,74
mpq_34271d19d19550,mem_scene_00060,images/mem_scene_00060.png,dominant_particle_family,Which suspicious particle family is most common in this membrane field?,fibers,fragments,beads,films,D,easy,clear,ring_bias,standard,films,upper_right,clear or pale,3,3-5,light edge clogging,count now,41
mpq_babee9232e8a70,mem_scene_00060,images/mem_scene_00060.png,hotspot_quadrant,Which quadrant contains the densest suspicious-particle hotspot?,upper left,upper right,lower left,lower right,B,easy,clear,ring_bias,standard,films,upper_right,clear or pale,3,3-5,light edge clogging,count now,41
mpq_6402a0518d9795,mem_scene_00060,images/mem_scene_00060.png,fiber_tint,What tint is most common among the visible fibers?,blue,red,black,clear or pale,D,easy,clear,ring_bias,standard,films,upper_right,clear or pale,3,3-5,light edge clogging,count now,41
mpq_3501191b3f47cc,mem_scene_00060,images/mem_scene_00060.png,bead_count,How many round bead-like microplastic particles are visible?,0-12,13-18,19-24,25 or more,A,easy,clear,ring_bias,standard,films,upper_right,clear or pale,3,0-12,light edge clogging,count now,41
mpq_12973cf261eff7,mem_scene_00060,images/mem_scene_00060.png,clogging_state,Which membrane clogging pattern best describes this field?,open pores,light edge clogging,central mat clogging,patchy multi-zone clogging,B,easy,clear,ring_bias,standard,films,upper_right,clear or pale,3,3-5,light edge clogging,count now,41
mpq_17cfbccd4ae4ec,mem_scene_00060,images/mem_scene_00060.png,qc_action,What is the best next triage action for this field of view?,count now,reimage focus,dilute and refilter,manual review,A,easy,clear,ring_bias,standard,films,upper_right,clear or pale,3,3-5,light edge clogging,count now,41
mpq_ca87702fb848ed,mem_scene_00061,images/mem_scene_00061.png,dominant_particle_family,Which suspicious particle family is most common in this membrane field?,fibers,fragments,beads,films,A,easy,low_contrast,centered,edge_shadow,fibers,lower_right,blue,4,3-5,central mat clogging,manual review,41
mpq_42109891885618,mem_scene_00061,images/mem_scene_00061.png,hotspot_quadrant,Which quadrant contains the densest suspicious-particle hotspot?,upper left,upper right,lower left,lower right,D,easy,low_contrast,centered,edge_shadow,fibers,lower_right,blue,4,3-5,central mat clogging,manual review,41
mpq_45dab23ad21c9c,mem_scene_00061,images/mem_scene_00061.png,fiber_tint,What tint is most common among the visible fibers?,blue,red,black,clear or pale,A,easy,low_contrast,centered,edge_shadow,fibers,lower_right,blue,4,3-5,central mat clogging,manual review,41
mpq_52da23ad823d22,mem_scene_00061,images/mem_scene_00061.png,bead_count,How many round bead-like microplastic particles are visible?,0-12,13-18,19-24,25 or more,A,easy,low_contrast,centered,edge_shadow,fibers,lower_right,blue,4,0-12,central mat clogging,manual review,41
mpq_c707babb97b60f,mem_scene_00061,images/mem_scene_00061.png,clogging_state,Which membrane clogging pattern best describes this field?,open pores,light edge clogging,central mat clogging,patchy multi-zone clogging,C,easy,low_contrast,centered,edge_shadow,fibers,lower_right,blue,4,3-5,central mat clogging,manual review,41
mpq_ad8ceaa761a264,mem_scene_00061,images/mem_scene_00061.png,qc_action,What is the best next triage action for this field of view?,count now,reimage focus,dilute and refilter,manual review,B,easy,low_contrast,centered,edge_shadow,fibers,lower_right,blue,4,3-5,central mat clogging,reimage focus,41
mpq_673636ee078196,mem_scene_00062,images/mem_scene_00062.png,dominant_particle_family,Which suspicious particle family is most common in this membrane field?,fibers,fragments,beads,films,C,hard,biofilm,ring_bias,standard,beads,upper_right,blue,40,9 or more,open pores,manual review,96
mpq_3d0d954688a62c,mem_scene_00062,images/mem_scene_00062.png,hotspot_quadrant,Which quadrant contains the densest suspicious-particle hotspot?,upper left,upper right,lower left,lower right,B,hard,biofilm,ring_bias,standard,beads,upper_right,blue,40,9 or more,open pores,manual review,96
mpq_56625f58debd95,mem_scene_00062,images/mem_scene_00062.png,fiber_tint,What tint is most common among the visible fibers?,blue,red,black,clear or pale,A,hard,biofilm,ring_bias,standard,beads,upper_right,blue,40,9 or more,open pores,manual review,96
mpq_1dfb356157fb87,mem_scene_00062,images/mem_scene_00062.png,bead_count,How many round bead-like microplastic particles are visible?,0-12,13-18,19-24,25 or more,D,hard,biofilm,ring_bias,standard,beads,upper_right,blue,40,25 or more,open pores,manual review,96
mpq_421f1bedc36f26,mem_scene_00062,images/mem_scene_00062.png,clogging_state,Which membrane clogging pattern best describes this field?,open pores,light edge clogging,central mat clogging,patchy multi-zone clogging,A,hard,biofilm,ring_bias,standard,beads,upper_right,blue,40,9 or more,open pores,manual review,96
mpq_6f445d404cb66f,mem_scene_00062,images/mem_scene_00062.png,qc_action,What is the best next triage action for this field of view?,count now,reimage focus,dilute and refilter,manual review,D,hard,biofilm,ring_bias,standard,beads,upper_right,blue,40,9 or more,open pores,manual review,96
mpq_5cefcda672c91f,mem_scene_00063,images/mem_scene_00063.png,dominant_particle_family,Which suspicious particle family is most common in this membrane field?,fibers,fragments,beads,films,A,medium,clear,centered,edge_shadow,fibers,upper_left,black,12,9 or more,patchy multi-zone clogging,manual review,52
mpq_838189646e35c3,mem_scene_00063,images/mem_scene_00063.png,hotspot_quadrant,Which quadrant contains the densest suspicious-particle hotspot?,upper left,upper right,lower left,lower right,A,medium,clear,centered,edge_shadow,fibers,upper_left,black,12,9 or more,patchy multi-zone clogging,manual review,52
mpq_7aa5e17bb10aab,mem_scene_00063,images/mem_scene_00063.png,fiber_tint,What tint is most common among the visible fibers?,blue,red,black,clear or pale,C,medium,clear,centered,edge_shadow,fibers,upper_left,black,12,9 or more,patchy multi-zone clogging,manual review,52
mpq_44656189941d06,mem_scene_00063,images/mem_scene_00063.png,bead_count,How many round bead-like microplastic particles are visible?,0-12,13-18,19-24,25 or more,A,medium,clear,centered,edge_shadow,fibers,upper_left,black,12,0-12,patchy multi-zone clogging,manual review,52
mpq_eb3b9bea634298,mem_scene_00063,images/mem_scene_00063.png,clogging_state,Which membrane clogging pattern best describes this field?,open pores,light edge clogging,central mat clogging,patchy multi-zone clogging,D,medium,clear,centered,edge_shadow,fibers,upper_left,black,12,9 or more,patchy multi-zone clogging,manual review,52
mpq_cc1437b9f69307,mem_scene_00063,images/mem_scene_00063.png,qc_action,What is the best next triage action for this field of view?,count now,reimage focus,dilute and refilter,manual review,D,medium,clear,centered,edge_shadow,fibers,upper_left,black,12,9 or more,patchy multi-zone clogging,manual review,52
mpq_215b3d7b09361b,mem_scene_00064,images/mem_scene_00064.png,dominant_particle_family,Which suspicious particle family is most common in this membrane field?,fibers,fragments,beads,films,B,hard,clear,ring_bias,standard,fragments,lower_right,black,22,9 or more,light edge clogging,count now,103
mpq_0732f2cdd9f404,mem_scene_00064,images/mem_scene_00064.png,hotspot_quadrant,Which quadrant contains the densest suspicious-particle hotspot?,upper left,upper right,lower left,lower right,D,hard,clear,ring_bias,standard,fragments,lower_right,black,22,9 or more,light edge clogging,count now,103
mpq_c6d381994d4e7d,mem_scene_00064,images/mem_scene_00064.png,fiber_tint,What tint is most common among the visible fibers?,blue,red,black,clear or pale,C,hard,clear,ring_bias,standard,fragments,lower_right,black,22,9 or more,light edge clogging,count now,103
mpq_d34a0ce0f5f681,mem_scene_00064,images/mem_scene_00064.png,bead_count,How many round bead-like microplastic particles are visible?,0-12,13-18,19-24,25 or more,C,hard,clear,ring_bias,standard,fragments,lower_right,black,22,19-24,light edge clogging,count now,103
mpq_54c40dfa3b0313,mem_scene_00064,images/mem_scene_00064.png,clogging_state,Which membrane clogging pattern best describes this field?,open pores,light edge clogging,central mat clogging,patchy multi-zone clogging,B,hard,clear,ring_bias,standard,fragments,lower_right,black,22,9 or more,light edge clogging,count now,103
mpq_7ec2b93bd4e534,mem_scene_00064,images/mem_scene_00064.png,qc_action,What is the best next triage action for this field of view?,count now,reimage focus,dilute and refilter,manual review,A,hard,clear,ring_bias,standard,fragments,lower_right,black,22,9 or more,light edge clogging,count now,103
mpq_cf64acee095dcd,mem_scene_00065,images/mem_scene_00065.png,dominant_particle_family,Which suspicious particle family is most common in this membrane field?,fibers,fragments,beads,films,B,hard,low_contrast,ring_bias,standard,fragments,lower_right,blue,17,9 or more,open pores,reimage focus,104
mpq_7d7dc555ac2ba6,mem_scene_00065,images/mem_scene_00065.png,hotspot_quadrant,Which quadrant contains the densest suspicious-particle hotspot?,upper left,upper right,lower left,lower right,D,hard,low_contrast,ring_bias,standard,fragments,lower_right,blue,17,9 or more,open pores,reimage focus,104
mpq_d779eaa881db57,mem_scene_00065,images/mem_scene_00065.png,fiber_tint,What tint is most common among the visible fibers?,blue,red,black,clear or pale,A,hard,low_contrast,ring_bias,standard,fragments,lower_right,blue,17,9 or more,open pores,reimage focus,104
mpq_222e0334ce32b9,mem_scene_00065,images/mem_scene_00065.png,bead_count,How many round bead-like microplastic particles are visible?,0-12,13-18,19-24,25 or more,B,hard,low_contrast,ring_bias,standard,fragments,lower_right,blue,17,13-18,open pores,reimage focus,104
mpq_9dabe0218397e5,mem_scene_00065,images/mem_scene_00065.png,clogging_state,Which membrane clogging pattern best describes this field?,open pores,light edge clogging,central mat clogging,patchy multi-zone clogging,A,hard,low_contrast,ring_bias,standard,fragments,lower_right,blue,17,9 or more,open pores,reimage focus,104
mpq_03174bb1febc50,mem_scene_00065,images/mem_scene_00065.png,qc_action,What is the best next triage action for this field of view?,count now,reimage focus,dilute and refilter,manual review,B,hard,low_contrast,ring_bias,standard,fragments,lower_right,blue,17,9 or more,open pores,reimage focus,104
mpq_8896029501562a,mem_scene_00066,images/mem_scene_00066.png,dominant_particle_family,Which suspicious particle family is most common in this membrane field?,fibers,fragments,beads,films,A,easy,glare,centered,bubble_ring,fibers,lower_left,red,6,6-8,central mat clogging,manual review,36
mpq_fd58a5f9f66aa6,mem_scene_00066,images/mem_scene_00066.png,hotspot_quadrant,Which quadrant contains the densest suspicious-particle hotspot?,upper left,upper right,lower left,lower right,C,easy,glare,centered,bubble_ring,fibers,lower_left,red,6,6-8,central mat clogging,manual review,36
mpq_9058562f45c924,mem_scene_00066,images/mem_scene_00066.png,fiber_tint,What tint is most common among the visible fibers?,blue,red,black,clear or pale,B,easy,glare,centered,bubble_ring,fibers,lower_left,red,6,6-8,central mat clogging,manual review,36
mpq_f10c13640079d4,mem_scene_00066,images/mem_scene_00066.png,bead_count,How many round bead-like microplastic particles are visible?,0-12,13-18,19-24,25 or more,A,easy,glare,centered,bubble_ring,fibers,lower_left,red,6,0-12,central mat clogging,manual review,36
mpq_32400a6b545907,mem_scene_00066,images/mem_scene_00066.png,clogging_state,Which membrane clogging pattern best describes this field?,open pores,light edge clogging,central mat clogging,patchy multi-zone clogging,C,easy,glare,centered,bubble_ring,fibers,lower_left,red,6,6-8,central mat clogging,manual review,36
mpq_24a4459e1631ef,mem_scene_00066,images/mem_scene_00066.png,qc_action,What is the best next triage action for this field of view?,count now,reimage focus,dilute and refilter,manual review,B,easy,glare,centered,bubble_ring,fibers,lower_left,red,6,6-8,central mat clogging,reimage focus,36
mpq_399dbbabc463ab,mem_scene_00067,images/mem_scene_00067.png,dominant_particle_family,Which suspicious particle family is most common in this membrane field?,fibers,fragments,beads,films,B,hard,low_contrast,centered,bubble_ring,fragments,lower_left,clear or pale,16,9 or more,open pores,reimage focus,110
mpq_fe0ad2ec0793ad,mem_scene_00067,images/mem_scene_00067.png,hotspot_quadrant,Which quadrant contains the densest suspicious-particle hotspot?,upper left,upper right,lower left,lower right,C,hard,low_contrast,centered,bubble_ring,fragments,lower_left,clear or pale,16,9 or more,open pores,reimage focus,110
mpq_a36f4024a4b1f0,mem_scene_00067,images/mem_scene_00067.png,fiber_tint,What tint is most common among the visible fibers?,blue,red,black,clear or pale,D,hard,low_contrast,centered,bubble_ring,fragments,lower_left,clear or pale,16,9 or more,open pores,reimage focus,110
mpq_990b6a208e3672,mem_scene_00067,images/mem_scene_00067.png,bead_count,How many round bead-like microplastic particles are visible?,0-12,13-18,19-24,25 or more,B,hard,low_contrast,centered,bubble_ring,fragments,lower_left,clear or pale,16,13-18,open pores,reimage focus,110
mpq_e657c7a619a6ed,mem_scene_00067,images/mem_scene_00067.png,clogging_state,Which membrane clogging pattern best describes this field?,open pores,light edge clogging,central mat clogging,patchy multi-zone clogging,A,hard,low_contrast,centered,bubble_ring,fragments,lower_left,clear or pale,16,9 or more,open pores,reimage focus,110
mpq_b6aab814453623,mem_scene_00067,images/mem_scene_00067.png,qc_action,What is the best next triage action for this field of view?,count now,reimage focus,dilute and refilter,manual review,B,hard,low_contrast,centered,bubble_ring,fragments,lower_left,clear or pale,16,9 or more,open pores,reimage focus,110
mpq_8f454e8b7ab7e3,mem_scene_00068,images/mem_scene_00068.png,dominant_particle_family,Which suspicious particle family is most common in this membrane field?,fibers,fragments,beads,films,D,medium,glare,ring_bias,edge_shadow,films,upper_left,blue,10,9 or more,central mat clogging,manual review,61
mpq_99d1eb71176095,mem_scene_00068,images/mem_scene_00068.png,hotspot_quadrant,Which quadrant contains the densest suspicious-particle hotspot?,upper left,upper right,lower left,lower right,A,medium,glare,ring_bias,edge_shadow,films,upper_left,blue,10,9 or more,central mat clogging,manual review,61
mpq_45a705dce945dc,mem_scene_00068,images/mem_scene_00068.png,fiber_tint,What tint is most common among the visible fibers?,blue,red,black,clear or pale,A,medium,glare,ring_bias,edge_shadow,films,upper_left,blue,10,9 or more,central mat clogging,manual review,61
mpq_6ef6c8b277a4e9,mem_scene_00068,images/mem_scene_00068.png,bead_count,How many round bead-like microplastic particles are visible?,0-12,13-18,19-24,25 or more,A,medium,glare,ring_bias,edge_shadow,films,upper_left,blue,10,0-12,central mat clogging,manual review,61
mpq_8e210c3e120aa3,mem_scene_00068,images/mem_scene_00068.png,clogging_state,Which membrane clogging pattern best describes this field?,open pores,light edge clogging,central mat clogging,patchy multi-zone clogging,C,medium,glare,ring_bias,edge_shadow,films,upper_left,blue,10,9 or more,central mat clogging,manual review,61
mpq_b4d40f149dd835,mem_scene_00068,images/mem_scene_00068.png,qc_action,What is the best next triage action for this field of view?,count now,reimage focus,dilute and refilter,manual review,B,medium,glare,ring_bias,edge_shadow,films,upper_left,blue,10,9 or more,central mat clogging,reimage focus,61
mpq_ea718d94ee4dfd,mem_scene_00069,images/mem_scene_00069.png,dominant_particle_family,Which suspicious particle family is most common in this membrane field?,fibers,fragments,beads,films,A,easy,clear,centered,blue_stain,fibers,lower_right,black,5,3-5,patchy multi-zone clogging,count now,33
mpq_4be005f45a827b,mem_scene_00069,images/mem_scene_00069.png,hotspot_quadrant,Which quadrant contains the densest suspicious-particle hotspot?,upper left,upper right,lower left,lower right,D,easy,clear,centered,blue_stain,fibers,lower_right,black,5,3-5,patchy multi-zone clogging,count now,33
mpq_6991495fca70d4,mem_scene_00069,images/mem_scene_00069.png,fiber_tint,What tint is most common among the visible fibers?,blue,red,black,clear or pale,C,easy,clear,centered,blue_stain,fibers,lower_right,black,5,3-5,patchy multi-zone clogging,count now,33
mpq_4059ec1eb48f1b,mem_scene_00069,images/mem_scene_00069.png,bead_count,How many round bead-like microplastic particles are visible?,0-12,13-18,19-24,25 or more,A,easy,clear,centered,blue_stain,fibers,lower_right,black,5,0-12,patchy multi-zone clogging,count now,33
mpq_0d8c070c9b1421,mem_scene_00069,images/mem_scene_00069.png,clogging_state,Which membrane clogging pattern best describes this field?,open pores,light edge clogging,central mat clogging,patchy multi-zone clogging,D,easy,clear,centered,blue_stain,fibers,lower_right,black,5,3-5,patchy multi-zone clogging,count now,33
mpq_2ab33e756cdfb0,mem_scene_00069,images/mem_scene_00069.png,qc_action,What is the best next triage action for this field of view?,count now,reimage focus,dilute and refilter,manual review,A,easy,clear,centered,blue_stain,fibers,lower_right,black,5,3-5,patchy multi-zone clogging,count now,33
mpq_e9ff1386c05f2e,mem_scene_00070,images/mem_scene_00070.png,dominant_particle_family,Which suspicious particle family is most common in this membrane field?,fibers,fragments,beads,films,A,hard,clear,ring_bias,bubble_ring,fibers,upper_right,blue,22,9 or more,patchy multi-zone clogging,dilute and refilter,92
mpq_73bf3ce9a40cba,mem_scene_00070,images/mem_scene_00070.png,hotspot_quadrant,Which quadrant contains the densest suspicious-particle hotspot?,upper left,upper right,lower left,lower right,B,hard,clear,ring_bias,bubble_ring,fibers,upper_right,blue,22,9 or more,patchy multi-zone clogging,dilute and refilter,92
mpq_047568bef746bb,mem_scene_00070,images/mem_scene_00070.png,fiber_tint,What tint is most common among the visible fibers?,blue,red,black,clear or pale,A,hard,clear,ring_bias,bubble_ring,fibers,upper_right,blue,22,9 or more,patchy multi-zone clogging,dilute and refilter,92
mpq_af63349e19e718,mem_scene_00070,images/mem_scene_00070.png,bead_count,How many round bead-like microplastic particles are visible?,0-12,13-18,19-24,25 or more,C,hard,clear,ring_bias,bubble_ring,fibers,upper_right,blue,22,19-24,patchy multi-zone clogging,dilute and refilter,92
mpq_e5f44977a23322,mem_scene_00070,images/mem_scene_00070.png,clogging_state,Which membrane clogging pattern best describes this field?,open pores,light edge clogging,central mat clogging,patchy multi-zone clogging,D,hard,clear,ring_bias,bubble_ring,fibers,upper_right,blue,22,9 or more,patchy multi-zone clogging,dilute and refilter,92
mpq_9f329f37647511,mem_scene_00070,images/mem_scene_00070.png,qc_action,What is the best next triage action for this field of view?,count now,reimage focus,dilute and refilter,manual review,C,hard,clear,ring_bias,bubble_ring,fibers,upper_right,blue,22,9 or more,patchy multi-zone clogging,dilute and refilter,92
mpq_55e725ae15ae4c,mem_scene_00071,images/mem_scene_00071.png,dominant_particle_family,Which suspicious particle family is most common in this membrane field?,fibers,fragments,beads,films,A,medium,biofilm,ring_bias,edge_shadow,fibers,upper_left,red,16,9 or more,light edge clogging,manual review,73
mpq_90ad68d6a36521,mem_scene_00071,images/mem_scene_00071.png,hotspot_quadrant,Which quadrant contains the densest suspicious-particle hotspot?,upper left,upper right,lower left,lower right,A,medium,biofilm,ring_bias,edge_shadow,fibers,upper_left,red,16,9 or more,light edge clogging,manual review,73
mpq_a28c2cc9a507d8,mem_scene_00071,images/mem_scene_00071.png,fiber_tint,What tint is most common among the visible fibers?,blue,red,black,clear or pale,B,medium,biofilm,ring_bias,edge_shadow,fibers,upper_left,red,16,9 or more,light edge clogging,manual review,73
mpq_d19e5540ba9304,mem_scene_00071,images/mem_scene_00071.png,bead_count,How many round bead-like microplastic particles are visible?,0-12,13-18,19-24,25 or more,B,medium,biofilm,ring_bias,edge_shadow,fibers,upper_left,red,16,13-18,light edge clogging,manual review,73
mpq_3095bedef65fee,mem_scene_00071,images/mem_scene_00071.png,clogging_state,Which membrane clogging pattern best describes this field?,open pores,light edge clogging,central mat clogging,patchy multi-zone clogging,B,medium,biofilm,ring_bias,edge_shadow,fibers,upper_left,red,16,9 or more,light edge clogging,manual review,73
mpq_7d1d0a15918484,mem_scene_00071,images/mem_scene_00071.png,qc_action,What is the best next triage action for this field of view?,count now,reimage focus,dilute and refilter,manual review,D,medium,biofilm,ring_bias,edge_shadow,fibers,upper_left,red,16,9 or more,light edge clogging,manual review,73
mpq_cbb5c89a05c590,mem_scene_00072,images/mem_scene_00072.png,dominant_particle_family,Which suspicious particle family is most common in this membrane field?,fibers,fragments,beads,films,A,medium,glare,diagonal_streak,blue_stain,fibers,upper_left,blue,8,6-8,central mat clogging,count now,60
mpq_65cb74644387bd,mem_scene_00072,images/mem_scene_00072.png,hotspot_quadrant,Which quadrant contains the densest suspicious-particle hotspot?,upper left,upper right,lower left,lower right,A,medium,glare,diagonal_streak,blue_stain,fibers,upper_left,blue,8,6-8,central mat clogging,count now,60
mpq_5d85bf44512f70,mem_scene_00072,images/mem_scene_00072.png,fiber_tint,What tint is most common among the visible fibers?,blue,red,black,clear or pale,A,medium,glare,diagonal_streak,blue_stain,fibers,upper_left,blue,8,6-8,central mat clogging,count now,60
mpq_b1452894433a38,mem_scene_00072,images/mem_scene_00072.png,bead_count,How many round bead-like microplastic particles are visible?,0-12,13-18,19-24,25 or more,A,medium,glare,diagonal_streak,blue_stain,fibers,upper_left,blue,8,0-12,central mat clogging,count now,60
mpq_b3ec95d5fa46a2,mem_scene_00072,images/mem_scene_00072.png,clogging_state,Which membrane clogging pattern best describes this field?,open pores,light edge clogging,central mat clogging,patchy multi-zone clogging,C,medium,glare,diagonal_streak,blue_stain,fibers,upper_left,blue,8,6-8,central mat clogging,count now,60
mpq_54ca688cd3db1e,mem_scene_00072,images/mem_scene_00072.png,qc_action,What is the best next triage action for this field of view?,count now,reimage focus,dilute and refilter,manual review,B,medium,glare,diagonal_streak,blue_stain,fibers,upper_left,blue,8,6-8,central mat clogging,reimage focus,60
mpq_dc1bcee0ce2b8c,mem_scene_00073,images/mem_scene_00073.png,dominant_particle_family,Which suspicious particle family is most common in this membrane field?,fibers,fragments,beads,films,D,easy,glare,ring_bias,standard,films,upper_left,red,5,3-5,patchy multi-zone clogging,count now,24
mpq_0fc7bc5a5a6f66,mem_scene_00073,images/mem_scene_00073.png,hotspot_quadrant,Which quadrant contains the densest suspicious-particle hotspot?,upper left,upper right,lower left,lower right,A,easy,glare,ring_bias,standard,films,upper_left,red,5,3-5,patchy multi-zone clogging,count now,24
mpq_64e0f8a90f4534,mem_scene_00073,images/mem_scene_00073.png,fiber_tint,What tint is most common among the visible fibers?,blue,red,black,clear or pale,B,easy,glare,ring_bias,standard,films,upper_left,red,5,3-5,patchy multi-zone clogging,count now,24
mpq_47e05e682acca2,mem_scene_00073,images/mem_scene_00073.png,bead_count,How many round bead-like microplastic particles are visible?,0-12,13-18,19-24,25 or more,A,easy,glare,ring_bias,standard,films,upper_left,red,5,0-12,patchy multi-zone clogging,count now,24
mpq_569047882541df,mem_scene_00073,images/mem_scene_00073.png,clogging_state,Which membrane clogging pattern best describes this field?,open pores,light edge clogging,central mat clogging,patchy multi-zone clogging,D,easy,glare,ring_bias,standard,films,upper_left,red,5,3-5,patchy multi-zone clogging,count now,24
mpq_5c897affe78f2b,mem_scene_00073,images/mem_scene_00073.png,qc_action,What is the best next triage action for this field of view?,count now,reimage focus,dilute and refilter,manual review,B,easy,glare,ring_bias,standard,films,upper_left,red,5,3-5,patchy multi-zone clogging,reimage focus,24
mpq_0d63ea78480656,mem_scene_00074,images/mem_scene_00074.png,dominant_particle_family,Which suspicious particle family is most common in this membrane field?,fibers,fragments,beads,films,D,medium,biofilm,ring_bias,blue_stain,films,lower_left,blue,14,9 or more,central mat clogging,manual review,66
mpq_caa6bf2568ba5b,mem_scene_00074,images/mem_scene_00074.png,hotspot_quadrant,Which quadrant contains the densest suspicious-particle hotspot?,upper left,upper right,lower left,lower right,C,medium,biofilm,ring_bias,blue_stain,films,lower_left,blue,14,9 or more,central mat clogging,manual review,66
mpq_c9a4b8a721622e,mem_scene_00074,images/mem_scene_00074.png,fiber_tint,What tint is most common among the visible fibers?,blue,red,black,clear or pale,A,medium,biofilm,ring_bias,blue_stain,films,lower_left,blue,14,9 or more,central mat clogging,manual review,66
mpq_28a106f96fc35d,mem_scene_00074,images/mem_scene_00074.png,bead_count,How many round bead-like microplastic particles are visible?,0-12,13-18,19-24,25 or more,B,medium,biofilm,ring_bias,blue_stain,films,lower_left,blue,14,13-18,central mat clogging,manual review,66
mpq_39108275295175,mem_scene_00074,images/mem_scene_00074.png,clogging_state,Which membrane clogging pattern best describes this field?,open pores,light edge clogging,central mat clogging,patchy multi-zone clogging,C,medium,biofilm,ring_bias,blue_stain,films,lower_left,blue,14,9 or more,central mat clogging,manual review,66
mpq_579f4a3196a208,mem_scene_00074,images/mem_scene_00074.png,qc_action,What is the best next triage action for this field of view?,count now,reimage focus,dilute and refilter,manual review,D,medium,biofilm,ring_bias,blue_stain,films,lower_left,blue,14,9 or more,central mat clogging,manual review,66
mpq_1668ca0c99b003,mem_scene_00075,images/mem_scene_00075.png,dominant_particle_family,Which suspicious particle family is most common in this membrane field?,fibers,fragments,beads,films,D,easy,overloaded,centered,standard,films,upper_right,blue,7,6-8,light edge clogging,dilute and refilter,29
mpq_d07b4b2e8e8101,mem_scene_00075,images/mem_scene_00075.png,hotspot_quadrant,Which quadrant contains the densest suspicious-particle hotspot?,upper left,upper right,lower left,lower right,B,easy,overloaded,centered,standard,films,upper_right,blue,7,6-8,light edge clogging,dilute and refilter,29
mpq_e18653415acab3,mem_scene_00075,images/mem_scene_00075.png,fiber_tint,What tint is most common among the visible fibers?,blue,red,black,clear or pale,A,easy,overloaded,centered,standard,films,upper_right,blue,7,6-8,light edge clogging,dilute and refilter,29
mpq_0233c19fd47c8f,mem_scene_00075,images/mem_scene_00075.png,bead_count,How many round bead-like microplastic particles are visible?,0-12,13-18,19-24,25 or more,A,easy,overloaded,centered,standard,films,upper_right,blue,7,0-12,light edge clogging,dilute and refilter,29
mpq_f0406f14b81be2,mem_scene_00075,images/mem_scene_00075.png,clogging_state,Which membrane clogging pattern best describes this field?,open pores,light edge clogging,central mat clogging,patchy multi-zone clogging,B,easy,overloaded,centered,standard,films,upper_right,blue,7,6-8,light edge clogging,dilute and refilter,29
mpq_e1d734685d4cc8,mem_scene_00075,images/mem_scene_00075.png,qc_action,What is the best next triage action for this field of view?,count now,reimage focus,dilute and refilter,manual review,C,easy,overloaded,centered,standard,films,upper_right,blue,7,6-8,light edge clogging,dilute and refilter,29
mpq_78157dbcd738af,mem_scene_00076,images/mem_scene_00076.png,dominant_particle_family,Which suspicious particle family is most common in this membrane field?,fibers,fragments,beads,films,C,hard,clear,edge_loaded,standard,beads,upper_right,blue,25,9 or more,open pores,count now,82
mpq_53fc9303c555e3,mem_scene_00076,images/mem_scene_00076.png,hotspot_quadrant,Which quadrant contains the densest suspicious-particle hotspot?,upper left,upper right,lower left,lower right,B,hard,clear,edge_loaded,standard,beads,upper_right,blue,25,9 or more,open pores,count now,82
mpq_c87cb0a0915c56,mem_scene_00076,images/mem_scene_00076.png,fiber_tint,What tint is most common among the visible fibers?,blue,red,black,clear or pale,A,hard,clear,edge_loaded,standard,beads,upper_right,blue,25,9 or more,open pores,count now,82
mpq_cc55d8189d0a98,mem_scene_00076,images/mem_scene_00076.png,bead_count,How many round bead-like microplastic particles are visible?,0-12,13-18,19-24,25 or more,D,hard,clear,edge_loaded,standard,beads,upper_right,blue,25,25 or more,open pores,count now,82
mpq_4b2f60cc7e2165,mem_scene_00076,images/mem_scene_00076.png,clogging_state,Which membrane clogging pattern best describes this field?,open pores,light edge clogging,central mat clogging,patchy multi-zone clogging,A,hard,clear,edge_loaded,standard,beads,upper_right,blue,25,9 or more,open pores,count now,82
mpq_896f6e0fcbce3b,mem_scene_00076,images/mem_scene_00076.png,qc_action,What is the best next triage action for this field of view?,count now,reimage focus,dilute and refilter,manual review,A,hard,clear,edge_loaded,standard,beads,upper_right,blue,25,9 or more,open pores,count now,82
mpq_600883b66a7db5,mem_scene_00077,images/mem_scene_00077.png,dominant_particle_family,Which suspicious particle family is most common in this membrane field?,fibers,fragments,beads,films,C,hard,overloaded,centered,standard,beads,lower_right,red,55,9 or more,central mat clogging,dilute and refilter,115
mpq_47e9c6c5de7088,mem_scene_00077,images/mem_scene_00077.png,hotspot_quadrant,Which quadrant contains the densest suspicious-particle hotspot?,upper left,upper right,lower left,lower right,D,hard,overloaded,centered,standard,beads,lower_right,red,55,9 or more,central mat clogging,dilute and refilter,115
mpq_1da3cc0980057f,mem_scene_00077,images/mem_scene_00077.png,fiber_tint,What tint is most common among the visible fibers?,blue,red,black,clear or pale,B,hard,overloaded,centered,standard,beads,lower_right,red,55,9 or more,central mat clogging,dilute and refilter,115
mpq_c1ee1d53d9d366,mem_scene_00077,images/mem_scene_00077.png,bead_count,How many round bead-like microplastic particles are visible?,0-12,13-18,19-24,25 or more,D,hard,overloaded,centered,standard,beads,lower_right,red,55,25 or more,central mat clogging,dilute and refilter,115
mpq_5e8d55d9c7f132,mem_scene_00077,images/mem_scene_00077.png,clogging_state,Which membrane clogging pattern best describes this field?,open pores,light edge clogging,central mat clogging,patchy multi-zone clogging,C,hard,overloaded,centered,standard,beads,lower_right,red,55,9 or more,central mat clogging,dilute and refilter,115
mpq_3468eecca90131,mem_scene_00077,images/mem_scene_00077.png,qc_action,What is the best next triage action for this field of view?,count now,reimage focus,dilute and refilter,manual review,C,hard,overloaded,centered,standard,beads,lower_right,red,55,9 or more,central mat clogging,dilute and refilter,115
mpq_f22741166cbad6,mem_scene_00078,images/mem_scene_00078.png,dominant_particle_family,Which suspicious particle family is most common in this membrane field?,fibers,fragments,beads,films,D,medium,glare,centered,standard,films,upper_right,clear or pale,8,6-8,light edge clogging,count now,55
mpq_3d780e5e9c9bf6,mem_scene_00078,images/mem_scene_00078.png,hotspot_quadrant,Which quadrant contains the densest suspicious-particle hotspot?,upper left,upper right,lower left,lower right,B,medium,glare,centered,standard,films,upper_right,clear or pale,8,6-8,light edge clogging,count now,55
mpq_7c4f7f684ddc0e,mem_scene_00078,images/mem_scene_00078.png,fiber_tint,What tint is most common among the visible fibers?,blue,red,black,clear or pale,D,medium,glare,centered,standard,films,upper_right,clear or pale,8,6-8,light edge clogging,count now,55
mpq_b445f7ea1352a7,mem_scene_00078,images/mem_scene_00078.png,bead_count,How many round bead-like microplastic particles are visible?,0-12,13-18,19-24,25 or more,A,medium,glare,centered,standard,films,upper_right,clear or pale,8,0-12,light edge clogging,count now,55
mpq_cb899acedcc516,mem_scene_00078,images/mem_scene_00078.png,clogging_state,Which membrane clogging pattern best describes this field?,open pores,light edge clogging,central mat clogging,patchy multi-zone clogging,B,medium,glare,centered,standard,films,upper_right,clear or pale,8,6-8,light edge clogging,count now,55
mpq_ed33e5a21d16aa,mem_scene_00078,images/mem_scene_00078.png,qc_action,What is the best next triage action for this field of view?,count now,reimage focus,dilute and refilter,manual review,B,medium,glare,centered,standard,films,upper_right,clear or pale,8,6-8,light edge clogging,reimage focus,55
mpq_cae3ab637f1f60,mem_scene_00079,images/mem_scene_00079.png,dominant_particle_family,Which suspicious particle family is most common in this membrane field?,fibers,fragments,beads,films,D,easy,biofilm,edge_loaded,edge_shadow,films,lower_left,blue,6,6-8,open pores,manual review,41
mpq_5f68b044503fd9,mem_scene_00079,images/mem_scene_00079.png,hotspot_quadrant,Which quadrant contains the densest suspicious-particle hotspot?,upper left,upper right,lower left,lower right,C,easy,biofilm,edge_loaded,edge_shadow,films,lower_left,blue,6,6-8,open pores,manual review,41
mpq_126b83d70b13e1,mem_scene_00079,images/mem_scene_00079.png,fiber_tint,What tint is most common among the visible fibers?,blue,red,black,clear or pale,A,easy,biofilm,edge_loaded,edge_shadow,films,lower_left,blue,6,6-8,open pores,manual review,41
mpq_1df5409c20ce0d,mem_scene_00079,images/mem_scene_00079.png,bead_count,How many round bead-like microplastic particles are visible?,0-12,13-18,19-24,25 or more,A,easy,biofilm,edge_loaded,edge_shadow,films,lower_left,blue,6,0-12,open pores,manual review,41
mpq_a2da3c8dca26ea,mem_scene_00079,images/mem_scene_00079.png,clogging_state,Which membrane clogging pattern best describes this field?,open pores,light edge clogging,central mat clogging,patchy multi-zone clogging,A,easy,biofilm,edge_loaded,edge_shadow,films,lower_left,blue,6,6-8,open pores,manual review,41
mpq_27ca6c76ff428c,mem_scene_00079,images/mem_scene_00079.png,qc_action,What is the best next triage action for this field of view?,count now,reimage focus,dilute and refilter,manual review,D,easy,biofilm,edge_loaded,edge_shadow,films,lower_left,blue,6,6-8,open pores,manual review,41
mpq_b006e1b6dedba8,mem_scene_00080,images/mem_scene_00080.png,dominant_particle_family,Which suspicious particle family is most common in this membrane field?,fibers,fragments,beads,films,A,medium,low_contrast,centered,blue_stain,fibers,lower_left,blue,8,6-8,central mat clogging,count now,54
mpq_6926ee2665b7db,mem_scene_00080,images/mem_scene_00080.png,hotspot_quadrant,Which quadrant contains the densest suspicious-particle hotspot?,upper left,upper right,lower left,lower right,C,medium,low_contrast,centered,blue_stain,fibers,lower_left,blue,8,6-8,central mat clogging,count now,54
mpq_0aa830f2306c2a,mem_scene_00080,images/mem_scene_00080.png,fiber_tint,What tint is most common among the visible fibers?,blue,red,black,clear or pale,A,medium,low_contrast,centered,blue_stain,fibers,lower_left,blue,8,6-8,central mat clogging,count now,54
mpq_e8c34b062e49b7,mem_scene_00080,images/mem_scene_00080.png,bead_count,How many round bead-like microplastic particles are visible?,0-12,13-18,19-24,25 or more,A,medium,low_contrast,centered,blue_stain,fibers,lower_left,blue,8,0-12,central mat clogging,count now,54
mpq_ec133fca0d11df,mem_scene_00080,images/mem_scene_00080.png,clogging_state,Which membrane clogging pattern best describes this field?,open pores,light edge clogging,central mat clogging,patchy multi-zone clogging,C,medium,low_contrast,centered,blue_stain,fibers,lower_left,blue,8,6-8,central mat clogging,count now,54
mpq_81ca2256e54954,mem_scene_00080,images/mem_scene_00080.png,qc_action,What is the best next triage action for this field of view?,count now,reimage focus,dilute and refilter,manual review,B,medium,low_contrast,centered,blue_stain,fibers,lower_left,blue,8,6-8,central mat clogging,reimage focus,54
mpq_e02fecccf4c09c,mem_scene_00081,images/mem_scene_00081.png,dominant_particle_family,Which suspicious particle family is most common in this membrane field?,fibers,fragments,beads,films,A,medium,clear,edge_loaded,edge_shadow,fibers,lower_left,black,17,9 or more,open pores,manual review,67
mpq_9515bce9bd5a69,mem_scene_00081,images/mem_scene_00081.png,hotspot_quadrant,Which quadrant contains the densest suspicious-particle hotspot?,upper left,upper right,lower left,lower right,C,medium,clear,edge_loaded,edge_shadow,fibers,lower_left,black,17,9 or more,open pores,manual review,67
mpq_e622f1afdd77e3,mem_scene_00081,images/mem_scene_00081.png,fiber_tint,What tint is most common among the visible fibers?,blue,red,black,clear or pale,C,medium,clear,edge_loaded,edge_shadow,fibers,lower_left,black,17,9 or more,open pores,manual review,67
mpq_f813f3fbc80522,mem_scene_00081,images/mem_scene_00081.png,bead_count,How many round bead-like microplastic particles are visible?,0-12,13-18,19-24,25 or more,B,medium,clear,edge_loaded,edge_shadow,fibers,lower_left,black,17,13-18,open pores,manual review,67
mpq_c3b86df53e0cc2,mem_scene_00081,images/mem_scene_00081.png,clogging_state,Which membrane clogging pattern best describes this field?,open pores,light edge clogging,central mat clogging,patchy multi-zone clogging,A,medium,clear,edge_loaded,edge_shadow,fibers,lower_left,black,17,9 or more,open pores,manual review,67
mpq_a2c0b3901aba26,mem_scene_00081,images/mem_scene_00081.png,qc_action,What is the best next triage action for this field of view?,count now,reimage focus,dilute and refilter,manual review,D,medium,clear,edge_loaded,edge_shadow,fibers,lower_left,black,17,9 or more,open pores,manual review,67
mpq_9be9087a98ce56,mem_scene_00082,images/mem_scene_00082.png,dominant_particle_family,Which suspicious particle family is most common in this membrane field?,fibers,fragments,beads,films,C,medium,clear,edge_loaded,blue_stain,beads,upper_left,red,20,9 or more,central mat clogging,count now,65
mpq_4e34b5de398f7d,mem_scene_00082,images/mem_scene_00082.png,hotspot_quadrant,Which quadrant contains the densest suspicious-particle hotspot?,upper left,upper right,lower left,lower right,A,medium,clear,edge_loaded,blue_stain,beads,upper_left,red,20,9 or more,central mat clogging,count now,65
mpq_cdede975573e79,mem_scene_00082,images/mem_scene_00082.png,fiber_tint,What tint is most common among the visible fibers?,blue,red,black,clear or pale,B,medium,clear,edge_loaded,blue_stain,beads,upper_left,red,20,9 or more,central mat clogging,count now,65
mpq_36e25a4abb1d40,mem_scene_00082,images/mem_scene_00082.png,bead_count,How many round bead-like microplastic particles are visible?,0-12,13-18,19-24,25 or more,C,medium,clear,edge_loaded,blue_stain,beads,upper_left,red,20,19-24,central mat clogging,count now,65
mpq_7eb1b4067a0000,mem_scene_00082,images/mem_scene_00082.png,clogging_state,Which membrane clogging pattern best describes this field?,open pores,light edge clogging,central mat clogging,patchy multi-zone clogging,C,medium,clear,edge_loaded,blue_stain,beads,upper_left,red,20,9 or more,central mat clogging,count now,65
mpq_89a8873b7f021c,mem_scene_00082,images/mem_scene_00082.png,qc_action,What is the best next triage action for this field of view?,count now,reimage focus,dilute and refilter,manual review,A,medium,clear,edge_loaded,blue_stain,beads,upper_left,red,20,9 or more,central mat clogging,count now,65
mpq_29eedac989d465,mem_scene_00083,images/mem_scene_00083.png,dominant_particle_family,Which suspicious particle family is most common in this membrane field?,fibers,fragments,beads,films,C,hard,overloaded,centered,blue_stain,beads,upper_left,blue,45,9 or more,open pores,dilute and refilter,117
mpq_384a4a8f66e5c1,mem_scene_00083,images/mem_scene_00083.png,hotspot_quadrant,Which quadrant contains the densest suspicious-particle hotspot?,upper left,upper right,lower left,lower right,A,hard,overloaded,centered,blue_stain,beads,upper_left,blue,45,9 or more,open pores,dilute and refilter,117
mpq_3c4da1e72bb847,mem_scene_00083,images/mem_scene_00083.png,fiber_tint,What tint is most common among the visible fibers?,blue,red,black,clear or pale,A,hard,overloaded,centered,blue_stain,beads,upper_left,blue,45,9 or more,open pores,dilute and refilter,117
mpq_c5acdec851f656,mem_scene_00083,images/mem_scene_00083.png,bead_count,How many round bead-like microplastic particles are visible?,0-12,13-18,19-24,25 or more,D,hard,overloaded,centered,blue_stain,beads,upper_left,blue,45,25 or more,open pores,dilute and refilter,117
mpq_3b07fd1c560320,mem_scene_00083,images/mem_scene_00083.png,clogging_state,Which membrane clogging pattern best describes this field?,open pores,light edge clogging,central mat clogging,patchy multi-zone clogging,A,hard,overloaded,centered,blue_stain,beads,upper_left,blue,45,9 or more,open pores,dilute and refilter,117
mpq_4b7be44b238078,mem_scene_00083,images/mem_scene_00083.png,qc_action,What is the best next triage action for this field of view?,count now,reimage focus,dilute and refilter,manual review,C,hard,overloaded,centered,blue_stain,beads,upper_left,blue,45,9 or more,open pores,dilute and refilter,117
mpq_631e9cbc56682e,mem_scene_00084,images/mem_scene_00084.png,dominant_particle_family,Which suspicious particle family is most common in this membrane field?,fibers,fragments,beads,films,D,easy,clear,centered,standard,films,upper_left,clear or pale,3,3-5,patchy multi-zone clogging,count now,35
mpq_0f0cf4512d2e4f,mem_scene_00084,images/mem_scene_00084.png,hotspot_quadrant,Which quadrant contains the densest suspicious-particle hotspot?,upper left,upper right,lower left,lower right,A,easy,clear,centered,standard,films,upper_left,clear or pale,3,3-5,patchy multi-zone clogging,count now,35
mpq_9da181ab8a0a63,mem_scene_00084,images/mem_scene_00084.png,fiber_tint,What tint is most common among the visible fibers?,blue,red,black,clear or pale,D,easy,clear,centered,standard,films,upper_left,clear or pale,3,3-5,patchy multi-zone clogging,count now,35
mpq_f38a97e93a85ff,mem_scene_00084,images/mem_scene_00084.png,bead_count,How many round bead-like microplastic particles are visible?,0-12,13-18,19-24,25 or more,A,easy,clear,centered,standard,films,upper_left,clear or pale,3,0-12,patchy multi-zone clogging,count now,35
mpq_4ba91bb7357450,mem_scene_00084,images/mem_scene_00084.png,clogging_state,Which membrane clogging pattern best describes this field?,open pores,light edge clogging,central mat clogging,patchy multi-zone clogging,D,easy,clear,centered,standard,films,upper_left,clear or pale,3,3-5,patchy multi-zone clogging,count now,35
mpq_5a77a5962a0c6b,mem_scene_00084,images/mem_scene_00084.png,qc_action,What is the best next triage action for this field of view?,count now,reimage focus,dilute and refilter,manual review,A,easy,clear,centered,standard,films,upper_left,clear or pale,3,3-5,patchy multi-zone clogging,count now,35
mpq_cbf07cda107754,mem_scene_00085,images/mem_scene_00085.png,dominant_particle_family,Which suspicious particle family is most common in this membrane field?,fibers,fragments,beads,films,D,medium,overloaded,centered,standard,films,lower_right,clear or pale,14,9 or more,central mat clogging,dilute and refilter,63
mpq_807d1a2fc2d4e3,mem_scene_00085,images/mem_scene_00085.png,hotspot_quadrant,Which quadrant contains the densest suspicious-particle hotspot?,upper left,upper right,lower left,lower right,D,medium,overloaded,centered,standard,films,lower_right,clear or pale,14,9 or more,central mat clogging,dilute and refilter,63
mpq_f4a955d09cb5cd,mem_scene_00085,images/mem_scene_00085.png,fiber_tint,What tint is most common among the visible fibers?,blue,red,black,clear or pale,D,medium,overloaded,centered,standard,films,lower_right,clear or pale,14,9 or more,central mat clogging,dilute and refilter,63
mpq_ad2c87cbba259e,mem_scene_00085,images/mem_scene_00085.png,bead_count,How many round bead-like microplastic particles are visible?,0-12,13-18,19-24,25 or more,B,medium,overloaded,centered,standard,films,lower_right,clear or pale,14,13-18,central mat clogging,dilute and refilter,63
mpq_9a17bbc74d7b5c,mem_scene_00085,images/mem_scene_00085.png,clogging_state,Which membrane clogging pattern best describes this field?,open pores,light edge clogging,central mat clogging,patchy multi-zone clogging,C,medium,overloaded,centered,standard,films,lower_right,clear or pale,14,9 or more,central mat clogging,dilute and refilter,63
mpq_8bca427541115a,mem_scene_00085,images/mem_scene_00085.png,qc_action,What is the best next triage action for this field of view?,count now,reimage focus,dilute and refilter,manual review,C,medium,overloaded,centered,standard,films,lower_right,clear or pale,14,9 or more,central mat clogging,dilute and refilter,63
mpq_4f33e436f7c0c6,mem_scene_00086,images/mem_scene_00086.png,dominant_particle_family,Which suspicious particle family is most common in this membrane field?,fibers,fragments,beads,films,C,easy,low_contrast,centered,bubble_ring,beads,lower_right,blue,22,9 or more,central mat clogging,manual review,40
mpq_90c7fb9ec7a334,mem_scene_00086,images/mem_scene_00086.png,hotspot_quadrant,Which quadrant contains the densest suspicious-particle hotspot?,upper left,upper right,lower left,lower right,D,easy,low_contrast,centered,bubble_ring,beads,lower_right,blue,22,9 or more,central mat clogging,manual review,40
mpq_9fed25f8369c47,mem_scene_00086,images/mem_scene_00086.png,fiber_tint,What tint is most common among the visible fibers?,blue,red,black,clear or pale,A,easy,low_contrast,centered,bubble_ring,beads,lower_right,blue,22,9 or more,central mat clogging,manual review,40
mpq_39ca4a5820ada1,mem_scene_00086,images/mem_scene_00086.png,bead_count,How many round bead-like microplastic particles are visible?,0-12,13-18,19-24,25 or more,C,easy,low_contrast,centered,bubble_ring,beads,lower_right,blue,22,19-24,central mat clogging,manual review,40
mpq_ba02afa2a3ef8a,mem_scene_00086,images/mem_scene_00086.png,clogging_state,Which membrane clogging pattern best describes this field?,open pores,light edge clogging,central mat clogging,patchy multi-zone clogging,C,easy,low_contrast,centered,bubble_ring,beads,lower_right,blue,22,9 or more,central mat clogging,manual review,40
mpq_5cc17efa75e5a8,mem_scene_00086,images/mem_scene_00086.png,qc_action,What is the best next triage action for this field of view?,count now,reimage focus,dilute and refilter,manual review,B,easy,low_contrast,centered,bubble_ring,beads,lower_right,blue,22,9 or more,central mat clogging,reimage focus,40
mpq_a3df63e8665eb7,mem_scene_00087,images/mem_scene_00087.png,dominant_particle_family,Which suspicious particle family is most common in this membrane field?,fibers,fragments,beads,films,C,medium,glare,edge_loaded,standard,beads,upper_left,blue,25,9 or more,open pores,count now,73
mpq_9f5eb2a0cffd14,mem_scene_00087,images/mem_scene_00087.png,hotspot_quadrant,Which quadrant contains the densest suspicious-particle hotspot?,upper left,upper right,lower left,lower right,A,medium,glare,edge_loaded,standard,beads,upper_left,blue,25,9 or more,open pores,count now,73
mpq_f52181616664fc,mem_scene_00087,images/mem_scene_00087.png,fiber_tint,What tint is most common among the visible fibers?,blue,red,black,clear or pale,A,medium,glare,edge_loaded,standard,beads,upper_left,blue,25,9 or more,open pores,count now,73
mpq_3b05f2044ee73c,mem_scene_00087,images/mem_scene_00087.png,bead_count,How many round bead-like microplastic particles are visible?,0-12,13-18,19-24,25 or more,D,medium,glare,edge_loaded,standard,beads,upper_left,blue,25,25 or more,open pores,count now,73
mpq_d1034f39e3ae91,mem_scene_00087,images/mem_scene_00087.png,clogging_state,Which membrane clogging pattern best describes this field?,open pores,light edge clogging,central mat clogging,patchy multi-zone clogging,A,medium,glare,edge_loaded,standard,beads,upper_left,blue,25,9 or more,open pores,count now,73
mpq_e008b9d08cc3cc,mem_scene_00087,images/mem_scene_00087.png,qc_action,What is the best next triage action for this field of view?,count now,reimage focus,dilute and refilter,manual review,B,medium,glare,edge_loaded,standard,beads,upper_left,blue,25,9 or more,open pores,reimage focus,73
mpq_7d80cef2c04c6f,mem_scene_00088,images/mem_scene_00088.png,dominant_particle_family,Which suspicious particle family is most common in this membrane field?,fibers,fragments,beads,films,C,medium,clear,ring_bias,standard,beads,lower_left,clear or pale,23,9 or more,open pores,count now,57
mpq_687d6d95a6fcae,mem_scene_00088,images/mem_scene_00088.png,hotspot_quadrant,Which quadrant contains the densest suspicious-particle hotspot?,upper left,upper right,lower left,lower right,C,medium,clear,ring_bias,standard,beads,lower_left,clear or pale,23,9 or more,open pores,count now,57
mpq_2e0691f2ab21ff,mem_scene_00088,images/mem_scene_00088.png,fiber_tint,What tint is most common among the visible fibers?,blue,red,black,clear or pale,D,medium,clear,ring_bias,standard,beads,lower_left,clear or pale,23,9 or more,open pores,count now,57
mpq_6d01f86231abe4,mem_scene_00088,images/mem_scene_00088.png,bead_count,How many round bead-like microplastic particles are visible?,0-12,13-18,19-24,25 or more,C,medium,clear,ring_bias,standard,beads,lower_left,clear or pale,23,19-24,open pores,count now,57
mpq_be2a09e103f56a,mem_scene_00088,images/mem_scene_00088.png,clogging_state,Which membrane clogging pattern best describes this field?,open pores,light edge clogging,central mat clogging,patchy multi-zone clogging,A,medium,clear,ring_bias,standard,beads,lower_left,clear or pale,23,9 or more,open pores,count now,57
mpq_94608cadeb28e5,mem_scene_00088,images/mem_scene_00088.png,qc_action,What is the best next triage action for this field of view?,count now,reimage focus,dilute and refilter,manual review,A,medium,clear,ring_bias,standard,beads,lower_left,clear or pale,23,9 or more,open pores,count now,57
mpq_19c3c5785c453d,mem_scene_00089,images/mem_scene_00089.png,dominant_particle_family,Which suspicious particle family is most common in this membrane field?,fibers,fragments,beads,films,B,medium,biofilm,ring_bias,edge_shadow,fragments,lower_left,blue,13,9 or more,open pores,manual review,61
mpq_a4a82ad8956747,mem_scene_00089,images/mem_scene_00089.png,hotspot_quadrant,Which quadrant contains the densest suspicious-particle hotspot?,upper left,upper right,lower left,lower right,C,medium,biofilm,ring_bias,edge_shadow,fragments,lower_left,blue,13,9 or more,open pores,manual review,61
mpq_f0cb612aafe75c,mem_scene_00089,images/mem_scene_00089.png,fiber_tint,What tint is most common among the visible fibers?,blue,red,black,clear or pale,A,medium,biofilm,ring_bias,edge_shadow,fragments,lower_left,blue,13,9 or more,open pores,manual review,61
mpq_8257446f5434a6,mem_scene_00089,images/mem_scene_00089.png,bead_count,How many round bead-like microplastic particles are visible?,0-12,13-18,19-24,25 or more,B,medium,biofilm,ring_bias,edge_shadow,fragments,lower_left,blue,13,13-18,open pores,manual review,61
mpq_6f69f6a44a4bf4,mem_scene_00089,images/mem_scene_00089.png,clogging_state,Which membrane clogging pattern best describes this field?,open pores,light edge clogging,central mat clogging,patchy multi-zone clogging,A,medium,biofilm,ring_bias,edge_shadow,fragments,lower_left,blue,13,9 or more,open pores,manual review,61
mpq_bdc437400be7a7,mem_scene_00089,images/mem_scene_00089.png,qc_action,What is the best next triage action for this field of view?,count now,reimage focus,dilute and refilter,manual review,D,medium,biofilm,ring_bias,edge_shadow,fragments,lower_left,blue,13,9 or more,open pores,manual review,61
mpq_c77a76237d29da,mem_scene_00090,images/mem_scene_00090.png,dominant_particle_family,Which suspicious particle family is most common in this membrane field?,fibers,fragments,beads,films,C,medium,clear,ring_bias,edge_shadow,beads,lower_right,blue,33,9 or more,light edge clogging,manual review,73
mpq_1077c9ac5a9a4c,mem_scene_00090,images/mem_scene_00090.png,hotspot_quadrant,Which quadrant contains the densest suspicious-particle hotspot?,upper left,upper right,lower left,lower right,D,medium,clear,ring_bias,edge_shadow,beads,lower_right,blue,33,9 or more,light edge clogging,manual review,73
mpq_25bdc83546167e,mem_scene_00090,images/mem_scene_00090.png,fiber_tint,What tint is most common among the visible fibers?,blue,red,black,clear or pale,A,medium,clear,ring_bias,edge_shadow,beads,lower_right,blue,33,9 or more,light edge clogging,manual review,73
mpq_4ae2c9076cd51c,mem_scene_00090,images/mem_scene_00090.png,bead_count,How many round bead-like microplastic particles are visible?,0-12,13-18,19-24,25 or more,D,medium,clear,ring_bias,edge_shadow,beads,lower_right,blue,33,25 or more,light edge clogging,manual review,73
mpq_9e5fe0d023ddb8,mem_scene_00090,images/mem_scene_00090.png,clogging_state,Which membrane clogging pattern best describes this field?,open pores,light edge clogging,central mat clogging,patchy multi-zone clogging,B,medium,clear,ring_bias,edge_shadow,beads,lower_right,blue,33,9 or more,light edge clogging,manual review,73
mpq_d9dc0a212e8bc1,mem_scene_00090,images/mem_scene_00090.png,qc_action,What is the best next triage action for this field of view?,count now,reimage focus,dilute and refilter,manual review,D,medium,clear,ring_bias,edge_shadow,beads,lower_right,blue,33,9 or more,light edge clogging,manual review,73
mpq_39e891fcdade38,mem_scene_00091,images/mem_scene_00091.png,dominant_particle_family,Which suspicious particle family is most common in this membrane field?,fibers,fragments,beads,films,C,medium,clear,centered,blue_stain,beads,upper_right,black,25,9 or more,patchy multi-zone clogging,count now,64
mpq_4af10795321a78,mem_scene_00091,images/mem_scene_00091.png,hotspot_quadrant,Which quadrant contains the densest suspicious-particle hotspot?,upper left,upper right,lower left,lower right,B,medium,clear,centered,blue_stain,beads,upper_right,black,25,9 or more,patchy multi-zone clogging,count now,64
mpq_35fadf4bd324b2,mem_scene_00091,images/mem_scene_00091.png,fiber_tint,What tint is most common among the visible fibers?,blue,red,black,clear or pale,C,medium,clear,centered,blue_stain,beads,upper_right,black,25,9 or more,patchy multi-zone clogging,count now,64
mpq_edfc86159c9ddb,mem_scene_00091,images/mem_scene_00091.png,bead_count,How many round bead-like microplastic particles are visible?,0-12,13-18,19-24,25 or more,D,medium,clear,centered,blue_stain,beads,upper_right,black,25,25 or more,patchy multi-zone clogging,count now,64
mpq_c150236b531fe3,mem_scene_00091,images/mem_scene_00091.png,clogging_state,Which membrane clogging pattern best describes this field?,open pores,light edge clogging,central mat clogging,patchy multi-zone clogging,D,medium,clear,centered,blue_stain,beads,upper_right,black,25,9 or more,patchy multi-zone clogging,count now,64
mpq_138440ed34afc0,mem_scene_00091,images/mem_scene_00091.png,qc_action,What is the best next triage action for this field of view?,count now,reimage focus,dilute and refilter,manual review,A,medium,clear,centered,blue_stain,beads,upper_right,black,25,9 or more,patchy multi-zone clogging,count now,64
mpq_6d6469503b7113,mem_scene_00092,images/mem_scene_00092.png,dominant_particle_family,Which suspicious particle family is most common in this membrane field?,fibers,fragments,beads,films,B,hard,glare,edge_loaded,standard,fragments,lower_right,red,20,9 or more,open pores,reimage focus,114
mpq_2e1b947e9962a0,mem_scene_00092,images/mem_scene_00092.png,hotspot_quadrant,Which quadrant contains the densest suspicious-particle hotspot?,upper left,upper right,lower left,lower right,D,hard,glare,edge_loaded,standard,fragments,lower_right,red,20,9 or more,open pores,reimage focus,114
mpq_4193842e34156b,mem_scene_00092,images/mem_scene_00092.png,fiber_tint,What tint is most common among the visible fibers?,blue,red,black,clear or pale,B,hard,glare,edge_loaded,standard,fragments,lower_right,red,20,9 or more,open pores,reimage focus,114
mpq_6665dcb2d9e032,mem_scene_00092,images/mem_scene_00092.png,bead_count,How many round bead-like microplastic particles are visible?,0-12,13-18,19-24,25 or more,C,hard,glare,edge_loaded,standard,fragments,lower_right,red,20,19-24,open pores,reimage focus,114
mpq_dfcef2e7d9e794,mem_scene_00092,images/mem_scene_00092.png,clogging_state,Which membrane clogging pattern best describes this field?,open pores,light edge clogging,central mat clogging,patchy multi-zone clogging,A,hard,glare,edge_loaded,standard,fragments,lower_right,red,20,9 or more,open pores,reimage focus,114
mpq_7fb0776d26c444,mem_scene_00092,images/mem_scene_00092.png,qc_action,What is the best next triage action for this field of view?,count now,reimage focus,dilute and refilter,manual review,B,hard,glare,edge_loaded,standard,fragments,lower_right,red,20,9 or more,open pores,reimage focus,114
mpq_e39ca34d5f8f1b,mem_scene_00093,images/mem_scene_00093.png,dominant_particle_family,Which suspicious particle family is most common in this membrane field?,fibers,fragments,beads,films,B,medium,low_contrast,ring_bias,blue_stain,fragments,upper_left,blue,8,6-8,open pores,count now,59
mpq_a5da6be38d0afc,mem_scene_00093,images/mem_scene_00093.png,hotspot_quadrant,Which quadrant contains the densest suspicious-particle hotspot?,upper left,upper right,lower left,lower right,A,medium,low_contrast,ring_bias,blue_stain,fragments,upper_left,blue,8,6-8,open pores,count now,59
mpq_937470c23b07a5,mem_scene_00093,images/mem_scene_00093.png,fiber_tint,What tint is most common among the visible fibers?,blue,red,black,clear or pale,A,medium,low_contrast,ring_bias,blue_stain,fragments,upper_left,blue,8,6-8,open pores,count now,59
mpq_3eddfe1648e3fa,mem_scene_00093,images/mem_scene_00093.png,bead_count,How many round bead-like microplastic particles are visible?,0-12,13-18,19-24,25 or more,A,medium,low_contrast,ring_bias,blue_stain,fragments,upper_left,blue,8,0-12,open pores,count now,59
mpq_2dd14411d2c820,mem_scene_00093,images/mem_scene_00093.png,clogging_state,Which membrane clogging pattern best describes this field?,open pores,light edge clogging,central mat clogging,patchy multi-zone clogging,A,medium,low_contrast,ring_bias,blue_stain,fragments,upper_left,blue,8,6-8,open pores,count now,59
mpq_bdb15eaf52222d,mem_scene_00093,images/mem_scene_00093.png,qc_action,What is the best next triage action for this field of view?,count now,reimage focus,dilute and refilter,manual review,B,medium,low_contrast,ring_bias,blue_stain,fragments,upper_left,blue,8,6-8,open pores,reimage focus,59
mpq_33223a4f5294dc,mem_scene_00094,images/mem_scene_00094.png,dominant_particle_family,Which suspicious particle family is most common in this membrane field?,fibers,fragments,beads,films,A,hard,clear,ring_bias,standard,fibers,lower_right,blue,15,9 or more,central mat clogging,dilute and refilter,78
mpq_dfd1aa3446995f,mem_scene_00094,images/mem_scene_00094.png,hotspot_quadrant,Which quadrant contains the densest suspicious-particle hotspot?,upper left,upper right,lower left,lower right,D,hard,clear,ring_bias,standard,fibers,lower_right,blue,15,9 or more,central mat clogging,dilute and refilter,78
mpq_785b83844a4f10,mem_scene_00094,images/mem_scene_00094.png,fiber_tint,What tint is most common among the visible fibers?,blue,red,black,clear or pale,A,hard,clear,ring_bias,standard,fibers,lower_right,blue,15,9 or more,central mat clogging,dilute and refilter,78
mpq_25e7c60cf6dbf6,mem_scene_00094,images/mem_scene_00094.png,bead_count,How many round bead-like microplastic particles are visible?,0-12,13-18,19-24,25 or more,B,hard,clear,ring_bias,standard,fibers,lower_right,blue,15,13-18,central mat clogging,dilute and refilter,78
mpq_f0639af77c3b42,mem_scene_00094,images/mem_scene_00094.png,clogging_state,Which membrane clogging pattern best describes this field?,open pores,light edge clogging,central mat clogging,patchy multi-zone clogging,C,hard,clear,ring_bias,standard,fibers,lower_right,blue,15,9 or more,central mat clogging,dilute and refilter,78
mpq_8498545b5a1826,mem_scene_00094,images/mem_scene_00094.png,qc_action,What is the best next triage action for this field of view?,count now,reimage focus,dilute and refilter,manual review,C,hard,clear,ring_bias,standard,fibers,lower_right,blue,15,9 or more,central mat clogging,dilute and refilter,78
mpq_60e56d1aacc801,mem_scene_00095,images/mem_scene_00095.png,dominant_particle_family,Which suspicious particle family is most common in this membrane field?,fibers,fragments,beads,films,B,easy,overloaded,centered,blue_stain,fragments,lower_right,black,4,3-5,light edge clogging,dilute and refilter,24
mpq_a0a63fbcd115d7,mem_scene_00095,images/mem_scene_00095.png,hotspot_quadrant,Which quadrant contains the densest suspicious-particle hotspot?,upper left,upper right,lower left,lower right,D,easy,overloaded,centered,blue_stain,fragments,lower_right,black,4,3-5,light edge clogging,dilute and refilter,24
mpq_d46b99421c8b65,mem_scene_00095,images/mem_scene_00095.png,fiber_tint,What tint is most common among the visible fibers?,blue,red,black,clear or pale,C,easy,overloaded,centered,blue_stain,fragments,lower_right,black,4,3-5,light edge clogging,dilute and refilter,24
mpq_66c234b691dbea,mem_scene_00095,images/mem_scene_00095.png,bead_count,How many round bead-like microplastic particles are visible?,0-12,13-18,19-24,25 or more,A,easy,overloaded,centered,blue_stain,fragments,lower_right,black,4,0-12,light edge clogging,dilute and refilter,24
mpq_f0bf5b34fe0d2d,mem_scene_00095,images/mem_scene_00095.png,clogging_state,Which membrane clogging pattern best describes this field?,open pores,light edge clogging,central mat clogging,patchy multi-zone clogging,B,easy,overloaded,centered,blue_stain,fragments,lower_right,black,4,3-5,light edge clogging,dilute and refilter,24
mpq_5b4c3c7ac90701,mem_scene_00095,images/mem_scene_00095.png,qc_action,What is the best next triage action for this field of view?,count now,reimage focus,dilute and refilter,manual review,C,easy,overloaded,centered,blue_stain,fragments,lower_right,black,4,3-5,light edge clogging,dilute and refilter,24
mpq_f951b8ef0e9a5d,mem_scene_00096,images/mem_scene_00096.png,dominant_particle_family,Which suspicious particle family is most common in this membrane field?,fibers,fragments,beads,films,D,easy,glare,centered,standard,films,upper_right,blue,3,3-5,open pores,count now,25
mpq_1c134bc2baa74f,mem_scene_00096,images/mem_scene_00096.png,hotspot_quadrant,Which quadrant contains the densest suspicious-particle hotspot?,upper left,upper right,lower left,lower right,B,easy,glare,centered,standard,films,upper_right,blue,3,3-5,open pores,count now,25
mpq_e5cc8b530b40ed,mem_scene_00096,images/mem_scene_00096.png,fiber_tint,What tint is most common among the visible fibers?,blue,red,black,clear or pale,A,easy,glare,centered,standard,films,upper_right,blue,3,3-5,open pores,count now,25
mpq_36edbc38e234e6,mem_scene_00096,images/mem_scene_00096.png,bead_count,How many round bead-like microplastic particles are visible?,0-12,13-18,19-24,25 or more,A,easy,glare,centered,standard,films,upper_right,blue,3,0-12,open pores,count now,25
mpq_d36020e64a4443,mem_scene_00096,images/mem_scene_00096.png,clogging_state,Which membrane clogging pattern best describes this field?,open pores,light edge clogging,central mat clogging,patchy multi-zone clogging,A,easy,glare,centered,standard,films,upper_right,blue,3,3-5,open pores,count now,25
mpq_1ef8172083fce7,mem_scene_00096,images/mem_scene_00096.png,qc_action,What is the best next triage action for this field of view?,count now,reimage focus,dilute and refilter,manual review,B,easy,glare,centered,standard,films,upper_right,blue,3,3-5,open pores,reimage focus,25
mpq_06c89579f06153,mem_scene_00097,images/mem_scene_00097.png,dominant_particle_family,Which suspicious particle family is most common in this membrane field?,fibers,fragments,beads,films,D,medium,clear,edge_loaded,edge_shadow,films,upper_left,red,13,9 or more,open pores,manual review,60
mpq_839829b66cfe8e,mem_scene_00097,images/mem_scene_00097.png,hotspot_quadrant,Which quadrant contains the densest suspicious-particle hotspot?,upper left,upper right,lower left,lower right,A,medium,clear,edge_loaded,edge_shadow,films,upper_left,red,13,9 or more,open pores,manual review,60
mpq_eef94e5184fa47,mem_scene_00097,images/mem_scene_00097.png,fiber_tint,What tint is most common among the visible fibers?,blue,red,black,clear or pale,B,medium,clear,edge_loaded,edge_shadow,films,upper_left,red,13,9 or more,open pores,manual review,60
mpq_66bdac2074fada,mem_scene_00097,images/mem_scene_00097.png,bead_count,How many round bead-like microplastic particles are visible?,0-12,13-18,19-24,25 or more,B,medium,clear,edge_loaded,edge_shadow,films,upper_left,red,13,13-18,open pores,manual review,60
mpq_76c692072eece9,mem_scene_00097,images/mem_scene_00097.png,clogging_state,Which membrane clogging pattern best describes this field?,open pores,light edge clogging,central mat clogging,patchy multi-zone clogging,A,medium,clear,edge_loaded,edge_shadow,films,upper_left,red,13,9 or more,open pores,manual review,60
mpq_baddaea2667111,mem_scene_00097,images/mem_scene_00097.png,qc_action,What is the best next triage action for this field of view?,count now,reimage focus,dilute and refilter,manual review,D,medium,clear,edge_loaded,edge_shadow,films,upper_left,red,13,9 or more,open pores,manual review,60
mpq_6a461d2e7323ff,mem_scene_00098,images/mem_scene_00098.png,dominant_particle_family,Which suspicious particle family is most common in this membrane field?,fibers,fragments,beads,films,D,medium,clear,centered,standard,films,lower_right,blue,12,9 or more,light edge clogging,count now,73
mpq_7e4fba454ca8c4,mem_scene_00098,images/mem_scene_00098.png,hotspot_quadrant,Which quadrant contains the densest suspicious-particle hotspot?,upper left,upper right,lower left,lower right,D,medium,clear,centered,standard,films,lower_right,blue,12,9 or more,light edge clogging,count now,73
mpq_b92d8b76c1c64f,mem_scene_00098,images/mem_scene_00098.png,fiber_tint,What tint is most common among the visible fibers?,blue,red,black,clear or pale,A,medium,clear,centered,standard,films,lower_right,blue,12,9 or more,light edge clogging,count now,73
mpq_139942beaa3e63,mem_scene_00098,images/mem_scene_00098.png,bead_count,How many round bead-like microplastic particles are visible?,0-12,13-18,19-24,25 or more,A,medium,clear,centered,standard,films,lower_right,blue,12,0-12,light edge clogging,count now,73
mpq_c6f75a0c97ecf2,mem_scene_00098,images/mem_scene_00098.png,clogging_state,Which membrane clogging pattern best describes this field?,open pores,light edge clogging,central mat clogging,patchy multi-zone clogging,B,medium,clear,centered,standard,films,lower_right,blue,12,9 or more,light edge clogging,count now,73
mpq_1993cecc5de5f4,mem_scene_00098,images/mem_scene_00098.png,qc_action,What is the best next triage action for this field of view?,count now,reimage focus,dilute and refilter,manual review,A,medium,clear,centered,standard,films,lower_right,blue,12,9 or more,light edge clogging,count now,73
mpq_b3e70041a6c82a,mem_scene_00099,images/mem_scene_00099.png,dominant_particle_family,Which suspicious particle family is most common in this membrane field?,fibers,fragments,beads,films,C,medium,low_contrast,centered,standard,beads,lower_left,blue,28,9 or more,patchy multi-zone clogging,count now,65
mpq_89e243beabc730,mem_scene_00099,images/mem_scene_00099.png,hotspot_quadrant,Which quadrant contains the densest suspicious-particle hotspot?,upper left,upper right,lower left,lower right,C,medium,low_contrast,centered,standard,beads,lower_left,blue,28,9 or more,patchy multi-zone clogging,count now,65
mpq_b295cddf2935bf,mem_scene_00099,images/mem_scene_00099.png,fiber_tint,What tint is most common among the visible fibers?,blue,red,black,clear or pale,A,medium,low_contrast,centered,standard,beads,lower_left,blue,28,9 or more,patchy multi-zone clogging,count now,65
mpq_42824f5e039ba0,mem_scene_00099,images/mem_scene_00099.png,bead_count,How many round bead-like microplastic particles are visible?,0-12,13-18,19-24,25 or more,D,medium,low_contrast,centered,standard,beads,lower_left,blue,28,25 or more,patchy multi-zone clogging,count now,65
mpq_cb8807cccea072,mem_scene_00099,images/mem_scene_00099.png,clogging_state,Which membrane clogging pattern best describes this field?,open pores,light edge clogging,central mat clogging,patchy multi-zone clogging,D,medium,low_contrast,centered,standard,beads,lower_left,blue,28,9 or more,patchy multi-zone clogging,count now,65
mpq_8276013216c1b6,mem_scene_00099,images/mem_scene_00099.png,qc_action,What is the best next triage action for this field of view?,count now,reimage focus,dilute and refilter,manual review,B,medium,low_contrast,centered,standard,beads,lower_left,blue,28,9 or more,patchy multi-zone clogging,reimage focus,65
mpq_88c055d1f3dd79,mem_scene_00100,images/mem_scene_00100.png,dominant_particle_family,Which suspicious particle family is most common in this membrane field?,fibers,fragments,beads,films,D,hard,low_contrast,centered,standard,films,lower_left,clear or pale,24,9 or more,patchy multi-zone clogging,reimage focus,117
mpq_8d2129e6e1ee3f,mem_scene_00100,images/mem_scene_00100.png,hotspot_quadrant,Which quadrant contains the densest suspicious-particle hotspot?,upper left,upper right,lower left,lower right,C,hard,low_contrast,centered,standard,films,lower_left,clear or pale,24,9 or more,patchy multi-zone clogging,reimage focus,117
mpq_1be90b8011d530,mem_scene_00100,images/mem_scene_00100.png,fiber_tint,What tint is most common among the visible fibers?,blue,red,black,clear or pale,D,hard,low_contrast,centered,standard,films,lower_left,clear or pale,24,9 or more,patchy multi-zone clogging,reimage focus,117
mpq_22117711f580a3,mem_scene_00100,images/mem_scene_00100.png,bead_count,How many round bead-like microplastic particles are visible?,0-12,13-18,19-24,25 or more,C,hard,low_contrast,centered,standard,films,lower_left,clear or pale,24,19-24,patchy multi-zone clogging,reimage focus,117
mpq_054e20651ed816,mem_scene_00100,images/mem_scene_00100.png,clogging_state,Which membrane clogging pattern best describes this field?,open pores,light edge clogging,central mat clogging,patchy multi-zone clogging,D,hard,low_contrast,centered,standard,films,lower_left,clear or pale,24,9 or more,patchy multi-zone clogging,reimage focus,117
mpq_0c8cb39f1e3f85,mem_scene_00100,images/mem_scene_00100.png,qc_action,What is the best next triage action for this field of view?,count now,reimage focus,dilute and refilter,manual review,B,hard,low_contrast,centered,standard,films,lower_left,clear or pale,24,9 or more,patchy multi-zone clogging,reimage focus,117
mpq_a9da0d88fecb68,mem_scene_00101,images/mem_scene_00101.png,dominant_particle_family,Which suspicious particle family is most common in this membrane field?,fibers,fragments,beads,films,D,easy,clear,centered,standard,films,lower_right,clear or pale,6,6-8,central mat clogging,count now,40
mpq_c18b60e103d2ed,mem_scene_00101,images/mem_scene_00101.png,hotspot_quadrant,Which quadrant contains the densest suspicious-particle hotspot?,upper left,upper right,lower left,lower right,D,easy,clear,centered,standard,films,lower_right,clear or pale,6,6-8,central mat clogging,count now,40
mpq_85a73f5e44f380,mem_scene_00101,images/mem_scene_00101.png,fiber_tint,What tint is most common among the visible fibers?,blue,red,black,clear or pale,D,easy,clear,centered,standard,films,lower_right,clear or pale,6,6-8,central mat clogging,count now,40
mpq_ee6c2494fa0683,mem_scene_00101,images/mem_scene_00101.png,bead_count,How many round bead-like microplastic particles are visible?,0-12,13-18,19-24,25 or more,A,easy,clear,centered,standard,films,lower_right,clear or pale,6,0-12,central mat clogging,count now,40
mpq_20d9e6f3ca5d3a,mem_scene_00101,images/mem_scene_00101.png,clogging_state,Which membrane clogging pattern best describes this field?,open pores,light edge clogging,central mat clogging,patchy multi-zone clogging,C,easy,clear,centered,standard,films,lower_right,clear or pale,6,6-8,central mat clogging,count now,40
mpq_139b172b2091ff,mem_scene_00101,images/mem_scene_00101.png,qc_action,What is the best next triage action for this field of view?,count now,reimage focus,dilute and refilter,manual review,A,easy,clear,centered,standard,films,lower_right,clear or pale,6,6-8,central mat clogging,count now,40
mpq_54a7012a9d0e08,mem_scene_00102,images/mem_scene_00102.png,dominant_particle_family,Which suspicious particle family is most common in this membrane field?,fibers,fragments,beads,films,C,easy,overloaded,ring_bias,standard,beads,lower_left,black,13,9 or more,open pores,dilute and refilter,26
mpq_4853ba8ab729c0,mem_scene_00102,images/mem_scene_00102.png,hotspot_quadrant,Which quadrant contains the densest suspicious-particle hotspot?,upper left,upper right,lower left,lower right,C,easy,overloaded,ring_bias,standard,beads,lower_left,black,13,9 or more,open pores,dilute and refilter,26
mpq_0ecefe8dee8906,mem_scene_00102,images/mem_scene_00102.png,fiber_tint,What tint is most common among the visible fibers?,blue,red,black,clear or pale,C,easy,overloaded,ring_bias,standard,beads,lower_left,black,13,9 or more,open pores,dilute and refilter,26
mpq_73952a5f69c3b2,mem_scene_00102,images/mem_scene_00102.png,bead_count,How many round bead-like microplastic particles are visible?,0-12,13-18,19-24,25 or more,B,easy,overloaded,ring_bias,standard,beads,lower_left,black,13,13-18,open pores,dilute and refilter,26
mpq_2c7cff538e1f23,mem_scene_00102,images/mem_scene_00102.png,clogging_state,Which membrane clogging pattern best describes this field?,open pores,light edge clogging,central mat clogging,patchy multi-zone clogging,A,easy,overloaded,ring_bias,standard,beads,lower_left,black,13,9 or more,open pores,dilute and refilter,26
mpq_cfffec9cc477aa,mem_scene_00102,images/mem_scene_00102.png,qc_action,What is the best next triage action for this field of view?,count now,reimage focus,dilute and refilter,manual review,C,easy,overloaded,ring_bias,standard,beads,lower_left,black,13,9 or more,open pores,dilute and refilter,26
mpq_71c301e32e8c73,mem_scene_00103,images/mem_scene_00103.png,dominant_particle_family,Which suspicious particle family is most common in this membrane field?,fibers,fragments,beads,films,B,medium,glare,edge_loaded,standard,fragments,upper_left,blue,12,9 or more,central mat clogging,count now,72
mpq_7583eef9ee99e5,mem_scene_00103,images/mem_scene_00103.png,hotspot_quadrant,Which quadrant contains the densest suspicious-particle hotspot?,upper left,upper right,lower left,lower right,A,medium,glare,edge_loaded,standard,fragments,upper_left,blue,12,9 or more,central mat clogging,count now,72
mpq_edf48b90ef7da0,mem_scene_00103,images/mem_scene_00103.png,fiber_tint,What tint is most common among the visible fibers?,blue,red,black,clear or pale,A,medium,glare,edge_loaded,standard,fragments,upper_left,blue,12,9 or more,central mat clogging,count now,72
mpq_fa22e066dbf890,mem_scene_00103,images/mem_scene_00103.png,bead_count,How many round bead-like microplastic particles are visible?,0-12,13-18,19-24,25 or more,A,medium,glare,edge_loaded,standard,fragments,upper_left,blue,12,0-12,central mat clogging,count now,72
mpq_3cd96f3df7d723,mem_scene_00103,images/mem_scene_00103.png,clogging_state,Which membrane clogging pattern best describes this field?,open pores,light edge clogging,central mat clogging,patchy multi-zone clogging,C,medium,glare,edge_loaded,standard,fragments,upper_left,blue,12,9 or more,central mat clogging,count now,72
mpq_e41f1e49a3739c,mem_scene_00103,images/mem_scene_00103.png,qc_action,What is the best next triage action for this field of view?,count now,reimage focus,dilute and refilter,manual review,B,medium,glare,edge_loaded,standard,fragments,upper_left,blue,12,9 or more,central mat clogging,reimage focus,72
mpq_10d1135bfe1148,mem_scene_00104,images/mem_scene_00104.png,dominant_particle_family,Which suspicious particle family is most common in this membrane field?,fibers,fragments,beads,films,A,hard,overloaded,ring_bias,standard,fibers,lower_right,blue,14,9 or more,open pores,dilute and refilter,79
mpq_2a51f2856457bd,mem_scene_00104,images/mem_scene_00104.png,hotspot_quadrant,Which quadrant contains the densest suspicious-particle hotspot?,upper left,upper right,lower left,lower right,D,hard,overloaded,ring_bias,standard,fibers,lower_right,blue,14,9 or more,open pores,dilute and refilter,79
mpq_1450a8681b6cec,mem_scene_00104,images/mem_scene_00104.png,fiber_tint,What tint is most common among the visible fibers?,blue,red,black,clear or pale,A,hard,overloaded,ring_bias,standard,fibers,lower_right,blue,14,9 or more,open pores,dilute and refilter,79
mpq_a37c22e12e936e,mem_scene_00104,images/mem_scene_00104.png,bead_count,How many round bead-like microplastic particles are visible?,0-12,13-18,19-24,25 or more,B,hard,overloaded,ring_bias,standard,fibers,lower_right,blue,14,13-18,open pores,dilute and refilter,79
mpq_751b87946a527c,mem_scene_00104,images/mem_scene_00104.png,clogging_state,Which membrane clogging pattern best describes this field?,open pores,light edge clogging,central mat clogging,patchy multi-zone clogging,A,hard,overloaded,ring_bias,standard,fibers,lower_right,blue,14,9 or more,open pores,dilute and refilter,79
mpq_ce9b92a766c4df,mem_scene_00104,images/mem_scene_00104.png,qc_action,What is the best next triage action for this field of view?,count now,reimage focus,dilute and refilter,manual review,C,hard,overloaded,ring_bias,standard,fibers,lower_right,blue,14,9 or more,open pores,dilute and refilter,79
mpq_c16f6f97143010,mem_scene_00105,images/mem_scene_00105.png,dominant_particle_family,Which suspicious particle family is most common in this membrane field?,fibers,fragments,beads,films,C,easy,low_contrast,centered,blue_stain,beads,lower_right,red,18,9 or more,open pores,count now,36
mpq_8b366f3cce2030,mem_scene_00105,images/mem_scene_00105.png,hotspot_quadrant,Which quadrant contains the densest suspicious-particle hotspot?,upper left,upper right,lower left,lower right,D,easy,low_contrast,centered,blue_stain,beads,lower_right,red,18,9 or more,open pores,count now,36
mpq_51a2c960cc2062,mem_scene_00105,images/mem_scene_00105.png,fiber_tint,What tint is most common among the visible fibers?,blue,red,black,clear or pale,B,easy,low_contrast,centered,blue_stain,beads,lower_right,red,18,9 or more,open pores,count now,36
mpq_7c997aaaa2ab60,mem_scene_00105,images/mem_scene_00105.png,bead_count,How many round bead-like microplastic particles are visible?,0-12,13-18,19-24,25 or more,B,easy,low_contrast,centered,blue_stain,beads,lower_right,red,18,13-18,open pores,count now,36
mpq_b55218bf048195,mem_scene_00105,images/mem_scene_00105.png,clogging_state,Which membrane clogging pattern best describes this field?,open pores,light edge clogging,central mat clogging,patchy multi-zone clogging,A,easy,low_contrast,centered,blue_stain,beads,lower_right,red,18,9 or more,open pores,count now,36
mpq_4c580ebedbccbd,mem_scene_00105,images/mem_scene_00105.png,qc_action,What is the best next triage action for this field of view?,count now,reimage focus,dilute and refilter,manual review,B,easy,low_contrast,centered,blue_stain,beads,lower_right,red,18,9 or more,open pores,reimage focus,36
mpq_314cb4679db95b,mem_scene_00106,images/mem_scene_00106.png,dominant_particle_family,Which suspicious particle family is most common in this membrane field?,fibers,fragments,beads,films,C,medium,biofilm,centered,bubble_ring,beads,lower_left,red,32,9 or more,central mat clogging,manual review,68
mpq_6d828c4bcdfd47,mem_scene_00106,images/mem_scene_00106.png,hotspot_quadrant,Which quadrant contains the densest suspicious-particle hotspot?,upper left,upper right,lower left,lower right,C,medium,biofilm,centered,bubble_ring,beads,lower_left,red,32,9 or more,central mat clogging,manual review,68
mpq_9e0bd8106e5000,mem_scene_00106,images/mem_scene_00106.png,fiber_tint,What tint is most common among the visible fibers?,blue,red,black,clear or pale,B,medium,biofilm,centered,bubble_ring,beads,lower_left,red,32,9 or more,central mat clogging,manual review,68
mpq_98aa7644c966dd,mem_scene_00106,images/mem_scene_00106.png,bead_count,How many round bead-like microplastic particles are visible?,0-12,13-18,19-24,25 or more,D,medium,biofilm,centered,bubble_ring,beads,lower_left,red,32,25 or more,central mat clogging,manual review,68
mpq_175dfd28c875b2,mem_scene_00106,images/mem_scene_00106.png,clogging_state,Which membrane clogging pattern best describes this field?,open pores,light edge clogging,central mat clogging,patchy multi-zone clogging,C,medium,biofilm,centered,bubble_ring,beads,lower_left,red,32,9 or more,central mat clogging,manual review,68
mpq_0cadb4682424d5,mem_scene_00106,images/mem_scene_00106.png,qc_action,What is the best next triage action for this field of view?,count now,reimage focus,dilute and refilter,manual review,D,medium,biofilm,centered,bubble_ring,beads,lower_left,red,32,9 or more,central mat clogging,manual review,68
mpq_96370fe5766fb6,mem_scene_00107,images/mem_scene_00107.png,dominant_particle_family,Which suspicious particle family is most common in this membrane field?,fibers,fragments,beads,films,C,easy,glare,ring_bias,standard,beads,upper_right,clear or pale,16,9 or more,light edge clogging,count now,35
mpq_82c35ca307b626,mem_scene_00107,images/mem_scene_00107.png,hotspot_quadrant,Which quadrant contains the densest suspicious-particle hotspot?,upper left,upper right,lower left,lower right,B,easy,glare,ring_bias,standard,beads,upper_right,clear or pale,16,9 or more,light edge clogging,count now,35
mpq_33c4cc20f24e7c,mem_scene_00107,images/mem_scene_00107.png,fiber_tint,What tint is most common among the visible fibers?,blue,red,black,clear or pale,D,easy,glare,ring_bias,standard,beads,upper_right,clear or pale,16,9 or more,light edge clogging,count now,35
mpq_5d19d95d8d01ee,mem_scene_00107,images/mem_scene_00107.png,bead_count,How many round bead-like microplastic particles are visible?,0-12,13-18,19-24,25 or more,B,easy,glare,ring_bias,standard,beads,upper_right,clear or pale,16,13-18,light edge clogging,count now,35
mpq_cb154db106cd3f,mem_scene_00107,images/mem_scene_00107.png,clogging_state,Which membrane clogging pattern best describes this field?,open pores,light edge clogging,central mat clogging,patchy multi-zone clogging,B,easy,glare,ring_bias,standard,beads,upper_right,clear or pale,16,9 or more,light edge clogging,count now,35
mpq_4c99fea4844ad5,mem_scene_00107,images/mem_scene_00107.png,qc_action,What is the best next triage action for this field of view?,count now,reimage focus,dilute and refilter,manual review,B,easy,glare,ring_bias,standard,beads,upper_right,clear or pale,16,9 or more,light edge clogging,reimage focus,35
mpq_da89c54e1f8fbc,mem_scene_00108,images/mem_scene_00108.png,dominant_particle_family,Which suspicious particle family is most common in this membrane field?,fibers,fragments,beads,films,A,medium,overloaded,ring_bias,standard,fibers,lower_left,blue,9,9 or more,central mat clogging,dilute and refilter,52
mpq_9e53735b599478,mem_scene_00108,images/mem_scene_00108.png,hotspot_quadrant,Which quadrant contains the densest suspicious-particle hotspot?,upper left,upper right,lower left,lower right,C,medium,overloaded,ring_bias,standard,fibers,lower_left,blue,9,9 or more,central mat clogging,dilute and refilter,52
mpq_a72622f71e5b46,mem_scene_00108,images/mem_scene_00108.png,fiber_tint,What tint is most common among the visible fibers?,blue,red,black,clear or pale,A,medium,overloaded,ring_bias,standard,fibers,lower_left,blue,9,9 or more,central mat clogging,dilute and refilter,52
mpq_ed0c91981bac14,mem_scene_00108,images/mem_scene_00108.png,bead_count,How many round bead-like microplastic particles are visible?,0-12,13-18,19-24,25 or more,A,medium,overloaded,ring_bias,standard,fibers,lower_left,blue,9,0-12,central mat clogging,dilute and refilter,52
mpq_a2f4763e1020e3,mem_scene_00108,images/mem_scene_00108.png,clogging_state,Which membrane clogging pattern best describes this field?,open pores,light edge clogging,central mat clogging,patchy multi-zone clogging,C,medium,overloaded,ring_bias,standard,fibers,lower_left,blue,9,9 or more,central mat clogging,dilute and refilter,52
mpq_f710a94ac0e954,mem_scene_00108,images/mem_scene_00108.png,qc_action,What is the best next triage action for this field of view?,count now,reimage focus,dilute and refilter,manual review,C,medium,overloaded,ring_bias,standard,fibers,lower_left,blue,9,9 or more,central mat clogging,dilute and refilter,52
mpq_9019350e7ea14b,mem_scene_00109,images/mem_scene_00109.png,dominant_particle_family,Which suspicious particle family is most common in this membrane field?,fibers,fragments,beads,films,A,medium,clear,ring_bias,bubble_ring,fibers,upper_left,black,18,9 or more,open pores,manual review,61
mpq_ad60746a3b0e3b,mem_scene_00109,images/mem_scene_00109.png,hotspot_quadrant,Which quadrant contains the densest suspicious-particle hotspot?,upper left,upper right,lower left,lower right,A,medium,clear,ring_bias,bubble_ring,fibers,upper_left,black,18,9 or more,open pores,manual review,61
mpq_4956a9017a16c0,mem_scene_00109,images/mem_scene_00109.png,fiber_tint,What tint is most common among the visible fibers?,blue,red,black,clear or pale,C,medium,clear,ring_bias,bubble_ring,fibers,upper_left,black,18,9 or more,open pores,manual review,61
mpq_1973158a0c5760,mem_scene_00109,images/mem_scene_00109.png,bead_count,How many round bead-like microplastic particles are visible?,0-12,13-18,19-24,25 or more,B,medium,clear,ring_bias,bubble_ring,fibers,upper_left,black,18,13-18,open pores,manual review,61
mpq_7669e646d0ddb2,mem_scene_00109,images/mem_scene_00109.png,clogging_state,Which membrane clogging pattern best describes this field?,open pores,light edge clogging,central mat clogging,patchy multi-zone clogging,A,medium,clear,ring_bias,bubble_ring,fibers,upper_left,black,18,9 or more,open pores,manual review,61
mpq_92293478146d2f,mem_scene_00109,images/mem_scene_00109.png,qc_action,What is the best next triage action for this field of view?,count now,reimage focus,dilute and refilter,manual review,D,medium,clear,ring_bias,bubble_ring,fibers,upper_left,black,18,9 or more,open pores,manual review,61
mpq_7e95fd2e2aa6e5,mem_scene_00110,images/mem_scene_00110.png,dominant_particle_family,Which suspicious particle family is most common in this membrane field?,fibers,fragments,beads,films,C,hard,low_contrast,edge_loaded,bubble_ring,beads,lower_left,blue,42,9 or more,central mat clogging,reimage focus,87
mpq_8528ffb59d9027,mem_scene_00110,images/mem_scene_00110.png,hotspot_quadrant,Which quadrant contains the densest suspicious-particle hotspot?,upper left,upper right,lower left,lower right,C,hard,low_contrast,edge_loaded,bubble_ring,beads,lower_left,blue,42,9 or more,central mat clogging,reimage focus,87
mpq_890edd69933eb9,mem_scene_00110,images/mem_scene_00110.png,fiber_tint,What tint is most common among the visible fibers?,blue,red,black,clear or pale,A,hard,low_contrast,edge_loaded,bubble_ring,beads,lower_left,blue,42,9 or more,central mat clogging,reimage focus,87
mpq_7ed7eddff9fdae,mem_scene_00110,images/mem_scene_00110.png,bead_count,How many round bead-like microplastic particles are visible?,0-12,13-18,19-24,25 or more,D,hard,low_contrast,edge_loaded,bubble_ring,beads,lower_left,blue,42,25 or more,central mat clogging,reimage focus,87
mpq_1371cdbee2829f,mem_scene_00110,images/mem_scene_00110.png,clogging_state,Which membrane clogging pattern best describes this field?,open pores,light edge clogging,central mat clogging,patchy multi-zone clogging,C,hard,low_contrast,edge_loaded,bubble_ring,beads,lower_left,blue,42,9 or more,central mat clogging,reimage focus,87
mpq_4ae97da05d5a7b,mem_scene_00110,images/mem_scene_00110.png,qc_action,What is the best next triage action for this field of view?,count now,reimage focus,dilute and refilter,manual review,B,hard,low_contrast,edge_loaded,bubble_ring,beads,lower_left,blue,42,9 or more,central mat clogging,reimage focus,87
mpq_3b2b95b9bc2dae,mem_scene_00111,images/mem_scene_00111.png,dominant_particle_family,Which suspicious particle family is most common in this membrane field?,fibers,fragments,beads,films,D,hard,clear,ring_bias,standard,films,upper_left,red,23,9 or more,open pores,count now,82
mpq_be0bb743bf2df7,mem_scene_00111,images/mem_scene_00111.png,hotspot_quadrant,Which quadrant contains the densest suspicious-particle hotspot?,upper left,upper right,lower left,lower right,A,hard,clear,ring_bias,standard,films,upper_left,red,23,9 or more,open pores,count now,82
mpq_ce42ecc49fec56,mem_scene_00111,images/mem_scene_00111.png,fiber_tint,What tint is most common among the visible fibers?,blue,red,black,clear or pale,B,hard,clear,ring_bias,standard,films,upper_left,red,23,9 or more,open pores,count now,82
mpq_e2984fe13cb45e,mem_scene_00111,images/mem_scene_00111.png,bead_count,How many round bead-like microplastic particles are visible?,0-12,13-18,19-24,25 or more,C,hard,clear,ring_bias,standard,films,upper_left,red,23,19-24,open pores,count now,82
mpq_dcb3636fd580c9,mem_scene_00111,images/mem_scene_00111.png,clogging_state,Which membrane clogging pattern best describes this field?,open pores,light edge clogging,central mat clogging,patchy multi-zone clogging,A,hard,clear,ring_bias,standard,films,upper_left,red,23,9 or more,open pores,count now,82
mpq_2a417bc7ec416e,mem_scene_00111,images/mem_scene_00111.png,qc_action,What is the best next triage action for this field of view?,count now,reimage focus,dilute and refilter,manual review,A,hard,clear,ring_bias,standard,films,upper_left,red,23,9 or more,open pores,count now,82
mpq_0ac6a6a10f2019,mem_scene_00112,images/mem_scene_00112.png,dominant_particle_family,Which suspicious particle family is most common in this membrane field?,fibers,fragments,beads,films,C,medium,glare,centered,blue_stain,beads,upper_right,black,19,9 or more,patchy multi-zone clogging,count now,49
mpq_ecebd9346eda89,mem_scene_00112,images/mem_scene_00112.png,hotspot_quadrant,Which quadrant contains the densest suspicious-particle hotspot?,upper left,upper right,lower left,lower right,B,medium,glare,centered,blue_stain,beads,upper_right,black,19,9 or more,patchy multi-zone clogging,count now,49
mpq_3b9ba5a1ccd105,mem_scene_00112,images/mem_scene_00112.png,fiber_tint,What tint is most common among the visible fibers?,blue,red,black,clear or pale,C,medium,glare,centered,blue_stain,beads,upper_right,black,19,9 or more,patchy multi-zone clogging,count now,49
mpq_90a7f94ccd008d,mem_scene_00112,images/mem_scene_00112.png,bead_count,How many round bead-like microplastic particles are visible?,0-12,13-18,19-24,25 or more,C,medium,glare,centered,blue_stain,beads,upper_right,black,19,19-24,patchy multi-zone clogging,count now,49
mpq_71f8c6ed4442ed,mem_scene_00112,images/mem_scene_00112.png,clogging_state,Which membrane clogging pattern best describes this field?,open pores,light edge clogging,central mat clogging,patchy multi-zone clogging,D,medium,glare,centered,blue_stain,beads,upper_right,black,19,9 or more,patchy multi-zone clogging,count now,49
mpq_3b7454675dc859,mem_scene_00112,images/mem_scene_00112.png,qc_action,What is the best next triage action for this field of view?,count now,reimage focus,dilute and refilter,manual review,B,medium,glare,centered,blue_stain,beads,upper_right,black,19,9 or more,patchy multi-zone clogging,reimage focus,49
mpq_1b5534fdaf591e,mem_scene_00113,images/mem_scene_00113.png,dominant_particle_family,Which suspicious particle family is most common in this membrane field?,fibers,fragments,beads,films,D,medium,low_contrast,edge_loaded,blue_stain,films,upper_right,red,10,9 or more,open pores,count now,67
mpq_6329c3eaa4c655,mem_scene_00113,images/mem_scene_00113.png,hotspot_quadrant,Which quadrant contains the densest suspicious-particle hotspot?,upper left,upper right,lower left,lower right,B,medium,low_contrast,edge_loaded,blue_stain,films,upper_right,red,10,9 or more,open pores,count now,67
mpq_6e3d33725dbbec,mem_scene_00113,images/mem_scene_00113.png,fiber_tint,What tint is most common among the visible fibers?,blue,red,black,clear or pale,B,medium,low_contrast,edge_loaded,blue_stain,films,upper_right,red,10,9 or more,open pores,count now,67
mpq_6c9ad4809201f0,mem_scene_00113,images/mem_scene_00113.png,bead_count,How many round bead-like microplastic particles are visible?,0-12,13-18,19-24,25 or more,A,medium,low_contrast,edge_loaded,blue_stain,films,upper_right,red,10,0-12,open pores,count now,67
mpq_030a2be49d86c7,mem_scene_00113,images/mem_scene_00113.png,clogging_state,Which membrane clogging pattern best describes this field?,open pores,light edge clogging,central mat clogging,patchy multi-zone clogging,A,medium,low_contrast,edge_loaded,blue_stain,films,upper_right,red,10,9 or more,open pores,count now,67
mpq_3a4c9ad5a9f0d8,mem_scene_00113,images/mem_scene_00113.png,qc_action,What is the best next triage action for this field of view?,count now,reimage focus,dilute and refilter,manual review,B,medium,low_contrast,edge_loaded,blue_stain,films,upper_right,red,10,9 or more,open pores,reimage focus,67
mpq_18ea0b69091cf0,mem_scene_00114,images/mem_scene_00114.png,dominant_particle_family,Which suspicious particle family is most common in this membrane field?,fibers,fragments,beads,films,C,hard,overloaded,centered,standard,beads,upper_right,black,50,9 or more,open pores,dilute and refilter,111
mpq_bf54cfa0d2730e,mem_scene_00114,images/mem_scene_00114.png,hotspot_quadrant,Which quadrant contains the densest suspicious-particle hotspot?,upper left,upper right,lower left,lower right,B,hard,overloaded,centered,standard,beads,upper_right,black,50,9 or more,open pores,dilute and refilter,111
mpq_c334fc4b4fd00e,mem_scene_00114,images/mem_scene_00114.png,fiber_tint,What tint is most common among the visible fibers?,blue,red,black,clear or pale,C,hard,overloaded,centered,standard,beads,upper_right,black,50,9 or more,open pores,dilute and refilter,111
mpq_85d01ada5df7f9,mem_scene_00114,images/mem_scene_00114.png,bead_count,How many round bead-like microplastic particles are visible?,0-12,13-18,19-24,25 or more,D,hard,overloaded,centered,standard,beads,upper_right,black,50,25 or more,open pores,dilute and refilter,111
mpq_7b6c162c712917,mem_scene_00114,images/mem_scene_00114.png,clogging_state,Which membrane clogging pattern best describes this field?,open pores,light edge clogging,central mat clogging,patchy multi-zone clogging,A,hard,overloaded,centered,standard,beads,upper_right,black,50,9 or more,open pores,dilute and refilter,111
mpq_b80468294949b4,mem_scene_00114,images/mem_scene_00114.png,qc_action,What is the best next triage action for this field of view?,count now,reimage focus,dilute and refilter,manual review,C,hard,overloaded,centered,standard,beads,upper_right,black,50,9 or more,open pores,dilute and refilter,111
mpq_f1fcde2ad9160f,mem_scene_00115,images/mem_scene_00115.png,dominant_particle_family,Which suspicious particle family is most common in this membrane field?,fibers,fragments,beads,films,D,hard,biofilm,centered,standard,films,lower_left,blue,20,9 or more,open pores,manual review,100
mpq_98b99a343742c0,mem_scene_00115,images/mem_scene_00115.png,hotspot_quadrant,Which quadrant contains the densest suspicious-particle hotspot?,upper left,upper right,lower left,lower right,C,hard,biofilm,centered,standard,films,lower_left,blue,20,9 or more,open pores,manual review,100
mpq_e099812c1e15b3,mem_scene_00115,images/mem_scene_00115.png,fiber_tint,What tint is most common among the visible fibers?,blue,red,black,clear or pale,A,hard,biofilm,centered,standard,films,lower_left,blue,20,9 or more,open pores,manual review,100
mpq_ac55c89187a98a,mem_scene_00115,images/mem_scene_00115.png,bead_count,How many round bead-like microplastic particles are visible?,0-12,13-18,19-24,25 or more,C,hard,biofilm,centered,standard,films,lower_left,blue,20,19-24,open pores,manual review,100
mpq_69a21982786930,mem_scene_00115,images/mem_scene_00115.png,clogging_state,Which membrane clogging pattern best describes this field?,open pores,light edge clogging,central mat clogging,patchy multi-zone clogging,A,hard,biofilm,centered,standard,films,lower_left,blue,20,9 or more,open pores,manual review,100
mpq_2849844fc2f023,mem_scene_00115,images/mem_scene_00115.png,qc_action,What is the best next triage action for this field of view?,count now,reimage focus,dilute and refilter,manual review,D,hard,biofilm,centered,standard,films,lower_left,blue,20,9 or more,open pores,manual review,100
mpq_23dd2c05f629d6,mem_scene_00116,images/mem_scene_00116.png,dominant_particle_family,Which suspicious particle family is most common in this membrane field?,fibers,fragments,beads,films,D,easy,clear,edge_loaded,standard,films,lower_right,blue,5,3-5,central mat clogging,count now,32
mpq_19924a33f81791,mem_scene_00116,images/mem_scene_00116.png,hotspot_quadrant,Which quadrant contains the densest suspicious-particle hotspot?,upper left,upper right,lower left,lower right,D,easy,clear,edge_loaded,standard,films,lower_right,blue,5,3-5,central mat clogging,count now,32
mpq_a909efc63adb8c,mem_scene_00116,images/mem_scene_00116.png,fiber_tint,What tint is most common among the visible fibers?,blue,red,black,clear or pale,A,easy,clear,edge_loaded,standard,films,lower_right,blue,5,3-5,central mat clogging,count now,32
mpq_9d6b63d1c4b386,mem_scene_00116,images/mem_scene_00116.png,bead_count,How many round bead-like microplastic particles are visible?,0-12,13-18,19-24,25 or more,A,easy,clear,edge_loaded,standard,films,lower_right,blue,5,0-12,central mat clogging,count now,32
mpq_7bebd07c2567a1,mem_scene_00116,images/mem_scene_00116.png,clogging_state,Which membrane clogging pattern best describes this field?,open pores,light edge clogging,central mat clogging,patchy multi-zone clogging,C,easy,clear,edge_loaded,standard,films,lower_right,blue,5,3-5,central mat clogging,count now,32
mpq_d9ad5489318378,mem_scene_00116,images/mem_scene_00116.png,qc_action,What is the best next triage action for this field of view?,count now,reimage focus,dilute and refilter,manual review,A,easy,clear,edge_loaded,standard,films,lower_right,blue,5,3-5,central mat clogging,count now,32
mpq_54245384b54b5a,mem_scene_00117,images/mem_scene_00117.png,dominant_particle_family,Which suspicious particle family is most common in this membrane field?,fibers,fragments,beads,films,A,medium,biofilm,diagonal_streak,bubble_ring,fibers,upper_left,red,15,9 or more,patchy multi-zone clogging,manual review,65
mpq_76f3e70bed180d,mem_scene_00117,images/mem_scene_00117.png,hotspot_quadrant,Which quadrant contains the densest suspicious-particle hotspot?,upper left,upper right,lower left,lower right,A,medium,biofilm,diagonal_streak,bubble_ring,fibers,upper_left,red,15,9 or more,patchy multi-zone clogging,manual review,65
mpq_e15d245a212586,mem_scene_00117,images/mem_scene_00117.png,fiber_tint,What tint is most common among the visible fibers?,blue,red,black,clear or pale,B,medium,biofilm,diagonal_streak,bubble_ring,fibers,upper_left,red,15,9 or more,patchy multi-zone clogging,manual review,65
mpq_20afeac9c6f781,mem_scene_00117,images/mem_scene_00117.png,bead_count,How many round bead-like microplastic particles are visible?,0-12,13-18,19-24,25 or more,B,medium,biofilm,diagonal_streak,bubble_ring,fibers,upper_left,red,15,13-18,patchy multi-zone clogging,manual review,65
mpq_4d443ca8d914ba,mem_scene_00117,images/mem_scene_00117.png,clogging_state,Which membrane clogging pattern best describes this field?,open pores,light edge clogging,central mat clogging,patchy multi-zone clogging,D,medium,biofilm,diagonal_streak,bubble_ring,fibers,upper_left,red,15,9 or more,patchy multi-zone clogging,manual review,65
mpq_1aa9e5d9c8ca73,mem_scene_00117,images/mem_scene_00117.png,qc_action,What is the best next triage action for this field of view?,count now,reimage focus,dilute and refilter,manual review,D,medium,biofilm,diagonal_streak,bubble_ring,fibers,upper_left,red,15,9 or more,patchy multi-zone clogging,manual review,65
mpq_ceef56b26e9377,mem_scene_00118,images/mem_scene_00118.png,dominant_particle_family,Which suspicious particle family is most common in this membrane field?,fibers,fragments,beads,films,A,medium,biofilm,centered,standard,fibers,lower_right,black,11,9 or more,open pores,manual review,67
mpq_925e584b73c706,mem_scene_00118,images/mem_scene_00118.png,hotspot_quadrant,Which quadrant contains the densest suspicious-particle hotspot?,upper left,upper right,lower left,lower right,D,medium,biofilm,centered,standard,fibers,lower_right,black,11,9 or more,open pores,manual review,67
mpq_e1f98836ebf500,mem_scene_00118,images/mem_scene_00118.png,fiber_tint,What tint is most common among the visible fibers?,blue,red,black,clear or pale,C,medium,biofilm,centered,standard,fibers,lower_right,black,11,9 or more,open pores,manual review,67
mpq_67dd980f74d3db,mem_scene_00118,images/mem_scene_00118.png,bead_count,How many round bead-like microplastic particles are visible?,0-12,13-18,19-24,25 or more,A,medium,biofilm,centered,standard,fibers,lower_right,black,11,0-12,open pores,manual review,67
mpq_08b937cabf864e,mem_scene_00118,images/mem_scene_00118.png,clogging_state,Which membrane clogging pattern best describes this field?,open pores,light edge clogging,central mat clogging,patchy multi-zone clogging,A,medium,biofilm,centered,standard,fibers,lower_right,black,11,9 or more,open pores,manual review,67
mpq_227190731a8062,mem_scene_00118,images/mem_scene_00118.png,qc_action,What is the best next triage action for this field of view?,count now,reimage focus,dilute and refilter,manual review,D,medium,biofilm,centered,standard,fibers,lower_right,black,11,9 or more,open pores,manual review,67
mpq_aa77398ec2aa20,mem_scene_00119,images/mem_scene_00119.png,dominant_particle_family,Which suspicious particle family is most common in this membrane field?,fibers,fragments,beads,films,B,hard,overloaded,edge_loaded,blue_stain,fragments,upper_left,black,22,9 or more,central mat clogging,dilute and refilter,108
mpq_217d94d27dd135,mem_scene_00119,images/mem_scene_00119.png,hotspot_quadrant,Which quadrant contains the densest suspicious-particle hotspot?,upper left,upper right,lower left,lower right,A,hard,overloaded,edge_loaded,blue_stain,fragments,upper_left,black,22,9 or more,central mat clogging,dilute and refilter,108
mpq_322c27e9734cd2,mem_scene_00119,images/mem_scene_00119.png,fiber_tint,What tint is most common among the visible fibers?,blue,red,black,clear or pale,C,hard,overloaded,edge_loaded,blue_stain,fragments,upper_left,black,22,9 or more,central mat clogging,dilute and refilter,108
mpq_125a7febfdc4ae,mem_scene_00119,images/mem_scene_00119.png,bead_count,How many round bead-like microplastic particles are visible?,0-12,13-18,19-24,25 or more,C,hard,overloaded,edge_loaded,blue_stain,fragments,upper_left,black,22,19-24,central mat clogging,dilute and refilter,108
mpq_5c543e6469f2dd,mem_scene_00119,images/mem_scene_00119.png,clogging_state,Which membrane clogging pattern best describes this field?,open pores,light edge clogging,central mat clogging,patchy multi-zone clogging,C,hard,overloaded,edge_loaded,blue_stain,fragments,upper_left,black,22,9 or more,central mat clogging,dilute and refilter,108
mpq_a6ceb766d12da4,mem_scene_00119,images/mem_scene_00119.png,qc_action,What is the best next triage action for this field of view?,count now,reimage focus,dilute and refilter,manual review,C,hard,overloaded,edge_loaded,blue_stain,fragments,upper_left,black,22,9 or more,central mat clogging,dilute and refilter,108
mpq_52e3e4214a5366,mem_scene_00120,images/mem_scene_00120.png,dominant_particle_family,Which suspicious particle family is most common in this membrane field?,fibers,fragments,beads,films,B,easy,clear,edge_loaded,edge_shadow,fragments,lower_left,clear or pale,2,0-2,central mat clogging,manual review,40
mpq_80a03f4e4edf3f,mem_scene_00120,images/mem_scene_00120.png,hotspot_quadrant,Which quadrant contains the densest suspicious-particle hotspot?,upper left,upper right,lower left,lower right,C,easy,clear,edge_loaded,edge_shadow,fragments,lower_left,clear or pale,2,0-2,central mat clogging,manual review,40
mpq_b66eb492d1f323,mem_scene_00120,images/mem_scene_00120.png,fiber_tint,What tint is most common among the visible fibers?,blue,red,black,clear or pale,D,easy,clear,edge_loaded,edge_shadow,fragments,lower_left,clear or pale,2,0-2,central mat clogging,manual review,40
mpq_04f00e6d263687,mem_scene_00120,images/mem_scene_00120.png,bead_count,How many round bead-like microplastic particles are visible?,0-12,13-18,19-24,25 or more,A,easy,clear,edge_loaded,edge_shadow,fragments,lower_left,clear or pale,2,0-12,central mat clogging,manual review,40
mpq_40b633d636f036,mem_scene_00120,images/mem_scene_00120.png,clogging_state,Which membrane clogging pattern best describes this field?,open pores,light edge clogging,central mat clogging,patchy multi-zone clogging,C,easy,clear,edge_loaded,edge_shadow,fragments,lower_left,clear or pale,2,0-2,central mat clogging,manual review,40
mpq_a7789bf0f05781,mem_scene_00120,images/mem_scene_00120.png,qc_action,What is the best next triage action for this field of view?,count now,reimage focus,dilute and refilter,manual review,D,easy,clear,edge_loaded,edge_shadow,fragments,lower_left,clear or pale,2,0-2,central mat clogging,manual review,40
mpq_c2b3e8588fc2ca,mem_scene_00121,images/mem_scene_00121.png,dominant_particle_family,Which suspicious particle family is most common in this membrane field?,fibers,fragments,beads,films,A,hard,clear,centered,standard,fibers,upper_right,black,17,9 or more,patchy multi-zone clogging,dilute and refilter,101
mpq_4a9010fdbbcbcf,mem_scene_00121,images/mem_scene_00121.png,hotspot_quadrant,Which quadrant contains the densest suspicious-particle hotspot?,upper left,upper right,lower left,lower right,B,hard,clear,centered,standard,fibers,upper_right,black,17,9 or more,patchy multi-zone clogging,dilute and refilter,101
mpq_ade9a7d615e75d,mem_scene_00121,images/mem_scene_00121.png,fiber_tint,What tint is most common among the visible fibers?,blue,red,black,clear or pale,C,hard,clear,centered,standard,fibers,upper_right,black,17,9 or more,patchy multi-zone clogging,dilute and refilter,101
mpq_0467cd817c490c,mem_scene_00121,images/mem_scene_00121.png,bead_count,How many round bead-like microplastic particles are visible?,0-12,13-18,19-24,25 or more,B,hard,clear,centered,standard,fibers,upper_right,black,17,13-18,patchy multi-zone clogging,dilute and refilter,101
mpq_7fb106b38ea7c9,mem_scene_00121,images/mem_scene_00121.png,clogging_state,Which membrane clogging pattern best describes this field?,open pores,light edge clogging,central mat clogging,patchy multi-zone clogging,D,hard,clear,centered,standard,fibers,upper_right,black,17,9 or more,patchy multi-zone clogging,dilute and refilter,101
mpq_94690846879ca2,mem_scene_00121,images/mem_scene_00121.png,qc_action,What is the best next triage action for this field of view?,count now,reimage focus,dilute and refilter,manual review,C,hard,clear,centered,standard,fibers,upper_right,black,17,9 or more,patchy multi-zone clogging,dilute and refilter,101
mpq_7f86f39e48d967,mem_scene_00122,images/mem_scene_00122.png,dominant_particle_family,Which suspicious particle family is most common in this membrane field?,fibers,fragments,beads,films,A,medium,overloaded,centered,edge_shadow,fibers,upper_left,blue,7,6-8,light edge clogging,dilute and refilter,50
mpq_0d162d6ae6a441,mem_scene_00122,images/mem_scene_00122.png,hotspot_quadrant,Which quadrant contains the densest suspicious-particle hotspot?,upper left,upper right,lower left,lower right,A,medium,overloaded,centered,edge_shadow,fibers,upper_left,blue,7,6-8,light edge clogging,dilute and refilter,50
mpq_7f729a6758ba0a,mem_scene_00122,images/mem_scene_00122.png,fiber_tint,What tint is most common among the visible fibers?,blue,red,black,clear or pale,A,medium,overloaded,centered,edge_shadow,fibers,upper_left,blue,7,6-8,light edge clogging,dilute and refilter,50
mpq_3e7268384a07dc,mem_scene_00122,images/mem_scene_00122.png,bead_count,How many round bead-like microplastic particles are visible?,0-12,13-18,19-24,25 or more,A,medium,overloaded,centered,edge_shadow,fibers,upper_left,blue,7,0-12,light edge clogging,dilute and refilter,50
mpq_2c0f21454be575,mem_scene_00122,images/mem_scene_00122.png,clogging_state,Which membrane clogging pattern best describes this field?,open pores,light edge clogging,central mat clogging,patchy multi-zone clogging,B,medium,overloaded,centered,edge_shadow,fibers,upper_left,blue,7,6-8,light edge clogging,dilute and refilter,50
mpq_fea11c1f3c22a4,mem_scene_00122,images/mem_scene_00122.png,qc_action,What is the best next triage action for this field of view?,count now,reimage focus,dilute and refilter,manual review,C,medium,overloaded,centered,edge_shadow,fibers,upper_left,blue,7,6-8,light edge clogging,dilute and refilter,50
mpq_2637cb75f8bfbc,mem_scene_00123,images/mem_scene_00123.png,dominant_particle_family,Which suspicious particle family is most common in this membrane field?,fibers,fragments,beads,films,C,easy,clear,edge_loaded,blue_stain,beads,upper_right,blue,22,9 or more,light edge clogging,count now,38
mpq_3e1fea6e97ae05,mem_scene_00123,images/mem_scene_00123.png,hotspot_quadrant,Which quadrant contains the densest suspicious-particle hotspot?,upper left,upper right,lower left,lower right,B,easy,clear,edge_loaded,blue_stain,beads,upper_right,blue,22,9 or more,light edge clogging,count now,38
mpq_7faa8f2caf8c4e,mem_scene_00123,images/mem_scene_00123.png,fiber_tint,What tint is most common among the visible fibers?,blue,red,black,clear or pale,A,easy,clear,edge_loaded,blue_stain,beads,upper_right,blue,22,9 or more,light edge clogging,count now,38
mpq_4237c624615e0e,mem_scene_00123,images/mem_scene_00123.png,bead_count,How many round bead-like microplastic particles are visible?,0-12,13-18,19-24,25 or more,C,easy,clear,edge_loaded,blue_stain,beads,upper_right,blue,22,19-24,light edge clogging,count now,38
mpq_57eb72a2287bbe,mem_scene_00123,images/mem_scene_00123.png,clogging_state,Which membrane clogging pattern best describes this field?,open pores,light edge clogging,central mat clogging,patchy multi-zone clogging,B,easy,clear,edge_loaded,blue_stain,beads,upper_right,blue,22,9 or more,light edge clogging,count now,38
mpq_6ab79311994db1,mem_scene_00123,images/mem_scene_00123.png,qc_action,What is the best next triage action for this field of view?,count now,reimage focus,dilute and refilter,manual review,A,easy,clear,edge_loaded,blue_stain,beads,upper_right,blue,22,9 or more,light edge clogging,count now,38
mpq_d307cc8b6eb27c,mem_scene_00124,images/mem_scene_00124.png,dominant_particle_family,Which suspicious particle family is most common in this membrane field?,fibers,fragments,beads,films,C,easy,clear,diagonal_streak,edge_shadow,beads,upper_left,blue,16,9 or more,patchy multi-zone clogging,manual review,34
mpq_df33de7989c36a,mem_scene_00124,images/mem_scene_00124.png,hotspot_quadrant,Which quadrant contains the densest suspicious-particle hotspot?,upper left,upper right,lower left,lower right,A,easy,clear,diagonal_streak,edge_shadow,beads,upper_left,blue,16,9 or more,patchy multi-zone clogging,manual review,34
mpq_f7225f75035d8d,mem_scene_00124,images/mem_scene_00124.png,fiber_tint,What tint is most common among the visible fibers?,blue,red,black,clear or pale,A,easy,clear,diagonal_streak,edge_shadow,beads,upper_left,blue,16,9 or more,patchy multi-zone clogging,manual review,34
mpq_dc9983ea35b13e,mem_scene_00124,images/mem_scene_00124.png,bead_count,How many round bead-like microplastic particles are visible?,0-12,13-18,19-24,25 or more,B,easy,clear,diagonal_streak,edge_shadow,beads,upper_left,blue,16,13-18,patchy multi-zone clogging,manual review,34
mpq_2029dd0118164f,mem_scene_00124,images/mem_scene_00124.png,clogging_state,Which membrane clogging pattern best describes this field?,open pores,light edge clogging,central mat clogging,patchy multi-zone clogging,D,easy,clear,diagonal_streak,edge_shadow,beads,upper_left,blue,16,9 or more,patchy multi-zone clogging,manual review,34
mpq_7fbd6dc578367b,mem_scene_00124,images/mem_scene_00124.png,qc_action,What is the best next triage action for this field of view?,count now,reimage focus,dilute and refilter,manual review,D,easy,clear,diagonal_streak,edge_shadow,beads,upper_left,blue,16,9 or more,patchy multi-zone clogging,manual review,34
mpq_ab8dc855553b64,mem_scene_00125,images/mem_scene_00125.png,dominant_particle_family,Which suspicious particle family is most common in this membrane field?,fibers,fragments,beads,films,B,hard,glare,diagonal_streak,standard,fragments,lower_left,blue,19,9 or more,open pores,reimage focus,106
mpq_28c8f7f1b15101,mem_scene_00125,images/mem_scene_00125.png,hotspot_quadrant,Which quadrant contains the densest suspicious-particle hotspot?,upper left,upper right,lower left,lower right,C,hard,glare,diagonal_streak,standard,fragments,lower_left,blue,19,9 or more,open pores,reimage focus,106
mpq_1d6f8d4d34ad26,mem_scene_00125,images/mem_scene_00125.png,fiber_tint,What tint is most common among the visible fibers?,blue,red,black,clear or pale,A,hard,glare,diagonal_streak,standard,fragments,lower_left,blue,19,9 or more,open pores,reimage focus,106
mpq_dcf574dc445a50,mem_scene_00125,images/mem_scene_00125.png,bead_count,How many round bead-like microplastic particles are visible?,0-12,13-18,19-24,25 or more,C,hard,glare,diagonal_streak,standard,fragments,lower_left,blue,19,19-24,open pores,reimage focus,106
mpq_18834ab2868502,mem_scene_00125,images/mem_scene_00125.png,clogging_state,Which membrane clogging pattern best describes this field?,open pores,light edge clogging,central mat clogging,patchy multi-zone clogging,A,hard,glare,diagonal_streak,standard,fragments,lower_left,blue,19,9 or more,open pores,reimage focus,106
mpq_9ab0f5014117e3,mem_scene_00125,images/mem_scene_00125.png,qc_action,What is the best next triage action for this field of view?,count now,reimage focus,dilute and refilter,manual review,B,hard,glare,diagonal_streak,standard,fragments,lower_left,blue,19,9 or more,open pores,reimage focus,106
mpq_760dd7084e244b,mem_scene_00126,images/mem_scene_00126.png,dominant_particle_family,Which suspicious particle family is most common in this membrane field?,fibers,fragments,beads,films,C,hard,glare,centered,standard,beads,upper_right,clear or pale,44,9 or more,central mat clogging,reimage focus,101
mpq_cc4815f1ca395b,mem_scene_00126,images/mem_scene_00126.png,hotspot_quadrant,Which quadrant contains the densest suspicious-particle hotspot?,upper left,upper right,lower left,lower right,B,hard,glare,centered,standard,beads,upper_right,clear or pale,44,9 or more,central mat clogging,reimage focus,101
mpq_4ecfa3085ceffa,mem_scene_00126,images/mem_scene_00126.png,fiber_tint,What tint is most common among the visible fibers?,blue,red,black,clear or pale,D,hard,glare,centered,standard,beads,upper_right,clear or pale,44,9 or more,central mat clogging,reimage focus,101
mpq_eb5010600205d3,mem_scene_00126,images/mem_scene_00126.png,bead_count,How many round bead-like microplastic particles are visible?,0-12,13-18,19-24,25 or more,D,hard,glare,centered,standard,beads,upper_right,clear or pale,44,25 or more,central mat clogging,reimage focus,101
mpq_925b5de7703977,mem_scene_00126,images/mem_scene_00126.png,clogging_state,Which membrane clogging pattern best describes this field?,open pores,light edge clogging,central mat clogging,patchy multi-zone clogging,C,hard,glare,centered,standard,beads,upper_right,clear or pale,44,9 or more,central mat clogging,reimage focus,101
mpq_8b62ae19806633,mem_scene_00126,images/mem_scene_00126.png,qc_action,What is the best next triage action for this field of view?,count now,reimage focus,dilute and refilter,manual review,B,hard,glare,centered,standard,beads,upper_right,clear or pale,44,9 or more,central mat clogging,reimage focus,101
mpq_c4b04b83f4f9a0,mem_scene_00127,images/mem_scene_00127.png,dominant_particle_family,Which suspicious particle family is most common in this membrane field?,fibers,fragments,beads,films,D,easy,clear,edge_loaded,standard,films,lower_left,blue,6,6-8,open pores,count now,36
mpq_5bd237ee3206e4,mem_scene_00127,images/mem_scene_00127.png,hotspot_quadrant,Which quadrant contains the densest suspicious-particle hotspot?,upper left,upper right,lower left,lower right,C,easy,clear,edge_loaded,standard,films,lower_left,blue,6,6-8,open pores,count now,36
mpq_0803c8f34f990c,mem_scene_00127,images/mem_scene_00127.png,fiber_tint,What tint is most common among the visible fibers?,blue,red,black,clear or pale,A,easy,clear,edge_loaded,standard,films,lower_left,blue,6,6-8,open pores,count now,36
mpq_e3a9613237246b,mem_scene_00127,images/mem_scene_00127.png,bead_count,How many round bead-like microplastic particles are visible?,0-12,13-18,19-24,25 or more,A,easy,clear,edge_loaded,standard,films,lower_left,blue,6,0-12,open pores,count now,36
mpq_f9c632755120e1,mem_scene_00127,images/mem_scene_00127.png,clogging_state,Which membrane clogging pattern best describes this field?,open pores,light edge clogging,central mat clogging,patchy multi-zone clogging,A,easy,clear,edge_loaded,standard,films,lower_left,blue,6,6-8,open pores,count now,36
mpq_5d96679b1bdd96,mem_scene_00127,images/mem_scene_00127.png,qc_action,What is the best next triage action for this field of view?,count now,reimage focus,dilute and refilter,manual review,A,easy,clear,edge_loaded,standard,films,lower_left,blue,6,6-8,open pores,count now,36
mpq_56e62083044316,mem_scene_00128,images/mem_scene_00128.png,dominant_particle_family,Which suspicious particle family is most common in this membrane field?,fibers,fragments,beads,films,B,medium,overloaded,edge_loaded,standard,fragments,lower_right,black,3,3-5,open pores,dilute and refilter,50
mpq_2c11082fd93904,mem_scene_00128,images/mem_scene_00128.png,hotspot_quadrant,Which quadrant contains the densest suspicious-particle hotspot?,upper left,upper right,lower left,lower right,D,medium,overloaded,edge_loaded,standard,fragments,lower_right,black,3,3-5,open pores,dilute and refilter,50
mpq_33943585ad11a9,mem_scene_00128,images/mem_scene_00128.png,fiber_tint,What tint is most common among the visible fibers?,blue,red,black,clear or pale,C,medium,overloaded,edge_loaded,standard,fragments,lower_right,black,3,3-5,open pores,dilute and refilter,50
mpq_6e7bb50cb83b0d,mem_scene_00128,images/mem_scene_00128.png,bead_count,How many round bead-like microplastic particles are visible?,0-12,13-18,19-24,25 or more,A,medium,overloaded,edge_loaded,standard,fragments,lower_right,black,3,0-12,open pores,dilute and refilter,50
mpq_33b2a19133565b,mem_scene_00128,images/mem_scene_00128.png,clogging_state,Which membrane clogging pattern best describes this field?,open pores,light edge clogging,central mat clogging,patchy multi-zone clogging,A,medium,overloaded,edge_loaded,standard,fragments,lower_right,black,3,3-5,open pores,dilute and refilter,50
mpq_829a9d6ed48f81,mem_scene_00128,images/mem_scene_00128.png,qc_action,What is the best next triage action for this field of view?,count now,reimage focus,dilute and refilter,manual review,C,medium,overloaded,edge_loaded,standard,fragments,lower_right,black,3,3-5,open pores,dilute and refilter,50
mpq_a5f088ec1870c7,mem_scene_00129,images/mem_scene_00129.png,dominant_particle_family,Which suspicious particle family is most common in this membrane field?,fibers,fragments,beads,films,A,easy,clear,centered,standard,fibers,lower_left,blue,8,6-8,light edge clogging,count now,33
mpq_d894cd58d0ef7c,mem_scene_00129,images/mem_scene_00129.png,hotspot_quadrant,Which quadrant contains the densest suspicious-particle hotspot?,upper left,upper right,lower left,lower right,C,easy,clear,centered,standard,fibers,lower_left,blue,8,6-8,light edge clogging,count now,33
mpq_6f674d729e6162,mem_scene_00129,images/mem_scene_00129.png,fiber_tint,What tint is most common among the visible fibers?,blue,red,black,clear or pale,A,easy,clear,centered,standard,fibers,lower_left,blue,8,6-8,light edge clogging,count now,33
mpq_6015ba21a777ba,mem_scene_00129,images/mem_scene_00129.png,bead_count,How many round bead-like microplastic particles are visible?,0-12,13-18,19-24,25 or more,A,easy,clear,centered,standard,fibers,lower_left,blue,8,0-12,light edge clogging,count now,33
mpq_46a4206466de94,mem_scene_00129,images/mem_scene_00129.png,clogging_state,Which membrane clogging pattern best describes this field?,open pores,light edge clogging,central mat clogging,patchy multi-zone clogging,B,easy,clear,centered,standard,fibers,lower_left,blue,8,6-8,light edge clogging,count now,33
mpq_0fb5642593bbb4,mem_scene_00129,images/mem_scene_00129.png,qc_action,What is the best next triage action for this field of view?,count now,reimage focus,dilute and refilter,manual review,A,easy,clear,centered,standard,fibers,lower_left,blue,8,6-8,light edge clogging,count now,33
mpq_172fbc6ad8526d,mem_scene_00130,images/mem_scene_00130.png,dominant_particle_family,Which suspicious particle family is most common in this membrane field?,fibers,fragments,beads,films,A,medium,low_contrast,centered,bubble_ring,fibers,lower_left,black,14,9 or more,central mat clogging,manual review,62
mpq_875e1c2d7a1cc5,mem_scene_00130,images/mem_scene_00130.png,hotspot_quadrant,Which quadrant contains the densest suspicious-particle hotspot?,upper left,upper right,lower left,lower right,C,medium,low_contrast,centered,bubble_ring,fibers,lower_left,black,14,9 or more,central mat clogging,manual review,62
mpq_b8b0ebe98badce,mem_scene_00130,images/mem_scene_00130.png,fiber_tint,What tint is most common among the visible fibers?,blue,red,black,clear or pale,C,medium,low_contrast,centered,bubble_ring,fibers,lower_left,black,14,9 or more,central mat clogging,manual review,62
mpq_9746b91729fa4c,mem_scene_00130,images/mem_scene_00130.png,bead_count,How many round bead-like microplastic particles are visible?,0-12,13-18,19-24,25 or more,B,medium,low_contrast,centered,bubble_ring,fibers,lower_left,black,14,13-18,central mat clogging,manual review,62
mpq_e7400ba02aad59,mem_scene_00130,images/mem_scene_00130.png,clogging_state,Which membrane clogging pattern best describes this field?,open pores,light edge clogging,central mat clogging,patchy multi-zone clogging,C,medium,low_contrast,centered,bubble_ring,fibers,lower_left,black,14,9 or more,central mat clogging,manual review,62
mpq_61721b02149bcd,mem_scene_00130,images/mem_scene_00130.png,qc_action,What is the best next triage action for this field of view?,count now,reimage focus,dilute and refilter,manual review,B,medium,low_contrast,centered,bubble_ring,fibers,lower_left,black,14,9 or more,central mat clogging,reimage focus,62
mpq_90e733088792af,mem_scene_00131,images/mem_scene_00131.png,dominant_particle_family,Which suspicious particle family is most common in this membrane field?,fibers,fragments,beads,films,B,easy,low_contrast,centered,edge_shadow,fragments,upper_left,blue,9,9 or more,patchy multi-zone clogging,manual review,40
mpq_e3f830e591740d,mem_scene_00131,images/mem_scene_00131.png,hotspot_quadrant,Which quadrant contains the densest suspicious-particle hotspot?,upper left,upper right,lower left,lower right,A,easy,low_contrast,centered,edge_shadow,fragments,upper_left,blue,9,9 or more,patchy multi-zone clogging,manual review,40
mpq_d7b00e9436b808,mem_scene_00131,images/mem_scene_00131.png,fiber_tint,What tint is most common among the visible fibers?,blue,red,black,clear or pale,A,easy,low_contrast,centered,edge_shadow,fragments,upper_left,blue,9,9 or more,patchy multi-zone clogging,manual review,40
mpq_c3281296875c97,mem_scene_00131,images/mem_scene_00131.png,bead_count,How many round bead-like microplastic particles are visible?,0-12,13-18,19-24,25 or more,A,easy,low_contrast,centered,edge_shadow,fragments,upper_left,blue,9,0-12,patchy multi-zone clogging,manual review,40
mpq_7272723810a33f,mem_scene_00131,images/mem_scene_00131.png,clogging_state,Which membrane clogging pattern best describes this field?,open pores,light edge clogging,central mat clogging,patchy multi-zone clogging,D,easy,low_contrast,centered,edge_shadow,fragments,upper_left,blue,9,9 or more,patchy multi-zone clogging,manual review,40
mpq_ac0aa2ff0d45d1,mem_scene_00131,images/mem_scene_00131.png,qc_action,What is the best next triage action for this field of view?,count now,reimage focus,dilute and refilter,manual review,B,easy,low_contrast,centered,edge_shadow,fragments,upper_left,blue,9,9 or more,patchy multi-zone clogging,reimage focus,40
mpq_e55a49fe3f57b8,mem_scene_00132,images/mem_scene_00132.png,dominant_particle_family,Which suspicious particle family is most common in this membrane field?,fibers,fragments,beads,films,C,easy,biofilm,centered,standard,beads,upper_left,blue,17,9 or more,open pores,manual review,35
mpq_38fe1087c159f8,mem_scene_00132,images/mem_scene_00132.png,hotspot_quadrant,Which quadrant contains the densest suspicious-particle hotspot?,upper left,upper right,lower left,lower right,A,easy,biofilm,centered,standard,beads,upper_left,blue,17,9 or more,open pores,manual review,35
mpq_60f2b6d3f6bf54,mem_scene_00132,images/mem_scene_00132.png,fiber_tint,What tint is most common among the visible fibers?,blue,red,black,clear or pale,A,easy,biofilm,centered,standard,beads,upper_left,blue,17,9 or more,open pores,manual review,35
mpq_4d16a2e375bba2,mem_scene_00132,images/mem_scene_00132.png,bead_count,How many round bead-like microplastic particles are visible?,0-12,13-18,19-24,25 or more,B,easy,biofilm,centered,standard,beads,upper_left,blue,17,13-18,open pores,manual review,35
mpq_72f9c112995bbc,mem_scene_00132,images/mem_scene_00132.png,clogging_state,Which membrane clogging pattern best describes this field?,open pores,light edge clogging,central mat clogging,patchy multi-zone clogging,A,easy,biofilm,centered,standard,beads,upper_left,blue,17,9 or more,open pores,manual review,35
mpq_5e904a1043c32f,mem_scene_00132,images/mem_scene_00132.png,qc_action,What is the best next triage action for this field of view?,count now,reimage focus,dilute and refilter,manual review,D,easy,biofilm,centered,standard,beads,upper_left,blue,17,9 or more,open pores,manual review,35
mpq_359a543ba73c10,mem_scene_00133,images/mem_scene_00133.png,dominant_particle_family,Which suspicious particle family is most common in this membrane field?,fibers,fragments,beads,films,D,medium,clear,centered,standard,films,lower_right,blue,15,9 or more,central mat clogging,count now,75
mpq_c0798418049f4f,mem_scene_00133,images/mem_scene_00133.png,hotspot_quadrant,Which quadrant contains the densest suspicious-particle hotspot?,upper left,upper right,lower left,lower right,D,medium,clear,centered,standard,films,lower_right,blue,15,9 or more,central mat clogging,count now,75
mpq_8f43b461712de5,mem_scene_00133,images/mem_scene_00133.png,fiber_tint,What tint is most common among the visible fibers?,blue,red,black,clear or pale,A,medium,clear,centered,standard,films,lower_right,blue,15,9 or more,central mat clogging,count now,75
mpq_a29bdc36066826,mem_scene_00133,images/mem_scene_00133.png,bead_count,How many round bead-like microplastic particles are visible?,0-12,13-18,19-24,25 or more,B,medium,clear,centered,standard,films,lower_right,blue,15,13-18,central mat clogging,count now,75
mpq_d82a3c2e8aa12f,mem_scene_00133,images/mem_scene_00133.png,clogging_state,Which membrane clogging pattern best describes this field?,open pores,light edge clogging,central mat clogging,patchy multi-zone clogging,C,medium,clear,centered,standard,films,lower_right,blue,15,9 or more,central mat clogging,count now,75
mpq_c68f69b6f78d50,mem_scene_00133,images/mem_scene_00133.png,qc_action,What is the best next triage action for this field of view?,count now,reimage focus,dilute and refilter,manual review,A,medium,clear,centered,standard,films,lower_right,blue,15,9 or more,central mat clogging,count now,75
mpq_203fbb4b317101,mem_scene_00134,images/mem_scene_00134.png,dominant_particle_family,Which suspicious particle family is most common in this membrane field?,fibers,fragments,beads,films,A,easy,clear,centered,blue_stain,fibers,lower_right,blue,1,0-2,patchy multi-zone clogging,count now,25
mpq_99112e55fec89b,mem_scene_00134,images/mem_scene_00134.png,hotspot_quadrant,Which quadrant contains the densest suspicious-particle hotspot?,upper left,upper right,lower left,lower right,D,easy,clear,centered,blue_stain,fibers,lower_right,blue,1,0-2,patchy multi-zone clogging,count now,25
mpq_04dea37153b2b8,mem_scene_00134,images/mem_scene_00134.png,fiber_tint,What tint is most common among the visible fibers?,blue,red,black,clear or pale,A,easy,clear,centered,blue_stain,fibers,lower_right,blue,1,0-2,patchy multi-zone clogging,count now,25
mpq_6b59fa320affe1,mem_scene_00134,images/mem_scene_00134.png,bead_count,How many round bead-like microplastic particles are visible?,0-12,13-18,19-24,25 or more,A,easy,clear,centered,blue_stain,fibers,lower_right,blue,1,0-12,patchy multi-zone clogging,count now,25
mpq_cd8f34c4167008,mem_scene_00134,images/mem_scene_00134.png,clogging_state,Which membrane clogging pattern best describes this field?,open pores,light edge clogging,central mat clogging,patchy multi-zone clogging,D,easy,clear,centered,blue_stain,fibers,lower_right,blue,1,0-2,patchy multi-zone clogging,count now,25
mpq_42ee119b974559,mem_scene_00134,images/mem_scene_00134.png,qc_action,What is the best next triage action for this field of view?,count now,reimage focus,dilute and refilter,manual review,A,easy,clear,centered,blue_stain,fibers,lower_right,blue,1,0-2,patchy multi-zone clogging,count now,25
mpq_52d7a28c6873c8,mem_scene_00135,images/mem_scene_00135.png,dominant_particle_family,Which suspicious particle family is most common in this membrane field?,fibers,fragments,beads,films,C,medium,glare,ring_bias,edge_shadow,beads,lower_right,blue,20,9 or more,open pores,manual review,49
mpq_8233f8a8fea842,mem_scene_00135,images/mem_scene_00135.png,hotspot_quadrant,Which quadrant contains the densest suspicious-particle hotspot?,upper left,upper right,lower left,lower right,D,medium,glare,ring_bias,edge_shadow,beads,lower_right,blue,20,9 or more,open pores,manual review,49
mpq_d10251405a3866,mem_scene_00135,images/mem_scene_00135.png,fiber_tint,What tint is most common among the visible fibers?,blue,red,black,clear or pale,A,medium,glare,ring_bias,edge_shadow,beads,lower_right,blue,20,9 or more,open pores,manual review,49
mpq_c37998710716ff,mem_scene_00135,images/mem_scene_00135.png,bead_count,How many round bead-like microplastic particles are visible?,0-12,13-18,19-24,25 or more,C,medium,glare,ring_bias,edge_shadow,beads,lower_right,blue,20,19-24,open pores,manual review,49
mpq_0607cd510e8b16,mem_scene_00135,images/mem_scene_00135.png,clogging_state,Which membrane clogging pattern best describes this field?,open pores,light edge clogging,central mat clogging,patchy multi-zone clogging,A,medium,glare,ring_bias,edge_shadow,beads,lower_right,blue,20,9 or more,open pores,manual review,49
mpq_5c8570ae6f94d9,mem_scene_00135,images/mem_scene_00135.png,qc_action,What is the best next triage action for this field of view?,count now,reimage focus,dilute and refilter,manual review,B,medium,glare,ring_bias,edge_shadow,beads,lower_right,blue,20,9 or more,open pores,reimage focus,49
mpq_b01c347a0ee3eb,mem_scene_00136,images/mem_scene_00136.png,dominant_particle_family,Which suspicious particle family is most common in this membrane field?,fibers,fragments,beads,films,C,easy,clear,ring_bias,blue_stain,beads,upper_left,blue,12,9 or more,patchy multi-zone clogging,count now,34
mpq_6f04998930896a,mem_scene_00136,images/mem_scene_00136.png,hotspot_quadrant,Which quadrant contains the densest suspicious-particle hotspot?,upper left,upper right,lower left,lower right,A,easy,clear,ring_bias,blue_stain,beads,upper_left,blue,12,9 or more,patchy multi-zone clogging,count now,34
mpq_d26bf7cb316d6a,mem_scene_00136,images/mem_scene_00136.png,fiber_tint,What tint is most common among the visible fibers?,blue,red,black,clear or pale,A,easy,clear,ring_bias,blue_stain,beads,upper_left,blue,12,9 or more,patchy multi-zone clogging,count now,34
mpq_e6f102fc4f8f46,mem_scene_00136,images/mem_scene_00136.png,bead_count,How many round bead-like microplastic particles are visible?,0-12,13-18,19-24,25 or more,A,easy,clear,ring_bias,blue_stain,beads,upper_left,blue,12,0-12,patchy multi-zone clogging,count now,34
mpq_9ca77661bd912b,mem_scene_00136,images/mem_scene_00136.png,clogging_state,Which membrane clogging pattern best describes this field?,open pores,light edge clogging,central mat clogging,patchy multi-zone clogging,D,easy,clear,ring_bias,blue_stain,beads,upper_left,blue,12,9 or more,patchy multi-zone clogging,count now,34
mpq_eae0243a33650f,mem_scene_00136,images/mem_scene_00136.png,qc_action,What is the best next triage action for this field of view?,count now,reimage focus,dilute and refilter,manual review,A,easy,clear,ring_bias,blue_stain,beads,upper_left,blue,12,9 or more,patchy multi-zone clogging,count now,34
mpq_755cbe9e442bdc,mem_scene_00137,images/mem_scene_00137.png,dominant_particle_family,Which suspicious particle family is most common in this membrane field?,fibers,fragments,beads,films,C,hard,clear,diagonal_streak,edge_shadow,beads,lower_right,red,59,9 or more,patchy multi-zone clogging,dilute and refilter,119
mpq_dc542fa48282f5,mem_scene_00137,images/mem_scene_00137.png,hotspot_quadrant,Which quadrant contains the densest suspicious-particle hotspot?,upper left,upper right,lower left,lower right,D,hard,clear,diagonal_streak,edge_shadow,beads,lower_right,red,59,9 or more,patchy multi-zone clogging,dilute and refilter,119
mpq_7318fb50aa2dbf,mem_scene_00137,images/mem_scene_00137.png,fiber_tint,What tint is most common among the visible fibers?,blue,red,black,clear or pale,B,hard,clear,diagonal_streak,edge_shadow,beads,lower_right,red,59,9 or more,patchy multi-zone clogging,dilute and refilter,119
mpq_558f4495df05d6,mem_scene_00137,images/mem_scene_00137.png,bead_count,How many round bead-like microplastic particles are visible?,0-12,13-18,19-24,25 or more,D,hard,clear,diagonal_streak,edge_shadow,beads,lower_right,red,59,25 or more,patchy multi-zone clogging,dilute and refilter,119
mpq_44e18ed075a979,mem_scene_00137,images/mem_scene_00137.png,clogging_state,Which membrane clogging pattern best describes this field?,open pores,light edge clogging,central mat clogging,patchy multi-zone clogging,D,hard,clear,diagonal_streak,edge_shadow,beads,lower_right,red,59,9 or more,patchy multi-zone clogging,dilute and refilter,119
mpq_24e0c4309c5728,mem_scene_00137,images/mem_scene_00137.png,qc_action,What is the best next triage action for this field of view?,count now,reimage focus,dilute and refilter,manual review,C,hard,clear,diagonal_streak,edge_shadow,beads,lower_right,red,59,9 or more,patchy multi-zone clogging,dilute and refilter,119
mpq_c4ff10a0ecb7c3,mem_scene_00138,images/mem_scene_00138.png,dominant_particle_family,Which suspicious particle family is most common in this membrane field?,fibers,fragments,beads,films,A,hard,overloaded,ring_bias,blue_stain,fibers,lower_right,red,22,9 or more,patchy multi-zone clogging,dilute and refilter,100
mpq_8241e0bbb7dcac,mem_scene_00138,images/mem_scene_00138.png,hotspot_quadrant,Which quadrant contains the densest suspicious-particle hotspot?,upper left,upper right,lower left,lower right,D,hard,overloaded,ring_bias,blue_stain,fibers,lower_right,red,22,9 or more,patchy multi-zone clogging,dilute and refilter,100
mpq_2b705898ece3ad,mem_scene_00138,images/mem_scene_00138.png,fiber_tint,What tint is most common among the visible fibers?,blue,red,black,clear or pale,B,hard,overloaded,ring_bias,blue_stain,fibers,lower_right,red,22,9 or more,patchy multi-zone clogging,dilute and refilter,100
mpq_5688c683ce3cab,mem_scene_00138,images/mem_scene_00138.png,bead_count,How many round bead-like microplastic particles are visible?,0-12,13-18,19-24,25 or more,C,hard,overloaded,ring_bias,blue_stain,fibers,lower_right,red,22,19-24,patchy multi-zone clogging,dilute and refilter,100
mpq_885d28b5306872,mem_scene_00138,images/mem_scene_00138.png,clogging_state,Which membrane clogging pattern best describes this field?,open pores,light edge clogging,central mat clogging,patchy multi-zone clogging,D,hard,overloaded,ring_bias,blue_stain,fibers,lower_right,red,22,9 or more,patchy multi-zone clogging,dilute and refilter,100
mpq_850dcdeb899e68,mem_scene_00138,images/mem_scene_00138.png,qc_action,What is the best next triage action for this field of view?,count now,reimage focus,dilute and refilter,manual review,C,hard,overloaded,ring_bias,blue_stain,fibers,lower_right,red,22,9 or more,patchy multi-zone clogging,dilute and refilter,100
mpq_283e7e22ccfb3f,mem_scene_00139,images/mem_scene_00139.png,dominant_particle_family,Which suspicious particle family is most common in this membrane field?,fibers,fragments,beads,films,D,easy,biofilm,centered,edge_shadow,films,upper_left,blue,0,0-2,open pores,manual review,34
mpq_94a76692e97098,mem_scene_00139,images/mem_scene_00139.png,hotspot_quadrant,Which quadrant contains the densest suspicious-particle hotspot?,upper left,upper right,lower left,lower right,A,easy,biofilm,centered,edge_shadow,films,upper_left,blue,0,0-2,open pores,manual review,34
mpq_2065f1f7fb2c18,mem_scene_00139,images/mem_scene_00139.png,fiber_tint,What tint is most common among the visible fibers?,blue,red,black,clear or pale,A,easy,biofilm,centered,edge_shadow,films,upper_left,blue,0,0-2,open pores,manual review,34
mpq_2eda9e5997eaf6,mem_scene_00139,images/mem_scene_00139.png,bead_count,How many round bead-like microplastic particles are visible?,0-12,13-18,19-24,25 or more,A,easy,biofilm,centered,edge_shadow,films,upper_left,blue,0,0-12,open pores,manual review,34
mpq_deeb45f5189f97,mem_scene_00139,images/mem_scene_00139.png,clogging_state,Which membrane clogging pattern best describes this field?,open pores,light edge clogging,central mat clogging,patchy multi-zone clogging,A,easy,biofilm,centered,edge_shadow,films,upper_left,blue,0,0-2,open pores,manual review,34
mpq_8708348c05f69f,mem_scene_00139,images/mem_scene_00139.png,qc_action,What is the best next triage action for this field of view?,count now,reimage focus,dilute and refilter,manual review,D,easy,biofilm,centered,edge_shadow,films,upper_left,blue,0,0-2,open pores,manual review,34
mpq_6b5fac1f185a87,mem_scene_00140,images/mem_scene_00140.png,dominant_particle_family,Which suspicious particle family is most common in this membrane field?,fibers,fragments,beads,films,B,medium,clear,edge_loaded,edge_shadow,fragments,upper_right,blue,17,9 or more,light edge clogging,manual review,62
mpq_6a82a04bf5c78a,mem_scene_00140,images/mem_scene_00140.png,hotspot_quadrant,Which quadrant contains the densest suspicious-particle hotspot?,upper left,upper right,lower left,lower right,B,medium,clear,edge_loaded,edge_shadow,fragments,upper_right,blue,17,9 or more,light edge clogging,manual review,62
mpq_218697a6aec3aa,mem_scene_00140,images/mem_scene_00140.png,fiber_tint,What tint is most common among the visible fibers?,blue,red,black,clear or pale,A,medium,clear,edge_loaded,edge_shadow,fragments,upper_right,blue,17,9 or more,light edge clogging,manual review,62
mpq_fdcfbc61af1d3f,mem_scene_00140,images/mem_scene_00140.png,bead_count,How many round bead-like microplastic particles are visible?,0-12,13-18,19-24,25 or more,B,medium,clear,edge_loaded,edge_shadow,fragments,upper_right,blue,17,13-18,light edge clogging,manual review,62
mpq_878e8176da616f,mem_scene_00140,images/mem_scene_00140.png,clogging_state,Which membrane clogging pattern best describes this field?,open pores,light edge clogging,central mat clogging,patchy multi-zone clogging,B,medium,clear,edge_loaded,edge_shadow,fragments,upper_right,blue,17,9 or more,light edge clogging,manual review,62
mpq_e083f3f07e02b7,mem_scene_00140,images/mem_scene_00140.png,qc_action,What is the best next triage action for this field of view?,count now,reimage focus,dilute and refilter,manual review,D,medium,clear,edge_loaded,edge_shadow,fragments,upper_right,blue,17,9 or more,light edge clogging,manual review,62
mpq_ece23a1bfff8a4,mem_scene_00141,images/mem_scene_00141.png,dominant_particle_family,Which suspicious particle family is most common in this membrane field?,fibers,fragments,beads,films,C,hard,clear,centered,standard,beads,lower_left,blue,57,9 or more,patchy multi-zone clogging,dilute and refilter,116
mpq_36ecd2b7df8cca,mem_scene_00141,images/mem_scene_00141.png,hotspot_quadrant,Which quadrant contains the densest suspicious-particle hotspot?,upper left,upper right,lower left,lower right,C,hard,clear,centered,standard,beads,lower_left,blue,57,9 or more,patchy multi-zone clogging,dilute and refilter,116
mpq_9893b4fd43ff87,mem_scene_00141,images/mem_scene_00141.png,fiber_tint,What tint is most common among the visible fibers?,blue,red,black,clear or pale,A,hard,clear,centered,standard,beads,lower_left,blue,57,9 or more,patchy multi-zone clogging,dilute and refilter,116
mpq_3b411b0c97dbcb,mem_scene_00141,images/mem_scene_00141.png,bead_count,How many round bead-like microplastic particles are visible?,0-12,13-18,19-24,25 or more,D,hard,clear,centered,standard,beads,lower_left,blue,57,25 or more,patchy multi-zone clogging,dilute and refilter,116
mpq_e316f417ecc213,mem_scene_00141,images/mem_scene_00141.png,clogging_state,Which membrane clogging pattern best describes this field?,open pores,light edge clogging,central mat clogging,patchy multi-zone clogging,D,hard,clear,centered,standard,beads,lower_left,blue,57,9 or more,patchy multi-zone clogging,dilute and refilter,116
mpq_a0258b70b0f6da,mem_scene_00141,images/mem_scene_00141.png,qc_action,What is the best next triage action for this field of view?,count now,reimage focus,dilute and refilter,manual review,C,hard,clear,centered,standard,beads,lower_left,blue,57,9 or more,patchy multi-zone clogging,dilute and refilter,116
mpq_d42305fff25bb2,mem_scene_00142,images/mem_scene_00142.png,dominant_particle_family,Which suspicious particle family is most common in this membrane field?,fibers,fragments,beads,films,A,medium,clear,centered,bubble_ring,fibers,lower_right,black,11,9 or more,central mat clogging,manual review,75
mpq_f28e94d2229826,mem_scene_00142,images/mem_scene_00142.png,hotspot_quadrant,Which quadrant contains the densest suspicious-particle hotspot?,upper left,upper right,lower left,lower right,D,medium,clear,centered,bubble_ring,fibers,lower_right,black,11,9 or more,central mat clogging,manual review,75
mpq_56097a566f47f3,mem_scene_00142,images/mem_scene_00142.png,fiber_tint,What tint is most common among the visible fibers?,blue,red,black,clear or pale,C,medium,clear,centered,bubble_ring,fibers,lower_right,black,11,9 or more,central mat clogging,manual review,75
mpq_506cd490c2e9f6,mem_scene_00142,images/mem_scene_00142.png,bead_count,How many round bead-like microplastic particles are visible?,0-12,13-18,19-24,25 or more,A,medium,clear,centered,bubble_ring,fibers,lower_right,black,11,0-12,central mat clogging,manual review,75
mpq_4cf2fa31bed890,mem_scene_00142,images/mem_scene_00142.png,clogging_state,Which membrane clogging pattern best describes this field?,open pores,light edge clogging,central mat clogging,patchy multi-zone clogging,C,medium,clear,centered,bubble_ring,fibers,lower_right,black,11,9 or more,central mat clogging,manual review,75
mpq_9ecc8c846e2a2b,mem_scene_00142,images/mem_scene_00142.png,qc_action,What is the best next triage action for this field of view?,count now,reimage focus,dilute and refilter,manual review,D,medium,clear,centered,bubble_ring,fibers,lower_right,black,11,9 or more,central mat clogging,manual review,75
mpq_44e91816a040a1,mem_scene_00143,images/mem_scene_00143.png,dominant_particle_family,Which suspicious particle family is most common in this membrane field?,fibers,fragments,beads,films,D,medium,biofilm,ring_bias,bubble_ring,films,upper_left,red,5,3-5,light edge clogging,manual review,50
mpq_dc3fa452627a27,mem_scene_00143,images/mem_scene_00143.png,hotspot_quadrant,Which quadrant contains the densest suspicious-particle hotspot?,upper left,upper right,lower left,lower right,A,medium,biofilm,ring_bias,bubble_ring,films,upper_left,red,5,3-5,light edge clogging,manual review,50
mpq_626950fb9f1f0a,mem_scene_00143,images/mem_scene_00143.png,fiber_tint,What tint is most common among the visible fibers?,blue,red,black,clear or pale,B,medium,biofilm,ring_bias,bubble_ring,films,upper_left,red,5,3-5,light edge clogging,manual review,50
mpq_b9c7494bb1acd9,mem_scene_00143,images/mem_scene_00143.png,bead_count,How many round bead-like microplastic particles are visible?,0-12,13-18,19-24,25 or more,A,medium,biofilm,ring_bias,bubble_ring,films,upper_left,red,5,0-12,light edge clogging,manual review,50
mpq_08df8e79856f2c,mem_scene_00143,images/mem_scene_00143.png,clogging_state,Which membrane clogging pattern best describes this field?,open pores,light edge clogging,central mat clogging,patchy multi-zone clogging,B,medium,biofilm,ring_bias,bubble_ring,films,upper_left,red,5,3-5,light edge clogging,manual review,50
mpq_508fc6ad973159,mem_scene_00143,images/mem_scene_00143.png,qc_action,What is the best next triage action for this field of view?,count now,reimage focus,dilute and refilter,manual review,D,medium,biofilm,ring_bias,bubble_ring,films,upper_left,red,5,3-5,light edge clogging,manual review,50
mpq_63cc144ea29e0a,mem_scene_00144,images/mem_scene_00144.png,dominant_particle_family,Which suspicious particle family is most common in this membrane field?,fibers,fragments,beads,films,B,medium,low_contrast,diagonal_streak,blue_stain,fragments,lower_right,blue,15,9 or more,patchy multi-zone clogging,count now,61
mpq_7ce352f0fe3d96,mem_scene_00144,images/mem_scene_00144.png,hotspot_quadrant,Which quadrant contains the densest suspicious-particle hotspot?,upper left,upper right,lower left,lower right,D,medium,low_contrast,diagonal_streak,blue_stain,fragments,lower_right,blue,15,9 or more,patchy multi-zone clogging,count now,61
mpq_a365777bbb75bd,mem_scene_00144,images/mem_scene_00144.png,fiber_tint,What tint is most common among the visible fibers?,blue,red,black,clear or pale,A,medium,low_contrast,diagonal_streak,blue_stain,fragments,lower_right,blue,15,9 or more,patchy multi-zone clogging,count now,61
mpq_8c852ac2ba0b4c,mem_scene_00144,images/mem_scene_00144.png,bead_count,How many round bead-like microplastic particles are visible?,0-12,13-18,19-24,25 or more,B,medium,low_contrast,diagonal_streak,blue_stain,fragments,lower_right,blue,15,13-18,patchy multi-zone clogging,count now,61
mpq_e635266cd725da,mem_scene_00144,images/mem_scene_00144.png,clogging_state,Which membrane clogging pattern best describes this field?,open pores,light edge clogging,central mat clogging,patchy multi-zone clogging,D,medium,low_contrast,diagonal_streak,blue_stain,fragments,lower_right,blue,15,9 or more,patchy multi-zone clogging,count now,61
mpq_03fcd1f0d30ccb,mem_scene_00144,images/mem_scene_00144.png,qc_action,What is the best next triage action for this field of view?,count now,reimage focus,dilute and refilter,manual review,B,medium,low_contrast,diagonal_streak,blue_stain,fragments,lower_right,blue,15,9 or more,patchy multi-zone clogging,reimage focus,61
mpq_142f23b54a1041,mem_scene_00145,images/mem_scene_00145.png,dominant_particle_family,Which suspicious particle family is most common in this membrane field?,fibers,fragments,beads,films,C,hard,biofilm,centered,standard,beads,lower_left,clear or pale,43,9 or more,central mat clogging,dilute and refilter,104
mpq_567b3ee013f903,mem_scene_00145,images/mem_scene_00145.png,hotspot_quadrant,Which quadrant contains the densest suspicious-particle hotspot?,upper left,upper right,lower left,lower right,C,hard,biofilm,centered,standard,beads,lower_left,clear or pale,43,9 or more,central mat clogging,dilute and refilter,104
mpq_a2e153f594c96f,mem_scene_00145,images/mem_scene_00145.png,fiber_tint,What tint is most common among the visible fibers?,blue,red,black,clear or pale,D,hard,biofilm,centered,standard,beads,lower_left,clear or pale,43,9 or more,central mat clogging,dilute and refilter,104
mpq_ad086dcc0ee3db,mem_scene_00145,images/mem_scene_00145.png,bead_count,How many round bead-like microplastic particles are visible?,0-12,13-18,19-24,25 or more,D,hard,biofilm,centered,standard,beads,lower_left,clear or pale,43,25 or more,central mat clogging,dilute and refilter,104
mpq_3ccbf19e68b76d,mem_scene_00145,images/mem_scene_00145.png,clogging_state,Which membrane clogging pattern best describes this field?,open pores,light edge clogging,central mat clogging,patchy multi-zone clogging,C,hard,biofilm,centered,standard,beads,lower_left,clear or pale,43,9 or more,central mat clogging,dilute and refilter,104
mpq_a86555153941fc,mem_scene_00145,images/mem_scene_00145.png,qc_action,What is the best next triage action for this field of view?,count now,reimage focus,dilute and refilter,manual review,C,hard,biofilm,centered,standard,beads,lower_left,clear or pale,43,9 or more,central mat clogging,dilute and refilter,104
mpq_8a2038dbafad6b,mem_scene_00146,images/mem_scene_00146.png,dominant_particle_family,Which suspicious particle family is most common in this membrane field?,fibers,fragments,beads,films,B,medium,clear,diagonal_streak,blue_stain,fragments,lower_right,black,9,9 or more,patchy multi-zone clogging,count now,75
mpq_ff2d022f30f2e1,mem_scene_00146,images/mem_scene_00146.png,hotspot_quadrant,Which quadrant contains the densest suspicious-particle hotspot?,upper left,upper right,lower left,lower right,D,medium,clear,diagonal_streak,blue_stain,fragments,lower_right,black,9,9 or more,patchy multi-zone clogging,count now,75
mpq_e1ad5a49cb75af,mem_scene_00146,images/mem_scene_00146.png,fiber_tint,What tint is most common among the visible fibers?,blue,red,black,clear or pale,C,medium,clear,diagonal_streak,blue_stain,fragments,lower_right,black,9,9 or more,patchy multi-zone clogging,count now,75
mpq_2f0644f102e421,mem_scene_00146,images/mem_scene_00146.png,bead_count,How many round bead-like microplastic particles are visible?,0-12,13-18,19-24,25 or more,A,medium,clear,diagonal_streak,blue_stain,fragments,lower_right,black,9,0-12,patchy multi-zone clogging,count now,75
mpq_70bf5479d0c4db,mem_scene_00146,images/mem_scene_00146.png,clogging_state,Which membrane clogging pattern best describes this field?,open pores,light edge clogging,central mat clogging,patchy multi-zone clogging,D,medium,clear,diagonal_streak,blue_stain,fragments,lower_right,black,9,9 or more,patchy multi-zone clogging,count now,75
mpq_a6420a7554ee51,mem_scene_00146,images/mem_scene_00146.png,qc_action,What is the best next triage action for this field of view?,count now,reimage focus,dilute and refilter,manual review,A,medium,clear,diagonal_streak,blue_stain,fragments,lower_right,black,9,9 or more,patchy multi-zone clogging,count now,75
mpq_7278f0aa744e7d,mem_scene_00147,images/mem_scene_00147.png,dominant_particle_family,Which suspicious particle family is most common in this membrane field?,fibers,fragments,beads,films,C,medium,low_contrast,diagonal_streak,standard,beads,upper_right,blue,35,9 or more,open pores,count now,69
mpq_71dd92bb15d690,mem_scene_00147,images/mem_scene_00147.png,hotspot_quadrant,Which quadrant contains the densest suspicious-particle hotspot?,upper left,upper right,lower left,lower right,B,medium,low_contrast,diagonal_streak,standard,beads,upper_right,blue,35,9 or more,open pores,count now,69
mpq_d2561ec8b11a80,mem_scene_00147,images/mem_scene_00147.png,fiber_tint,What tint is most common among the visible fibers?,blue,red,black,clear or pale,A,medium,low_contrast,diagonal_streak,standard,beads,upper_right,blue,35,9 or more,open pores,count now,69
mpq_59eebba353a3fa,mem_scene_00147,images/mem_scene_00147.png,bead_count,How many round bead-like microplastic particles are visible?,0-12,13-18,19-24,25 or more,D,medium,low_contrast,diagonal_streak,standard,beads,upper_right,blue,35,25 or more,open pores,count now,69
mpq_438d82538672ef,mem_scene_00147,images/mem_scene_00147.png,clogging_state,Which membrane clogging pattern best describes this field?,open pores,light edge clogging,central mat clogging,patchy multi-zone clogging,A,medium,low_contrast,diagonal_streak,standard,beads,upper_right,blue,35,9 or more,open pores,count now,69
mpq_22924369e0a17a,mem_scene_00147,images/mem_scene_00147.png,qc_action,What is the best next triage action for this field of view?,count now,reimage focus,dilute and refilter,manual review,B,medium,low_contrast,diagonal_streak,standard,beads,upper_right,blue,35,9 or more,open pores,reimage focus,69
mpq_75344a7e8d24cf,mem_scene_00148,images/mem_scene_00148.png,dominant_particle_family,Which suspicious particle family is most common in this membrane field?,fibers,fragments,beads,films,B,easy,biofilm,ring_bias,standard,fragments,upper_right,black,7,6-8,patchy multi-zone clogging,manual review,30
mpq_350d9af8103cf9,mem_scene_00148,images/mem_scene_00148.png,hotspot_quadrant,Which quadrant contains the densest suspicious-particle hotspot?,upper left,upper right,lower left,lower right,B,easy,biofilm,ring_bias,standard,fragments,upper_right,black,7,6-8,patchy multi-zone clogging,manual review,30
mpq_9ca7681182eadd,mem_scene_00148,images/mem_scene_00148.png,fiber_tint,What tint is most common among the visible fibers?,blue,red,black,clear or pale,C,easy,biofilm,ring_bias,standard,fragments,upper_right,black,7,6-8,patchy multi-zone clogging,manual review,30
mpq_9e5cacd2a48ad4,mem_scene_00148,images/mem_scene_00148.png,bead_count,How many round bead-like microplastic particles are visible?,0-12,13-18,19-24,25 or more,A,easy,biofilm,ring_bias,standard,fragments,upper_right,black,7,0-12,patchy multi-zone clogging,manual review,30
mpq_76902f6e967622,mem_scene_00148,images/mem_scene_00148.png,clogging_state,Which membrane clogging pattern best describes this field?,open pores,light edge clogging,central mat clogging,patchy multi-zone clogging,D,easy,biofilm,ring_bias,standard,fragments,upper_right,black,7,6-8,patchy multi-zone clogging,manual review,30
mpq_4640722a23b204,mem_scene_00148,images/mem_scene_00148.png,qc_action,What is the best next triage action for this field of view?,count now,reimage focus,dilute and refilter,manual review,D,easy,biofilm,ring_bias,standard,fragments,upper_right,black,7,6-8,patchy multi-zone clogging,manual review,30
mpq_5352f7b8abdf1d,mem_scene_00149,images/mem_scene_00149.png,dominant_particle_family,Which suspicious particle family is most common in this membrane field?,fibers,fragments,beads,films,B,medium,biofilm,centered,standard,fragments,lower_left,black,11,9 or more,open pores,manual review,67
mpq_05bb340acc184c,mem_scene_00149,images/mem_scene_00149.png,hotspot_quadrant,Which quadrant contains the densest suspicious-particle hotspot?,upper left,upper right,lower left,lower right,C,medium,biofilm,centered,standard,fragments,lower_left,black,11,9 or more,open pores,manual review,67
mpq_0f430ff5566ab1,mem_scene_00149,images/mem_scene_00149.png,fiber_tint,What tint is most common among the visible fibers?,blue,red,black,clear or pale,C,medium,biofilm,centered,standard,fragments,lower_left,black,11,9 or more,open pores,manual review,67
mpq_bce15bc92df59a,mem_scene_00149,images/mem_scene_00149.png,bead_count,How many round bead-like microplastic particles are visible?,0-12,13-18,19-24,25 or more,A,medium,biofilm,centered,standard,fragments,lower_left,black,11,0-12,open pores,manual review,67
mpq_09b80c54e6c49a,mem_scene_00149,images/mem_scene_00149.png,clogging_state,Which membrane clogging pattern best describes this field?,open pores,light edge clogging,central mat clogging,patchy multi-zone clogging,A,medium,biofilm,centered,standard,fragments,lower_left,black,11,9 or more,open pores,manual review,67
mpq_7dd12d98ee34bf,mem_scene_00149,images/mem_scene_00149.png,qc_action,What is the best next triage action for this field of view?,count now,reimage focus,dilute and refilter,manual review,D,medium,biofilm,centered,standard,fragments,lower_left,black,11,9 or more,open pores,manual review,67
mpq_7ac78e7a793da9,mem_scene_00150,images/mem_scene_00150.png,dominant_particle_family,Which suspicious particle family is most common in this membrane field?,fibers,fragments,beads,films,A,hard,overloaded,centered,blue_stain,fibers,upper_left,black,19,9 or more,light edge clogging,dilute and refilter,88
mpq_0a4076ec4ebee9,mem_scene_00150,images/mem_scene_00150.png,hotspot_quadrant,Which quadrant contains the densest suspicious-particle hotspot?,upper left,upper right,lower left,lower right,A,hard,overloaded,centered,blue_stain,fibers,upper_left,black,19,9 or more,light edge clogging,dilute and refilter,88
mpq_28139cef94b341,mem_scene_00150,images/mem_scene_00150.png,fiber_tint,What tint is most common among the visible fibers?,blue,red,black,clear or pale,C,hard,overloaded,centered,blue_stain,fibers,upper_left,black,19,9 or more,light edge clogging,dilute and refilter,88
mpq_d862e08048f966,mem_scene_00150,images/mem_scene_00150.png,bead_count,How many round bead-like microplastic particles are visible?,0-12,13-18,19-24,25 or more,C,hard,overloaded,centered,blue_stain,fibers,upper_left,black,19,19-24,light edge clogging,dilute and refilter,88
mpq_5f9b0a145e8e4d,mem_scene_00150,images/mem_scene_00150.png,clogging_state,Which membrane clogging pattern best describes this field?,open pores,light edge clogging,central mat clogging,patchy multi-zone clogging,B,hard,overloaded,centered,blue_stain,fibers,upper_left,black,19,9 or more,light edge clogging,dilute and refilter,88
mpq_c1636997c98a08,mem_scene_00150,images/mem_scene_00150.png,qc_action,What is the best next triage action for this field of view?,count now,reimage focus,dilute and refilter,manual review,C,hard,overloaded,centered,blue_stain,fibers,upper_left,black,19,9 or more,light edge clogging,dilute and refilter,88
mpq_995a63e480875c,mem_scene_00151,images/mem_scene_00151.png,dominant_particle_family,Which suspicious particle family is most common in this membrane field?,fibers,fragments,beads,films,B,medium,clear,diagonal_streak,standard,fragments,lower_right,blue,11,9 or more,light edge clogging,count now,55
mpq_b82eec9d31bdef,mem_scene_00151,images/mem_scene_00151.png,hotspot_quadrant,Which quadrant contains the densest suspicious-particle hotspot?,upper left,upper right,lower left,lower right,D,medium,clear,diagonal_streak,standard,fragments,lower_right,blue,11,9 or more,light edge clogging,count now,55
mpq_95b0bf5af15370,mem_scene_00151,images/mem_scene_00151.png,fiber_tint,What tint is most common among the visible fibers?,blue,red,black,clear or pale,A,medium,clear,diagonal_streak,standard,fragments,lower_right,blue,11,9 or more,light edge clogging,count now,55
mpq_6e7b99bb27124a,mem_scene_00151,images/mem_scene_00151.png,bead_count,How many round bead-like microplastic particles are visible?,0-12,13-18,19-24,25 or more,A,medium,clear,diagonal_streak,standard,fragments,lower_right,blue,11,0-12,light edge clogging,count now,55
mpq_b0086807380bdd,mem_scene_00151,images/mem_scene_00151.png,clogging_state,Which membrane clogging pattern best describes this field?,open pores,light edge clogging,central mat clogging,patchy multi-zone clogging,B,medium,clear,diagonal_streak,standard,fragments,lower_right,blue,11,9 or more,light edge clogging,count now,55
mpq_9e6f7a064535d7,mem_scene_00151,images/mem_scene_00151.png,qc_action,What is the best next triage action for this field of view?,count now,reimage focus,dilute and refilter,manual review,A,medium,clear,diagonal_streak,standard,fragments,lower_right,blue,11,9 or more,light edge clogging,count now,55
mpq_e9b653d6eaf203,mem_scene_00152,images/mem_scene_00152.png,dominant_particle_family,Which suspicious particle family is most common in this membrane field?,fibers,fragments,beads,films,C,medium,biofilm,centered,standard,beads,upper_left,blue,21,9 or more,open pores,manual review,55
mpq_e77dd205521528,mem_scene_00152,images/mem_scene_00152.png,hotspot_quadrant,Which quadrant contains the densest suspicious-particle hotspot?,upper left,upper right,lower left,lower right,A,medium,biofilm,centered,standard,beads,upper_left,blue,21,9 or more,open pores,manual review,55
mpq_42d9198f837714,mem_scene_00152,images/mem_scene_00152.png,fiber_tint,What tint is most common among the visible fibers?,blue,red,black,clear or pale,A,medium,biofilm,centered,standard,beads,upper_left,blue,21,9 or more,open pores,manual review,55
mpq_1fa1c982f382b8,mem_scene_00152,images/mem_scene_00152.png,bead_count,How many round bead-like microplastic particles are visible?,0-12,13-18,19-24,25 or more,C,medium,biofilm,centered,standard,beads,upper_left,blue,21,19-24,open pores,manual review,55
mpq_f08383d6ac2166,mem_scene_00152,images/mem_scene_00152.png,clogging_state,Which membrane clogging pattern best describes this field?,open pores,light edge clogging,central mat clogging,patchy multi-zone clogging,A,medium,biofilm,centered,standard,beads,upper_left,blue,21,9 or more,open pores,manual review,55
mpq_af79516606c833,mem_scene_00152,images/mem_scene_00152.png,qc_action,What is the best next triage action for this field of view?,count now,reimage focus,dilute and refilter,manual review,D,medium,biofilm,centered,standard,beads,upper_left,blue,21,9 or more,open pores,manual review,55
mpq_0301eed81eaf19,mem_scene_00153,images/mem_scene_00153.png,dominant_particle_family,Which suspicious particle family is most common in this membrane field?,fibers,fragments,beads,films,C,medium,clear,centered,bubble_ring,beads,upper_right,blue,25,9 or more,open pores,manual review,54
mpq_1868e60558b273,mem_scene_00153,images/mem_scene_00153.png,hotspot_quadrant,Which quadrant contains the densest suspicious-particle hotspot?,upper left,upper right,lower left,lower right,B,medium,clear,centered,bubble_ring,beads,upper_right,blue,25,9 or more,open pores,manual review,54
mpq_44fe1221cbdbf5,mem_scene_00153,images/mem_scene_00153.png,fiber_tint,What tint is most common among the visible fibers?,blue,red,black,clear or pale,A,medium,clear,centered,bubble_ring,beads,upper_right,blue,25,9 or more,open pores,manual review,54
mpq_a21e5d10a54c7b,mem_scene_00153,images/mem_scene_00153.png,bead_count,How many round bead-like microplastic particles are visible?,0-12,13-18,19-24,25 or more,D,medium,clear,centered,bubble_ring,beads,upper_right,blue,25,25 or more,open pores,manual review,54
mpq_94302c81c8efbc,mem_scene_00153,images/mem_scene_00153.png,clogging_state,Which membrane clogging pattern best describes this field?,open pores,light edge clogging,central mat clogging,patchy multi-zone clogging,A,medium,clear,centered,bubble_ring,beads,upper_right,blue,25,9 or more,open pores,manual review,54
mpq_b11abdedc25e08,mem_scene_00153,images/mem_scene_00153.png,qc_action,What is the best next triage action for this field of view?,count now,reimage focus,dilute and refilter,manual review,D,medium,clear,centered,bubble_ring,beads,upper_right,blue,25,9 or more,open pores,manual review,54
mpq_a9ca01f9d95749,mem_scene_00154,images/mem_scene_00154.png,dominant_particle_family,Which suspicious particle family is most common in this membrane field?,fibers,fragments,beads,films,C,easy,low_contrast,diagonal_streak,blue_stain,beads,lower_right,red,11,9 or more,patchy multi-zone clogging,count now,30
mpq_d6a2f9c96e785d,mem_scene_00154,images/mem_scene_00154.png,hotspot_quadrant,Which quadrant contains the densest suspicious-particle hotspot?,upper left,upper right,lower left,lower right,D,easy,low_contrast,diagonal_streak,blue_stain,beads,lower_right,red,11,9 or more,patchy multi-zone clogging,count now,30
mpq_452fadbc02ae89,mem_scene_00154,images/mem_scene_00154.png,fiber_tint,What tint is most common among the visible fibers?,blue,red,black,clear or pale,B,easy,low_contrast,diagonal_streak,blue_stain,beads,lower_right,red,11,9 or more,patchy multi-zone clogging,count now,30
mpq_00473f1f10e4e2,mem_scene_00154,images/mem_scene_00154.png,bead_count,How many round bead-like microplastic particles are visible?,0-12,13-18,19-24,25 or more,A,easy,low_contrast,diagonal_streak,blue_stain,beads,lower_right,red,11,0-12,patchy multi-zone clogging,count now,30
mpq_4403f08fee831f,mem_scene_00154,images/mem_scene_00154.png,clogging_state,Which membrane clogging pattern best describes this field?,open pores,light edge clogging,central mat clogging,patchy multi-zone clogging,D,easy,low_contrast,diagonal_streak,blue_stain,beads,lower_right,red,11,9 or more,patchy multi-zone clogging,count now,30
mpq_ebd15cd9e46bc4,mem_scene_00154,images/mem_scene_00154.png,qc_action,What is the best next triage action for this field of view?,count now,reimage focus,dilute and refilter,manual review,B,easy,low_contrast,diagonal_streak,blue_stain,beads,lower_right,red,11,9 or more,patchy multi-zone clogging,reimage focus,30
mpq_f22592580cd231,mem_scene_00155,images/mem_scene_00155.png,dominant_particle_family,Which suspicious particle family is most common in this membrane field?,fibers,fragments,beads,films,B,medium,clear,ring_bias,standard,fragments,upper_left,red,8,6-8,patchy multi-zone clogging,count now,48
mpq_e6b183030cfc84,mem_scene_00155,images/mem_scene_00155.png,hotspot_quadrant,Which quadrant contains the densest suspicious-particle hotspot?,upper left,upper right,lower left,lower right,A,medium,clear,ring_bias,standard,fragments,upper_left,red,8,6-8,patchy multi-zone clogging,count now,48
mpq_f97a28d09060fa,mem_scene_00155,images/mem_scene_00155.png,fiber_tint,What tint is most common among the visible fibers?,blue,red,black,clear or pale,B,medium,clear,ring_bias,standard,fragments,upper_left,red,8,6-8,patchy multi-zone clogging,count now,48
mpq_734efa5b18dc8e,mem_scene_00155,images/mem_scene_00155.png,bead_count,How many round bead-like microplastic particles are visible?,0-12,13-18,19-24,25 or more,A,medium,clear,ring_bias,standard,fragments,upper_left,red,8,0-12,patchy multi-zone clogging,count now,48
mpq_d8c9f52e5c9552,mem_scene_00155,images/mem_scene_00155.png,clogging_state,Which membrane clogging pattern best describes this field?,open pores,light edge clogging,central mat clogging,patchy multi-zone clogging,D,medium,clear,ring_bias,standard,fragments,upper_left,red,8,6-8,patchy multi-zone clogging,count now,48
mpq_3d873359e76ef0,mem_scene_00155,images/mem_scene_00155.png,qc_action,What is the best next triage action for this field of view?,count now,reimage focus,dilute and refilter,manual review,A,medium,clear,ring_bias,standard,fragments,upper_left,red,8,6-8,patchy multi-zone clogging,count now,48
mpq_7e8eed9a9edafa,mem_scene_00156,images/mem_scene_00156.png,dominant_particle_family,Which suspicious particle family is most common in this membrane field?,fibers,fragments,beads,films,A,easy,clear,centered,standard,fibers,lower_right,blue,6,6-8,open pores,count now,33
mpq_6c41c7d720a2f0,mem_scene_00156,images/mem_scene_00156.png,hotspot_quadrant,Which quadrant contains the densest suspicious-particle hotspot?,upper left,upper right,lower left,lower right,D,easy,clear,centered,standard,fibers,lower_right,blue,6,6-8,open pores,count now,33
mpq_94a3b063636c02,mem_scene_00156,images/mem_scene_00156.png,fiber_tint,What tint is most common among the visible fibers?,blue,red,black,clear or pale,A,easy,clear,centered,standard,fibers,lower_right,blue,6,6-8,open pores,count now,33
mpq_9e02de45916a3c,mem_scene_00156,images/mem_scene_00156.png,bead_count,How many round bead-like microplastic particles are visible?,0-12,13-18,19-24,25 or more,A,easy,clear,centered,standard,fibers,lower_right,blue,6,0-12,open pores,count now,33
mpq_b5333b12ece745,mem_scene_00156,images/mem_scene_00156.png,clogging_state,Which membrane clogging pattern best describes this field?,open pores,light edge clogging,central mat clogging,patchy multi-zone clogging,A,easy,clear,centered,standard,fibers,lower_right,blue,6,6-8,open pores,count now,33
mpq_ccb3d86ea61d1b,mem_scene_00156,images/mem_scene_00156.png,qc_action,What is the best next triage action for this field of view?,count now,reimage focus,dilute and refilter,manual review,A,easy,clear,centered,standard,fibers,lower_right,blue,6,6-8,open pores,count now,33
mpq_f1e3081b1644fc,mem_scene_00157,images/mem_scene_00157.png,dominant_particle_family,Which suspicious particle family is most common in this membrane field?,fibers,fragments,beads,films,A,hard,biofilm,centered,standard,fibers,lower_right,clear or pale,18,9 or more,central mat clogging,dilute and refilter,109
mpq_3e8722aaba553a,mem_scene_00157,images/mem_scene_00157.png,hotspot_quadrant,Which quadrant contains the densest suspicious-particle hotspot?,upper left,upper right,lower left,lower right,D,hard,biofilm,centered,standard,fibers,lower_right,clear or pale,18,9 or more,central mat clogging,dilute and refilter,109
mpq_3ba20b726acc45,mem_scene_00157,images/mem_scene_00157.png,fiber_tint,What tint is most common among the visible fibers?,blue,red,black,clear or pale,D,hard,biofilm,centered,standard,fibers,lower_right,clear or pale,18,9 or more,central mat clogging,dilute and refilter,109
mpq_0a7007a20ab8d3,mem_scene_00157,images/mem_scene_00157.png,bead_count,How many round bead-like microplastic particles are visible?,0-12,13-18,19-24,25 or more,B,hard,biofilm,centered,standard,fibers,lower_right,clear or pale,18,13-18,central mat clogging,dilute and refilter,109
mpq_3ae56a2fa0f918,mem_scene_00157,images/mem_scene_00157.png,clogging_state,Which membrane clogging pattern best describes this field?,open pores,light edge clogging,central mat clogging,patchy multi-zone clogging,C,hard,biofilm,centered,standard,fibers,lower_right,clear or pale,18,9 or more,central mat clogging,dilute and refilter,109
mpq_5cb47d4b52a1d9,mem_scene_00157,images/mem_scene_00157.png,qc_action,What is the best next triage action for this field of view?,count now,reimage focus,dilute and refilter,manual review,C,hard,biofilm,centered,standard,fibers,lower_right,clear or pale,18,9 or more,central mat clogging,dilute and refilter,109
mpq_e8b86e9ecf6ca1,mem_scene_00158,images/mem_scene_00158.png,dominant_particle_family,Which suspicious particle family is most common in this membrane field?,fibers,fragments,beads,films,D,hard,clear,centered,blue_stain,films,upper_left,red,16,9 or more,open pores,count now,89
mpq_fd5bc4fcdedd3c,mem_scene_00158,images/mem_scene_00158.png,hotspot_quadrant,Which quadrant contains the densest suspicious-particle hotspot?,upper left,upper right,lower left,lower right,A,hard,clear,centered,blue_stain,films,upper_left,red,16,9 or more,open pores,count now,89
mpq_2b9251c2b3873f,mem_scene_00158,images/mem_scene_00158.png,fiber_tint,What tint is most common among the visible fibers?,blue,red,black,clear or pale,B,hard,clear,centered,blue_stain,films,upper_left,red,16,9 or more,open pores,count now,89
mpq_50cc6161333ac4,mem_scene_00158,images/mem_scene_00158.png,bead_count,How many round bead-like microplastic particles are visible?,0-12,13-18,19-24,25 or more,B,hard,clear,centered,blue_stain,films,upper_left,red,16,13-18,open pores,count now,89
mpq_af9244ca86e608,mem_scene_00158,images/mem_scene_00158.png,clogging_state,Which membrane clogging pattern best describes this field?,open pores,light edge clogging,central mat clogging,patchy multi-zone clogging,A,hard,clear,centered,blue_stain,films,upper_left,red,16,9 or more,open pores,count now,89
mpq_e15d07d621168d,mem_scene_00158,images/mem_scene_00158.png,qc_action,What is the best next triage action for this field of view?,count now,reimage focus,dilute and refilter,manual review,A,hard,clear,centered,blue_stain,films,upper_left,red,16,9 or more,open pores,count now,89
mpq_04ccffcdc32676,mem_scene_00159,images/mem_scene_00159.png,dominant_particle_family,Which suspicious particle family is most common in this membrane field?,fibers,fragments,beads,films,C,medium,clear,edge_loaded,edge_shadow,beads,lower_left,black,20,9 or more,central mat clogging,manual review,65
mpq_39e29c500ceab6,mem_scene_00159,images/mem_scene_00159.png,hotspot_quadrant,Which quadrant contains the densest suspicious-particle hotspot?,upper left,upper right,lower left,lower right,C,medium,clear,edge_loaded,edge_shadow,beads,lower_left,black,20,9 or more,central mat clogging,manual review,65
mpq_46069235e30f93,mem_scene_00159,images/mem_scene_00159.png,fiber_tint,What tint is most common among the visible fibers?,blue,red,black,clear or pale,C,medium,clear,edge_loaded,edge_shadow,beads,lower_left,black,20,9 or more,central mat clogging,manual review,65
mpq_ee217c038fa700,mem_scene_00159,images/mem_scene_00159.png,bead_count,How many round bead-like microplastic particles are visible?,0-12,13-18,19-24,25 or more,C,medium,clear,edge_loaded,edge_shadow,beads,lower_left,black,20,19-24,central mat clogging,manual review,65
mpq_bd33c9c1e48b19,mem_scene_00159,images/mem_scene_00159.png,clogging_state,Which membrane clogging pattern best describes this field?,open pores,light edge clogging,central mat clogging,patchy multi-zone clogging,C,medium,clear,edge_loaded,edge_shadow,beads,lower_left,black,20,9 or more,central mat clogging,manual review,65
mpq_193655c1cc8c0b,mem_scene_00159,images/mem_scene_00159.png,qc_action,What is the best next triage action for this field of view?,count now,reimage focus,dilute and refilter,manual review,D,medium,clear,edge_loaded,edge_shadow,beads,lower_left,black,20,9 or more,central mat clogging,manual review,65
mpq_e2f0840c41af4a,mem_scene_00160,images/mem_scene_00160.png,dominant_particle_family,Which suspicious particle family is most common in this membrane field?,fibers,fragments,beads,films,A,hard,overloaded,centered,standard,fibers,upper_left,blue,24,9 or more,open pores,dilute and refilter,107
mpq_ea66a54d498995,mem_scene_00160,images/mem_scene_00160.png,hotspot_quadrant,Which quadrant contains the densest suspicious-particle hotspot?,upper left,upper right,lower left,lower right,A,hard,overloaded,centered,standard,fibers,upper_left,blue,24,9 or more,open pores,dilute and refilter,107
mpq_bde7ee65ee992d,mem_scene_00160,images/mem_scene_00160.png,fiber_tint,What tint is most common among the visible fibers?,blue,red,black,clear or pale,A,hard,overloaded,centered,standard,fibers,upper_left,blue,24,9 or more,open pores,dilute and refilter,107
mpq_fba15bacf44a65,mem_scene_00160,images/mem_scene_00160.png,bead_count,How many round bead-like microplastic particles are visible?,0-12,13-18,19-24,25 or more,C,hard,overloaded,centered,standard,fibers,upper_left,blue,24,19-24,open pores,dilute and refilter,107
mpq_22830e01a7c0a8,mem_scene_00160,images/mem_scene_00160.png,clogging_state,Which membrane clogging pattern best describes this field?,open pores,light edge clogging,central mat clogging,patchy multi-zone clogging,A,hard,overloaded,centered,standard,fibers,upper_left,blue,24,9 or more,open pores,dilute and refilter,107
mpq_21b1f3003065dc,mem_scene_00160,images/mem_scene_00160.png,qc_action,What is the best next triage action for this field of view?,count now,reimage focus,dilute and refilter,manual review,C,hard,overloaded,centered,standard,fibers,upper_left,blue,24,9 or more,open pores,dilute and refilter,107
mpq_c852f6f1826aac,mem_scene_00161,images/mem_scene_00161.png,dominant_particle_family,Which suspicious particle family is most common in this membrane field?,fibers,fragments,beads,films,C,medium,low_contrast,ring_bias,standard,beads,lower_right,red,31,9 or more,light edge clogging,count now,65
mpq_c469115359feb0,mem_scene_00161,images/mem_scene_00161.png,hotspot_quadrant,Which quadrant contains the densest suspicious-particle hotspot?,upper left,upper right,lower left,lower right,D,medium,low_contrast,ring_bias,standard,beads,lower_right,red,31,9 or more,light edge clogging,count now,65
mpq_734725fea0b93c,mem_scene_00161,images/mem_scene_00161.png,fiber_tint,What tint is most common among the visible fibers?,blue,red,black,clear or pale,B,medium,low_contrast,ring_bias,standard,beads,lower_right,red,31,9 or more,light edge clogging,count now,65
mpq_d3f6177951af51,mem_scene_00161,images/mem_scene_00161.png,bead_count,How many round bead-like microplastic particles are visible?,0-12,13-18,19-24,25 or more,D,medium,low_contrast,ring_bias,standard,beads,lower_right,red,31,25 or more,light edge clogging,count now,65
mpq_976d10ac7cbc55,mem_scene_00161,images/mem_scene_00161.png,clogging_state,Which membrane clogging pattern best describes this field?,open pores,light edge clogging,central mat clogging,patchy multi-zone clogging,B,medium,low_contrast,ring_bias,standard,beads,lower_right,red,31,9 or more,light edge clogging,count now,65
mpq_b2b3c501ae0fcd,mem_scene_00161,images/mem_scene_00161.png,qc_action,What is the best next triage action for this field of view?,count now,reimage focus,dilute and refilter,manual review,B,medium,low_contrast,ring_bias,standard,beads,lower_right,red,31,9 or more,light edge clogging,reimage focus,65
mpq_7a9fc135493f3c,mem_scene_00162,images/mem_scene_00162.png,dominant_particle_family,Which suspicious particle family is most common in this membrane field?,fibers,fragments,beads,films,A,hard,clear,centered,blue_stain,fibers,lower_left,blue,18,9 or more,light edge clogging,count now,83
mpq_714403ff5375bf,mem_scene_00162,images/mem_scene_00162.png,hotspot_quadrant,Which quadrant contains the densest suspicious-particle hotspot?,upper left,upper right,lower left,lower right,C,hard,clear,centered,blue_stain,fibers,lower_left,blue,18,9 or more,light edge clogging,count now,83
mpq_ad3d64ed48856c,mem_scene_00162,images/mem_scene_00162.png,fiber_tint,What tint is most common among the visible fibers?,blue,red,black,clear or pale,A,hard,clear,centered,blue_stain,fibers,lower_left,blue,18,9 or more,light edge clogging,count now,83
mpq_61a9d233d1d818,mem_scene_00162,images/mem_scene_00162.png,bead_count,How many round bead-like microplastic particles are visible?,0-12,13-18,19-24,25 or more,B,hard,clear,centered,blue_stain,fibers,lower_left,blue,18,13-18,light edge clogging,count now,83
mpq_96276c92e4dca9,mem_scene_00162,images/mem_scene_00162.png,clogging_state,Which membrane clogging pattern best describes this field?,open pores,light edge clogging,central mat clogging,patchy multi-zone clogging,B,hard,clear,centered,blue_stain,fibers,lower_left,blue,18,9 or more,light edge clogging,count now,83
mpq_377cb36ff36026,mem_scene_00162,images/mem_scene_00162.png,qc_action,What is the best next triage action for this field of view?,count now,reimage focus,dilute and refilter,manual review,A,hard,clear,centered,blue_stain,fibers,lower_left,blue,18,9 or more,light edge clogging,count now,83
mpq_6ca8a8c82dd6ad,mem_scene_00163,images/mem_scene_00163.png,dominant_particle_family,Which suspicious particle family is most common in this membrane field?,fibers,fragments,beads,films,C,medium,low_contrast,edge_loaded,standard,beads,upper_right,blue,22,9 or more,open pores,count now,50
mpq_c910ae2d65f6b6,mem_scene_00163,images/mem_scene_00163.png,hotspot_quadrant,Which quadrant contains the densest suspicious-particle hotspot?,upper left,upper right,lower left,lower right,B,medium,low_contrast,edge_loaded,standard,beads,upper_right,blue,22,9 or more,open pores,count now,50
mpq_8c1427adf2929c,mem_scene_00163,images/mem_scene_00163.png,fiber_tint,What tint is most common among the visible fibers?,blue,red,black,clear or pale,A,medium,low_contrast,edge_loaded,standard,beads,upper_right,blue,22,9 or more,open pores,count now,50
mpq_97cab23cd426e5,mem_scene_00163,images/mem_scene_00163.png,bead_count,How many round bead-like microplastic particles are visible?,0-12,13-18,19-24,25 or more,C,medium,low_contrast,edge_loaded,standard,beads,upper_right,blue,22,19-24,open pores,count now,50
mpq_49c2c939cbd489,mem_scene_00163,images/mem_scene_00163.png,clogging_state,Which membrane clogging pattern best describes this field?,open pores,light edge clogging,central mat clogging,patchy multi-zone clogging,A,medium,low_contrast,edge_loaded,standard,beads,upper_right,blue,22,9 or more,open pores,count now,50
mpq_8ff078a5a35654,mem_scene_00163,images/mem_scene_00163.png,qc_action,What is the best next triage action for this field of view?,count now,reimage focus,dilute and refilter,manual review,B,medium,low_contrast,edge_loaded,standard,beads,upper_right,blue,22,9 or more,open pores,reimage focus,50
mpq_56a6eaf19d4f45,mem_scene_00164,images/mem_scene_00164.png,dominant_particle_family,Which suspicious particle family is most common in this membrane field?,fibers,fragments,beads,films,D,easy,overloaded,edge_loaded,standard,films,upper_right,red,2,0-2,open pores,dilute and refilter,29
mpq_c34784ad673db5,mem_scene_00164,images/mem_scene_00164.png,hotspot_quadrant,Which quadrant contains the densest suspicious-particle hotspot?,upper left,upper right,lower left,lower right,B,easy,overloaded,edge_loaded,standard,films,upper_right,red,2,0-2,open pores,dilute and refilter,29
mpq_85096db465c00a,mem_scene_00164,images/mem_scene_00164.png,fiber_tint,What tint is most common among the visible fibers?,blue,red,black,clear or pale,B,easy,overloaded,edge_loaded,standard,films,upper_right,red,2,0-2,open pores,dilute and refilter,29
mpq_40524e70d5155f,mem_scene_00164,images/mem_scene_00164.png,bead_count,How many round bead-like microplastic particles are visible?,0-12,13-18,19-24,25 or more,A,easy,overloaded,edge_loaded,standard,films,upper_right,red,2,0-12,open pores,dilute and refilter,29
mpq_3f9366f3d66b29,mem_scene_00164,images/mem_scene_00164.png,clogging_state,Which membrane clogging pattern best describes this field?,open pores,light edge clogging,central mat clogging,patchy multi-zone clogging,A,easy,overloaded,edge_loaded,standard,films,upper_right,red,2,0-2,open pores,dilute and refilter,29
mpq_667ac8749eaea5,mem_scene_00164,images/mem_scene_00164.png,qc_action,What is the best next triage action for this field of view?,count now,reimage focus,dilute and refilter,manual review,C,easy,overloaded,edge_loaded,standard,films,upper_right,red,2,0-2,open pores,dilute and refilter,29
mpq_a48e986288c43f,mem_scene_00165,images/mem_scene_00165.png,dominant_particle_family,Which suspicious particle family is most common in this membrane field?,fibers,fragments,beads,films,C,easy,low_contrast,ring_bias,blue_stain,beads,lower_right,blue,14,9 or more,central mat clogging,count now,36
mpq_8c375a4fa21836,mem_scene_00165,images/mem_scene_00165.png,hotspot_quadrant,Which quadrant contains the densest suspicious-particle hotspot?,upper left,upper right,lower left,lower right,D,easy,low_contrast,ring_bias,blue_stain,beads,lower_right,blue,14,9 or more,central mat clogging,count now,36
mpq_5d6a19cded1a0f,mem_scene_00165,images/mem_scene_00165.png,fiber_tint,What tint is most common among the visible fibers?,blue,red,black,clear or pale,A,easy,low_contrast,ring_bias,blue_stain,beads,lower_right,blue,14,9 or more,central mat clogging,count now,36
mpq_e4f8486ce06928,mem_scene_00165,images/mem_scene_00165.png,bead_count,How many round bead-like microplastic particles are visible?,0-12,13-18,19-24,25 or more,B,easy,low_contrast,ring_bias,blue_stain,beads,lower_right,blue,14,13-18,central mat clogging,count now,36
mpq_a1200da91b8d7b,mem_scene_00165,images/mem_scene_00165.png,clogging_state,Which membrane clogging pattern best describes this field?,open pores,light edge clogging,central mat clogging,patchy multi-zone clogging,C,easy,low_contrast,ring_bias,blue_stain,beads,lower_right,blue,14,9 or more,central mat clogging,count now,36
mpq_099af735130ad3,mem_scene_00165,images/mem_scene_00165.png,qc_action,What is the best next triage action for this field of view?,count now,reimage focus,dilute and refilter,manual review,B,easy,low_contrast,ring_bias,blue_stain,beads,lower_right,blue,14,9 or more,central mat clogging,reimage focus,36
mpq_0b7d15a2b77e1b,mem_scene_00166,images/mem_scene_00166.png,dominant_particle_family,Which suspicious particle family is most common in this membrane field?,fibers,fragments,beads,films,A,easy,low_contrast,edge_loaded,standard,fibers,lower_right,black,5,3-5,central mat clogging,count now,35
mpq_fbf3271633186f,mem_scene_00166,images/mem_scene_00166.png,hotspot_quadrant,Which quadrant contains the densest suspicious-particle hotspot?,upper left,upper right,lower left,lower right,D,easy,low_contrast,edge_loaded,standard,fibers,lower_right,black,5,3-5,central mat clogging,count now,35
mpq_3567c490197640,mem_scene_00166,images/mem_scene_00166.png,fiber_tint,What tint is most common among the visible fibers?,blue,red,black,clear or pale,C,easy,low_contrast,edge_loaded,standard,fibers,lower_right,black,5,3-5,central mat clogging,count now,35
mpq_62bcef7e3d6c24,mem_scene_00166,images/mem_scene_00166.png,bead_count,How many round bead-like microplastic particles are visible?,0-12,13-18,19-24,25 or more,A,easy,low_contrast,edge_loaded,standard,fibers,lower_right,black,5,0-12,central mat clogging,count now,35
mpq_c464355002f2fe,mem_scene_00166,images/mem_scene_00166.png,clogging_state,Which membrane clogging pattern best describes this field?,open pores,light edge clogging,central mat clogging,patchy multi-zone clogging,C,easy,low_contrast,edge_loaded,standard,fibers,lower_right,black,5,3-5,central mat clogging,count now,35
mpq_f78438114e3518,mem_scene_00166,images/mem_scene_00166.png,qc_action,What is the best next triage action for this field of view?,count now,reimage focus,dilute and refilter,manual review,B,easy,low_contrast,edge_loaded,standard,fibers,lower_right,black,5,3-5,central mat clogging,reimage focus,35
mpq_d3bc058ac852cc,mem_scene_00167,images/mem_scene_00167.png,dominant_particle_family,Which suspicious particle family is most common in this membrane field?,fibers,fragments,beads,films,D,medium,clear,centered,standard,films,lower_right,blue,10,9 or more,patchy multi-zone clogging,count now,60
mpq_6434182804a19e,mem_scene_00167,images/mem_scene_00167.png,hotspot_quadrant,Which quadrant contains the densest suspicious-particle hotspot?,upper left,upper right,lower left,lower right,D,medium,clear,centered,standard,films,lower_right,blue,10,9 or more,patchy multi-zone clogging,count now,60
mpq_2e0261f73f41a8,mem_scene_00167,images/mem_scene_00167.png,fiber_tint,What tint is most common among the visible fibers?,blue,red,black,clear or pale,A,medium,clear,centered,standard,films,lower_right,blue,10,9 or more,patchy multi-zone clogging,count now,60
mpq_9afc5be5b05259,mem_scene_00167,images/mem_scene_00167.png,bead_count,How many round bead-like microplastic particles are visible?,0-12,13-18,19-24,25 or more,A,medium,clear,centered,standard,films,lower_right,blue,10,0-12,patchy multi-zone clogging,count now,60
mpq_8623393598f860,mem_scene_00167,images/mem_scene_00167.png,clogging_state,Which membrane clogging pattern best describes this field?,open pores,light edge clogging,central mat clogging,patchy multi-zone clogging,D,medium,clear,centered,standard,films,lower_right,blue,10,9 or more,patchy multi-zone clogging,count now,60
mpq_0440d298e8dad8,mem_scene_00167,images/mem_scene_00167.png,qc_action,What is the best next triage action for this field of view?,count now,reimage focus,dilute and refilter,manual review,A,medium,clear,centered,standard,films,lower_right,blue,10,9 or more,patchy multi-zone clogging,count now,60
mpq_840b4a85a84e5f,mem_scene_00168,images/mem_scene_00168.png,dominant_particle_family,Which suspicious particle family is most common in this membrane field?,fibers,fragments,beads,films,D,medium,low_contrast,edge_loaded,blue_stain,films,upper_right,clear or pale,16,9 or more,patchy multi-zone clogging,count now,72
mpq_14d339ba8094ac,mem_scene_00168,images/mem_scene_00168.png,hotspot_quadrant,Which quadrant contains the densest suspicious-particle hotspot?,upper left,upper right,lower left,lower right,B,medium,low_contrast,edge_loaded,blue_stain,films,upper_right,clear or pale,16,9 or more,patchy multi-zone clogging,count now,72
mpq_c67d616d10224f,mem_scene_00168,images/mem_scene_00168.png,fiber_tint,What tint is most common among the visible fibers?,blue,red,black,clear or pale,D,medium,low_contrast,edge_loaded,blue_stain,films,upper_right,clear or pale,16,9 or more,patchy multi-zone clogging,count now,72
mpq_19ff2c07f7e098,mem_scene_00168,images/mem_scene_00168.png,bead_count,How many round bead-like microplastic particles are visible?,0-12,13-18,19-24,25 or more,B,medium,low_contrast,edge_loaded,blue_stain,films,upper_right,clear or pale,16,13-18,patchy multi-zone clogging,count now,72
mpq_65705abacb855c,mem_scene_00168,images/mem_scene_00168.png,clogging_state,Which membrane clogging pattern best describes this field?,open pores,light edge clogging,central mat clogging,patchy multi-zone clogging,D,medium,low_contrast,edge_loaded,blue_stain,films,upper_right,clear or pale,16,9 or more,patchy multi-zone clogging,count now,72
mpq_34d8a9063b560c,mem_scene_00168,images/mem_scene_00168.png,qc_action,What is the best next triage action for this field of view?,count now,reimage focus,dilute and refilter,manual review,B,medium,low_contrast,edge_loaded,blue_stain,films,upper_right,clear or pale,16,9 or more,patchy multi-zone clogging,reimage focus,72
mpq_861dee50ab4b83,mem_scene_00169,images/mem_scene_00169.png,dominant_particle_family,Which suspicious particle family is most common in this membrane field?,fibers,fragments,beads,films,A,medium,glare,edge_loaded,standard,fibers,lower_left,blue,12,9 or more,patchy multi-zone clogging,count now,60
mpq_5ad49e677cfbd0,mem_scene_00169,images/mem_scene_00169.png,hotspot_quadrant,Which quadrant contains the densest suspicious-particle hotspot?,upper left,upper right,lower left,lower right,C,medium,glare,edge_loaded,standard,fibers,lower_left,blue,12,9 or more,patchy multi-zone clogging,count now,60
mpq_c52d817b3d5ff0,mem_scene_00169,images/mem_scene_00169.png,fiber_tint,What tint is most common among the visible fibers?,blue,red,black,clear or pale,A,medium,glare,edge_loaded,standard,fibers,lower_left,blue,12,9 or more,patchy multi-zone clogging,count now,60
mpq_095825f91a3e35,mem_scene_00169,images/mem_scene_00169.png,bead_count,How many round bead-like microplastic particles are visible?,0-12,13-18,19-24,25 or more,A,medium,glare,edge_loaded,standard,fibers,lower_left,blue,12,0-12,patchy multi-zone clogging,count now,60
mpq_a7497cf6763a30,mem_scene_00169,images/mem_scene_00169.png,clogging_state,Which membrane clogging pattern best describes this field?,open pores,light edge clogging,central mat clogging,patchy multi-zone clogging,D,medium,glare,edge_loaded,standard,fibers,lower_left,blue,12,9 or more,patchy multi-zone clogging,count now,60
mpq_41d66c316ac9a0,mem_scene_00169,images/mem_scene_00169.png,qc_action,What is the best next triage action for this field of view?,count now,reimage focus,dilute and refilter,manual review,B,medium,glare,edge_loaded,standard,fibers,lower_left,blue,12,9 or more,patchy multi-zone clogging,reimage focus,60
mpq_3db60eda082b18,mem_scene_00170,images/mem_scene_00170.png,dominant_particle_family,Which suspicious particle family is most common in this membrane field?,fibers,fragments,beads,films,D,easy,clear,edge_loaded,standard,films,lower_left,red,5,3-5,central mat clogging,count now,35
mpq_3ecc679ae07100,mem_scene_00170,images/mem_scene_00170.png,hotspot_quadrant,Which quadrant contains the densest suspicious-particle hotspot?,upper left,upper right,lower left,lower right,C,easy,clear,edge_loaded,standard,films,lower_left,red,5,3-5,central mat clogging,count now,35
mpq_20b021a7a7e38d,mem_scene_00170,images/mem_scene_00170.png,fiber_tint,What tint is most common among the visible fibers?,blue,red,black,clear or pale,B,easy,clear,edge_loaded,standard,films,lower_left,red,5,3-5,central mat clogging,count now,35
mpq_42c092a881954b,mem_scene_00170,images/mem_scene_00170.png,bead_count,How many round bead-like microplastic particles are visible?,0-12,13-18,19-24,25 or more,A,easy,clear,edge_loaded,standard,films,lower_left,red,5,0-12,central mat clogging,count now,35
mpq_1e89c16a3fd936,mem_scene_00170,images/mem_scene_00170.png,clogging_state,Which membrane clogging pattern best describes this field?,open pores,light edge clogging,central mat clogging,patchy multi-zone clogging,C,easy,clear,edge_loaded,standard,films,lower_left,red,5,3-5,central mat clogging,count now,35
mpq_b9ebc6645dbc17,mem_scene_00170,images/mem_scene_00170.png,qc_action,What is the best next triage action for this field of view?,count now,reimage focus,dilute and refilter,manual review,A,easy,clear,edge_loaded,standard,films,lower_left,red,5,3-5,central mat clogging,count now,35
mpq_de22b5def80aac,mem_scene_00171,images/mem_scene_00171.png,dominant_particle_family,Which suspicious particle family is most common in this membrane field?,fibers,fragments,beads,films,D,easy,low_contrast,ring_bias,standard,films,upper_left,red,3,3-5,open pores,count now,29
mpq_95f54dbe328220,mem_scene_00171,images/mem_scene_00171.png,hotspot_quadrant,Which quadrant contains the densest suspicious-particle hotspot?,upper left,upper right,lower left,lower right,A,easy,low_contrast,ring_bias,standard,films,upper_left,red,3,3-5,open pores,count now,29
mpq_5d06aa095cf762,mem_scene_00171,images/mem_scene_00171.png,fiber_tint,What tint is most common among the visible fibers?,blue,red,black,clear or pale,B,easy,low_contrast,ring_bias,standard,films,upper_left,red,3,3-5,open pores,count now,29
mpq_57e3ffa8a2acba,mem_scene_00171,images/mem_scene_00171.png,bead_count,How many round bead-like microplastic particles are visible?,0-12,13-18,19-24,25 or more,A,easy,low_contrast,ring_bias,standard,films,upper_left,red,3,0-12,open pores,count now,29
mpq_e40d6e4e6f548e,mem_scene_00171,images/mem_scene_00171.png,clogging_state,Which membrane clogging pattern best describes this field?,open pores,light edge clogging,central mat clogging,patchy multi-zone clogging,A,easy,low_contrast,ring_bias,standard,films,upper_left,red,3,3-5,open pores,count now,29
mpq_f05436043b9fab,mem_scene_00171,images/mem_scene_00171.png,qc_action,What is the best next triage action for this field of view?,count now,reimage focus,dilute and refilter,manual review,B,easy,low_contrast,ring_bias,standard,films,upper_left,red,3,3-5,open pores,reimage focus,29
mpq_24dbd505daea58,mem_scene_00172,images/mem_scene_00172.png,dominant_particle_family,Which suspicious particle family is most common in this membrane field?,fibers,fragments,beads,films,A,hard,clear,centered,standard,fibers,lower_left,blue,19,9 or more,open pores,count now,95
mpq_54eff8f412c100,mem_scene_00172,images/mem_scene_00172.png,hotspot_quadrant,Which quadrant contains the densest suspicious-particle hotspot?,upper left,upper right,lower left,lower right,C,hard,clear,centered,standard,fibers,lower_left,blue,19,9 or more,open pores,count now,95
mpq_c433da9db692d6,mem_scene_00172,images/mem_scene_00172.png,fiber_tint,What tint is most common among the visible fibers?,blue,red,black,clear or pale,A,hard,clear,centered,standard,fibers,lower_left,blue,19,9 or more,open pores,count now,95
mpq_f93fc0bcd0f8f7,mem_scene_00172,images/mem_scene_00172.png,bead_count,How many round bead-like microplastic particles are visible?,0-12,13-18,19-24,25 or more,C,hard,clear,centered,standard,fibers,lower_left,blue,19,19-24,open pores,count now,95
mpq_dabdd1334d6525,mem_scene_00172,images/mem_scene_00172.png,clogging_state,Which membrane clogging pattern best describes this field?,open pores,light edge clogging,central mat clogging,patchy multi-zone clogging,A,hard,clear,centered,standard,fibers,lower_left,blue,19,9 or more,open pores,count now,95
mpq_9722087a8d096f,mem_scene_00172,images/mem_scene_00172.png,qc_action,What is the best next triage action for this field of view?,count now,reimage focus,dilute and refilter,manual review,A,hard,clear,centered,standard,fibers,lower_left,blue,19,9 or more,open pores,count now,95
mpq_ed1f77fde5238e,mem_scene_00173,images/mem_scene_00173.png,dominant_particle_family,Which suspicious particle family is most common in this membrane field?,fibers,fragments,beads,films,A,medium,glare,centered,blue_stain,fibers,lower_right,black,14,9 or more,light edge clogging,count now,67
mpq_18cadabd9a8dc5,mem_scene_00173,images/mem_scene_00173.png,hotspot_quadrant,Which quadrant contains the densest suspicious-particle hotspot?,upper left,upper right,lower left,lower right,D,medium,glare,centered,blue_stain,fibers,lower_right,black,14,9 or more,light edge clogging,count now,67
mpq_8212b5c1a3f414,mem_scene_00173,images/mem_scene_00173.png,fiber_tint,What tint is most common among the visible fibers?,blue,red,black,clear or pale,C,medium,glare,centered,blue_stain,fibers,lower_right,black,14,9 or more,light edge clogging,count now,67
mpq_bd7e5de6af4c83,mem_scene_00173,images/mem_scene_00173.png,bead_count,How many round bead-like microplastic particles are visible?,0-12,13-18,19-24,25 or more,B,medium,glare,centered,blue_stain,fibers,lower_right,black,14,13-18,light edge clogging,count now,67
mpq_5beb436ef1a36d,mem_scene_00173,images/mem_scene_00173.png,clogging_state,Which membrane clogging pattern best describes this field?,open pores,light edge clogging,central mat clogging,patchy multi-zone clogging,B,medium,glare,centered,blue_stain,fibers,lower_right,black,14,9 or more,light edge clogging,count now,67
mpq_bf8d73f46f8c6a,mem_scene_00173,images/mem_scene_00173.png,qc_action,What is the best next triage action for this field of view?,count now,reimage focus,dilute and refilter,manual review,B,medium,glare,centered,blue_stain,fibers,lower_right,black,14,9 or more,light edge clogging,reimage focus,67
mpq_a59425bca3319b,mem_scene_00174,images/mem_scene_00174.png,dominant_particle_family,Which suspicious particle family is most common in this membrane field?,fibers,fragments,beads,films,D,hard,glare,centered,standard,films,upper_left,blue,16,9 or more,central mat clogging,reimage focus,82
mpq_4c112bb99bee76,mem_scene_00174,images/mem_scene_00174.png,hotspot_quadrant,Which quadrant contains the densest suspicious-particle hotspot?,upper left,upper right,lower left,lower right,A,hard,glare,centered,standard,films,upper_left,blue,16,9 or more,central mat clogging,reimage focus,82
mpq_2e6285285fcf3e,mem_scene_00174,images/mem_scene_00174.png,fiber_tint,What tint is most common among the visible fibers?,blue,red,black,clear or pale,A,hard,glare,centered,standard,films,upper_left,blue,16,9 or more,central mat clogging,reimage focus,82
mpq_6779853cd034bb,mem_scene_00174,images/mem_scene_00174.png,bead_count,How many round bead-like microplastic particles are visible?,0-12,13-18,19-24,25 or more,B,hard,glare,centered,standard,films,upper_left,blue,16,13-18,central mat clogging,reimage focus,82
mpq_9fc508d5a43ffc,mem_scene_00174,images/mem_scene_00174.png,clogging_state,Which membrane clogging pattern best describes this field?,open pores,light edge clogging,central mat clogging,patchy multi-zone clogging,C,hard,glare,centered,standard,films,upper_left,blue,16,9 or more,central mat clogging,reimage focus,82
mpq_64fcf9c045f2b4,mem_scene_00174,images/mem_scene_00174.png,qc_action,What is the best next triage action for this field of view?,count now,reimage focus,dilute and refilter,manual review,B,hard,glare,centered,standard,films,upper_left,blue,16,9 or more,central mat clogging,reimage focus,82
mpq_f8233bfa2c5417,mem_scene_00175,images/mem_scene_00175.png,dominant_particle_family,Which suspicious particle family is most common in this membrane field?,fibers,fragments,beads,films,B,easy,low_contrast,centered,standard,fragments,lower_left,blue,3,3-5,central mat clogging,count now,32
mpq_479098b7bc0812,mem_scene_00175,images/mem_scene_00175.png,hotspot_quadrant,Which quadrant contains the densest suspicious-particle hotspot?,upper left,upper right,lower left,lower right,C,easy,low_contrast,centered,standard,fragments,lower_left,blue,3,3-5,central mat clogging,count now,32
mpq_d709c82b612445,mem_scene_00175,images/mem_scene_00175.png,fiber_tint,What tint is most common among the visible fibers?,blue,red,black,clear or pale,A,easy,low_contrast,centered,standard,fragments,lower_left,blue,3,3-5,central mat clogging,count now,32
mpq_3dfdbc334a855d,mem_scene_00175,images/mem_scene_00175.png,bead_count,How many round bead-like microplastic particles are visible?,0-12,13-18,19-24,25 or more,A,easy,low_contrast,centered,standard,fragments,lower_left,blue,3,0-12,central mat clogging,count now,32
mpq_435f3fe76eb774,mem_scene_00175,images/mem_scene_00175.png,clogging_state,Which membrane clogging pattern best describes this field?,open pores,light edge clogging,central mat clogging,patchy multi-zone clogging,C,easy,low_contrast,centered,standard,fragments,lower_left,blue,3,3-5,central mat clogging,count now,32
mpq_7e63c9ea1f5d32,mem_scene_00175,images/mem_scene_00175.png,qc_action,What is the best next triage action for this field of view?,count now,reimage focus,dilute and refilter,manual review,B,easy,low_contrast,centered,standard,fragments,lower_left,blue,3,3-5,central mat clogging,reimage focus,32
mpq_2e00ec1b0e8ca7,mem_scene_00176,images/mem_scene_00176.png,dominant_particle_family,Which suspicious particle family is most common in this membrane field?,fibers,fragments,beads,films,C,medium,clear,diagonal_streak,standard,beads,lower_left,black,29,9 or more,patchy multi-zone clogging,count now,57
mpq_38857cff10d9e4,mem_scene_00176,images/mem_scene_00176.png,hotspot_quadrant,Which quadrant contains the densest suspicious-particle hotspot?,upper left,upper right,lower left,lower right,C,medium,clear,diagonal_streak,standard,beads,lower_left,black,29,9 or more,patchy multi-zone clogging,count now,57
mpq_9f37195dc95b36,mem_scene_00176,images/mem_scene_00176.png,fiber_tint,What tint is most common among the visible fibers?,blue,red,black,clear or pale,C,medium,clear,diagonal_streak,standard,beads,lower_left,black,29,9 or more,patchy multi-zone clogging,count now,57
mpq_ef9e203d2d55d6,mem_scene_00176,images/mem_scene_00176.png,bead_count,How many round bead-like microplastic particles are visible?,0-12,13-18,19-24,25 or more,D,medium,clear,diagonal_streak,standard,beads,lower_left,black,29,25 or more,patchy multi-zone clogging,count now,57
mpq_84485277452fd7,mem_scene_00176,images/mem_scene_00176.png,clogging_state,Which membrane clogging pattern best describes this field?,open pores,light edge clogging,central mat clogging,patchy multi-zone clogging,D,medium,clear,diagonal_streak,standard,beads,lower_left,black,29,9 or more,patchy multi-zone clogging,count now,57
mpq_fdc1435c7864f3,mem_scene_00176,images/mem_scene_00176.png,qc_action,What is the best next triage action for this field of view?,count now,reimage focus,dilute and refilter,manual review,A,medium,clear,diagonal_streak,standard,beads,lower_left,black,29,9 or more,patchy multi-zone clogging,count now,57
mpq_7eb81a8647b8eb,mem_scene_00177,images/mem_scene_00177.png,dominant_particle_family,Which suspicious particle family is most common in this membrane field?,fibers,fragments,beads,films,C,medium,clear,diagonal_streak,blue_stain,beads,upper_left,red,29,9 or more,open pores,count now,60
mpq_64860d70bf983b,mem_scene_00177,images/mem_scene_00177.png,hotspot_quadrant,Which quadrant contains the densest suspicious-particle hotspot?,upper left,upper right,lower left,lower right,A,medium,clear,diagonal_streak,blue_stain,beads,upper_left,red,29,9 or more,open pores,count now,60
mpq_aedf99e12ca27a,mem_scene_00177,images/mem_scene_00177.png,fiber_tint,What tint is most common among the visible fibers?,blue,red,black,clear or pale,B,medium,clear,diagonal_streak,blue_stain,beads,upper_left,red,29,9 or more,open pores,count now,60
mpq_3c7729cfeb0137,mem_scene_00177,images/mem_scene_00177.png,bead_count,How many round bead-like microplastic particles are visible?,0-12,13-18,19-24,25 or more,D,medium,clear,diagonal_streak,blue_stain,beads,upper_left,red,29,25 or more,open pores,count now,60
mpq_6876c5bf0f11d8,mem_scene_00177,images/mem_scene_00177.png,clogging_state,Which membrane clogging pattern best describes this field?,open pores,light edge clogging,central mat clogging,patchy multi-zone clogging,A,medium,clear,diagonal_streak,blue_stain,beads,upper_left,red,29,9 or more,open pores,count now,60
mpq_577e9d616392dc,mem_scene_00177,images/mem_scene_00177.png,qc_action,What is the best next triage action for this field of view?,count now,reimage focus,dilute and refilter,manual review,A,medium,clear,diagonal_streak,blue_stain,beads,upper_left,red,29,9 or more,open pores,count now,60
mpq_82f9ebc1bd6ff7,mem_scene_00178,images/mem_scene_00178.png,dominant_particle_family,Which suspicious particle family is most common in this membrane field?,fibers,fragments,beads,films,C,hard,overloaded,centered,standard,beads,lower_right,black,52,9 or more,light edge clogging,dilute and refilter,114
mpq_129519f7c6c690,mem_scene_00178,images/mem_scene_00178.png,hotspot_quadrant,Which quadrant contains the densest suspicious-particle hotspot?,upper left,upper right,lower left,lower right,D,hard,overloaded,centered,standard,beads,lower_right,black,52,9 or more,light edge clogging,dilute and refilter,114
mpq_49197a43272604,mem_scene_00178,images/mem_scene_00178.png,fiber_tint,What tint is most common among the visible fibers?,blue,red,black,clear or pale,C,hard,overloaded,centered,standard,beads,lower_right,black,52,9 or more,light edge clogging,dilute and refilter,114
mpq_9a338e5dda63c8,mem_scene_00178,images/mem_scene_00178.png,bead_count,How many round bead-like microplastic particles are visible?,0-12,13-18,19-24,25 or more,D,hard,overloaded,centered,standard,beads,lower_right,black,52,25 or more,light edge clogging,dilute and refilter,114
mpq_9daf36d7d7208b,mem_scene_00178,images/mem_scene_00178.png,clogging_state,Which membrane clogging pattern best describes this field?,open pores,light edge clogging,central mat clogging,patchy multi-zone clogging,B,hard,overloaded,centered,standard,beads,lower_right,black,52,9 or more,light edge clogging,dilute and refilter,114
mpq_61787e2d77c913,mem_scene_00178,images/mem_scene_00178.png,qc_action,What is the best next triage action for this field of view?,count now,reimage focus,dilute and refilter,manual review,C,hard,overloaded,centered,standard,beads,lower_right,black,52,9 or more,light edge clogging,dilute and refilter,114
mpq_b2b6659fe8ee17,mem_scene_00179,images/mem_scene_00179.png,dominant_particle_family,Which suspicious particle family is most common in this membrane field?,fibers,fragments,beads,films,C,hard,biofilm,ring_bias,standard,beads,upper_left,clear or pale,46,9 or more,patchy multi-zone clogging,dilute and refilter,107
mpq_bc009af2f10683,mem_scene_00179,images/mem_scene_00179.png,hotspot_quadrant,Which quadrant contains the densest suspicious-particle hotspot?,upper left,upper right,lower left,lower right,A,hard,biofilm,ring_bias,standard,beads,upper_left,clear or pale,46,9 or more,patchy multi-zone clogging,dilute and refilter,107
mpq_75b2a09eb880a0,mem_scene_00179,images/mem_scene_00179.png,fiber_tint,What tint is most common among the visible fibers?,blue,red,black,clear or pale,D,hard,biofilm,ring_bias,standard,beads,upper_left,clear or pale,46,9 or more,patchy multi-zone clogging,dilute and refilter,107
mpq_478ed5ee39c0c1,mem_scene_00179,images/mem_scene_00179.png,bead_count,How many round bead-like microplastic particles are visible?,0-12,13-18,19-24,25 or more,D,hard,biofilm,ring_bias,standard,beads,upper_left,clear or pale,46,25 or more,patchy multi-zone clogging,dilute and refilter,107
mpq_35c58a3baf6066,mem_scene_00179,images/mem_scene_00179.png,clogging_state,Which membrane clogging pattern best describes this field?,open pores,light edge clogging,central mat clogging,patchy multi-zone clogging,D,hard,biofilm,ring_bias,standard,beads,upper_left,clear or pale,46,9 or more,patchy multi-zone clogging,dilute and refilter,107
mpq_e3498df41c1cd7,mem_scene_00179,images/mem_scene_00179.png,qc_action,What is the best next triage action for this field of view?,count now,reimage focus,dilute and refilter,manual review,C,hard,biofilm,ring_bias,standard,beads,upper_left,clear or pale,46,9 or more,patchy multi-zone clogging,dilute and refilter,107
mpq_1db4ff39e7feca,mem_scene_00180,images/mem_scene_00180.png,dominant_particle_family,Which suspicious particle family is most common in this membrane field?,fibers,fragments,beads,films,B,medium,biofilm,diagonal_streak,edge_shadow,fragments,upper_left,red,7,6-8,patchy multi-zone clogging,manual review,49
mpq_c1089dbd884905,mem_scene_00180,images/mem_scene_00180.png,hotspot_quadrant,Which quadrant contains the densest suspicious-particle hotspot?,upper left,upper right,lower left,lower right,A,medium,biofilm,diagonal_streak,edge_shadow,fragments,upper_left,red,7,6-8,patchy multi-zone clogging,manual review,49
mpq_d7d7ee82fdb875,mem_scene_00180,images/mem_scene_00180.png,fiber_tint,What tint is most common among the visible fibers?,blue,red,black,clear or pale,B,medium,biofilm,diagonal_streak,edge_shadow,fragments,upper_left,red,7,6-8,patchy multi-zone clogging,manual review,49
mpq_b256e48e1179b4,mem_scene_00180,images/mem_scene_00180.png,bead_count,How many round bead-like microplastic particles are visible?,0-12,13-18,19-24,25 or more,A,medium,biofilm,diagonal_streak,edge_shadow,fragments,upper_left,red,7,0-12,patchy multi-zone clogging,manual review,49
mpq_1b073a66e57507,mem_scene_00180,images/mem_scene_00180.png,clogging_state,Which membrane clogging pattern best describes this field?,open pores,light edge clogging,central mat clogging,patchy multi-zone clogging,D,medium,biofilm,diagonal_streak,edge_shadow,fragments,upper_left,red,7,6-8,patchy multi-zone clogging,manual review,49
mpq_562b580f98b4e4,mem_scene_00180,images/mem_scene_00180.png,qc_action,What is the best next triage action for this field of view?,count now,reimage focus,dilute and refilter,manual review,D,medium,biofilm,diagonal_streak,edge_shadow,fragments,upper_left,red,7,6-8,patchy multi-zone clogging,manual review,49
mpq_674c32e9a5dcee,mem_scene_00181,images/mem_scene_00181.png,dominant_particle_family,Which suspicious particle family is most common in this membrane field?,fibers,fragments,beads,films,C,hard,clear,ring_bias,blue_stain,beads,upper_left,blue,39,9 or more,open pores,count now,95
mpq_62aa52ff1b8d87,mem_scene_00181,images/mem_scene_00181.png,hotspot_quadrant,Which quadrant contains the densest suspicious-particle hotspot?,upper left,upper right,lower left,lower right,A,hard,clear,ring_bias,blue_stain,beads,upper_left,blue,39,9 or more,open pores,count now,95
mpq_37886fb46a5784,mem_scene_00181,images/mem_scene_00181.png,fiber_tint,What tint is most common among the visible fibers?,blue,red,black,clear or pale,A,hard,clear,ring_bias,blue_stain,beads,upper_left,blue,39,9 or more,open pores,count now,95
mpq_c0c1f47b44f2df,mem_scene_00181,images/mem_scene_00181.png,bead_count,How many round bead-like microplastic particles are visible?,0-12,13-18,19-24,25 or more,D,hard,clear,ring_bias,blue_stain,beads,upper_left,blue,39,25 or more,open pores,count now,95
mpq_583fb9fe99193c,mem_scene_00181,images/mem_scene_00181.png,clogging_state,Which membrane clogging pattern best describes this field?,open pores,light edge clogging,central mat clogging,patchy multi-zone clogging,A,hard,clear,ring_bias,blue_stain,beads,upper_left,blue,39,9 or more,open pores,count now,95
mpq_edb782105906ef,mem_scene_00181,images/mem_scene_00181.png,qc_action,What is the best next triage action for this field of view?,count now,reimage focus,dilute and refilter,manual review,A,hard,clear,ring_bias,blue_stain,beads,upper_left,blue,39,9 or more,open pores,count now,95
mpq_3d6b97ce170b37,mem_scene_00182,images/mem_scene_00182.png,dominant_particle_family,Which suspicious particle family is most common in this membrane field?,fibers,fragments,beads,films,A,hard,glare,edge_loaded,edge_shadow,fibers,upper_right,blue,18,9 or more,open pores,reimage focus,97
mpq_caa7df83e56668,mem_scene_00182,images/mem_scene_00182.png,hotspot_quadrant,Which quadrant contains the densest suspicious-particle hotspot?,upper left,upper right,lower left,lower right,B,hard,glare,edge_loaded,edge_shadow,fibers,upper_right,blue,18,9 or more,open pores,reimage focus,97
mpq_260eaf770e6aa6,mem_scene_00182,images/mem_scene_00182.png,fiber_tint,What tint is most common among the visible fibers?,blue,red,black,clear or pale,A,hard,glare,edge_loaded,edge_shadow,fibers,upper_right,blue,18,9 or more,open pores,reimage focus,97
mpq_d6064b401cb9d9,mem_scene_00182,images/mem_scene_00182.png,bead_count,How many round bead-like microplastic particles are visible?,0-12,13-18,19-24,25 or more,B,hard,glare,edge_loaded,edge_shadow,fibers,upper_right,blue,18,13-18,open pores,reimage focus,97
mpq_cbcfcb846d6559,mem_scene_00182,images/mem_scene_00182.png,clogging_state,Which membrane clogging pattern best describes this field?,open pores,light edge clogging,central mat clogging,patchy multi-zone clogging,A,hard,glare,edge_loaded,edge_shadow,fibers,upper_right,blue,18,9 or more,open pores,reimage focus,97
mpq_e3085c82fb14f1,mem_scene_00182,images/mem_scene_00182.png,qc_action,What is the best next triage action for this field of view?,count now,reimage focus,dilute and refilter,manual review,B,hard,glare,edge_loaded,edge_shadow,fibers,upper_right,blue,18,9 or more,open pores,reimage focus,97
mpq_804bceef29a11c,mem_scene_00183,images/mem_scene_00183.png,dominant_particle_family,Which suspicious particle family is most common in this membrane field?,fibers,fragments,beads,films,B,medium,glare,centered,standard,fragments,upper_left,blue,19,9 or more,central mat clogging,count now,61
mpq_695f2801fc4f9a,mem_scene_00183,images/mem_scene_00183.png,hotspot_quadrant,Which quadrant contains the densest suspicious-particle hotspot?,upper left,upper right,lower left,lower right,A,medium,glare,centered,standard,fragments,upper_left,blue,19,9 or more,central mat clogging,count now,61
mpq_10bc4e7cd9eeb7,mem_scene_00183,images/mem_scene_00183.png,fiber_tint,What tint is most common among the visible fibers?,blue,red,black,clear or pale,A,medium,glare,centered,standard,fragments,upper_left,blue,19,9 or more,central mat clogging,count now,61
mpq_db9c7c3259edf0,mem_scene_00183,images/mem_scene_00183.png,bead_count,How many round bead-like microplastic particles are visible?,0-12,13-18,19-24,25 or more,C,medium,glare,centered,standard,fragments,upper_left,blue,19,19-24,central mat clogging,count now,61
mpq_9c8472af5e86cb,mem_scene_00183,images/mem_scene_00183.png,clogging_state,Which membrane clogging pattern best describes this field?,open pores,light edge clogging,central mat clogging,patchy multi-zone clogging,C,medium,glare,centered,standard,fragments,upper_left,blue,19,9 or more,central mat clogging,count now,61
mpq_83d334ea1b7720,mem_scene_00183,images/mem_scene_00183.png,qc_action,What is the best next triage action for this field of view?,count now,reimage focus,dilute and refilter,manual review,B,medium,glare,centered,standard,fragments,upper_left,blue,19,9 or more,central mat clogging,reimage focus,61
mpq_d24a6c01926f4a,mem_scene_00184,images/mem_scene_00184.png,dominant_particle_family,Which suspicious particle family is most common in this membrane field?,fibers,fragments,beads,films,B,medium,clear,edge_loaded,standard,fragments,lower_left,black,11,9 or more,open pores,count now,48
mpq_4c7eb41b21bcf5,mem_scene_00184,images/mem_scene_00184.png,hotspot_quadrant,Which quadrant contains the densest suspicious-particle hotspot?,upper left,upper right,lower left,lower right,C,medium,clear,edge_loaded,standard,fragments,lower_left,black,11,9 or more,open pores,count now,48
mpq_46ad742e295173,mem_scene_00184,images/mem_scene_00184.png,fiber_tint,What tint is most common among the visible fibers?,blue,red,black,clear or pale,C,medium,clear,edge_loaded,standard,fragments,lower_left,black,11,9 or more,open pores,count now,48
mpq_05437f18356ab7,mem_scene_00184,images/mem_scene_00184.png,bead_count,How many round bead-like microplastic particles are visible?,0-12,13-18,19-24,25 or more,A,medium,clear,edge_loaded,standard,fragments,lower_left,black,11,0-12,open pores,count now,48
mpq_4786eb1a8166bf,mem_scene_00184,images/mem_scene_00184.png,clogging_state,Which membrane clogging pattern best describes this field?,open pores,light edge clogging,central mat clogging,patchy multi-zone clogging,A,medium,clear,edge_loaded,standard,fragments,lower_left,black,11,9 or more,open pores,count now,48
mpq_9dce3b2addc5b1,mem_scene_00184,images/mem_scene_00184.png,qc_action,What is the best next triage action for this field of view?,count now,reimage focus,dilute and refilter,manual review,A,medium,clear,edge_loaded,standard,fragments,lower_left,black,11,9 or more,open pores,count now,48
mpq_bc0514a6888c08,mem_scene_00185,images/mem_scene_00185.png,dominant_particle_family,Which suspicious particle family is most common in this membrane field?,fibers,fragments,beads,films,C,medium,glare,edge_loaded,blue_stain,beads,upper_right,clear or pale,24,9 or more,patchy multi-zone clogging,count now,66
mpq_7f4b1e9d517172,mem_scene_00185,images/mem_scene_00185.png,hotspot_quadrant,Which quadrant contains the densest suspicious-particle hotspot?,upper left,upper right,lower left,lower right,B,medium,glare,edge_loaded,blue_stain,beads,upper_right,clear or pale,24,9 or more,patchy multi-zone clogging,count now,66
mpq_c1c1c88b3e8b49,mem_scene_00185,images/mem_scene_00185.png,fiber_tint,What tint is most common among the visible fibers?,blue,red,black,clear or pale,D,medium,glare,edge_loaded,blue_stain,beads,upper_right,clear or pale,24,9 or more,patchy multi-zone clogging,count now,66
mpq_cd1d1dd7022a27,mem_scene_00185,images/mem_scene_00185.png,bead_count,How many round bead-like microplastic particles are visible?,0-12,13-18,19-24,25 or more,C,medium,glare,edge_loaded,blue_stain,beads,upper_right,clear or pale,24,19-24,patchy multi-zone clogging,count now,66
mpq_39774a9874fa1d,mem_scene_00185,images/mem_scene_00185.png,clogging_state,Which membrane clogging pattern best describes this field?,open pores,light edge clogging,central mat clogging,patchy multi-zone clogging,D,medium,glare,edge_loaded,blue_stain,beads,upper_right,clear or pale,24,9 or more,patchy multi-zone clogging,count now,66
mpq_186b39027cd247,mem_scene_00185,images/mem_scene_00185.png,qc_action,What is the best next triage action for this field of view?,count now,reimage focus,dilute and refilter,manual review,B,medium,glare,edge_loaded,blue_stain,beads,upper_right,clear or pale,24,9 or more,patchy multi-zone clogging,reimage focus,66
mpq_450e2d2a659b12,mem_scene_00186,images/mem_scene_00186.png,dominant_particle_family,Which suspicious particle family is most common in this membrane field?,fibers,fragments,beads,films,A,easy,clear,diagonal_streak,standard,fibers,lower_left,clear or pale,6,6-8,open pores,count now,38
mpq_cb583de750393e,mem_scene_00186,images/mem_scene_00186.png,hotspot_quadrant,Which quadrant contains the densest suspicious-particle hotspot?,upper left,upper right,lower left,lower right,C,easy,clear,diagonal_streak,standard,fibers,lower_left,clear or pale,6,6-8,open pores,count now,38
mpq_e0f60243e3a7bb,mem_scene_00186,images/mem_scene_00186.png,fiber_tint,What tint is most common among the visible fibers?,blue,red,black,clear or pale,D,easy,clear,diagonal_streak,standard,fibers,lower_left,clear or pale,6,6-8,open pores,count now,38
mpq_0106d80c6182d1,mem_scene_00186,images/mem_scene_00186.png,bead_count,How many round bead-like microplastic particles are visible?,0-12,13-18,19-24,25 or more,A,easy,clear,diagonal_streak,standard,fibers,lower_left,clear or pale,6,0-12,open pores,count now,38
mpq_8ffd8e5e40e0c6,mem_scene_00186,images/mem_scene_00186.png,clogging_state,Which membrane clogging pattern best describes this field?,open pores,light edge clogging,central mat clogging,patchy multi-zone clogging,A,easy,clear,diagonal_streak,standard,fibers,lower_left,clear or pale,6,6-8,open pores,count now,38
mpq_e0e935f8b27a0f,mem_scene_00186,images/mem_scene_00186.png,qc_action,What is the best next triage action for this field of view?,count now,reimage focus,dilute and refilter,manual review,A,easy,clear,diagonal_streak,standard,fibers,lower_left,clear or pale,6,6-8,open pores,count now,38
mpq_92614e897a0acd,mem_scene_00187,images/mem_scene_00187.png,dominant_particle_family,Which suspicious particle family is most common in this membrane field?,fibers,fragments,beads,films,D,medium,low_contrast,ring_bias,standard,films,lower_left,blue,17,9 or more,patchy multi-zone clogging,count now,64
mpq_bf19206ab37170,mem_scene_00187,images/mem_scene_00187.png,hotspot_quadrant,Which quadrant contains the densest suspicious-particle hotspot?,upper left,upper right,lower left,lower right,C,medium,low_contrast,ring_bias,standard,films,lower_left,blue,17,9 or more,patchy multi-zone clogging,count now,64
mpq_bf55b029e79998,mem_scene_00187,images/mem_scene_00187.png,fiber_tint,What tint is most common among the visible fibers?,blue,red,black,clear or pale,A,medium,low_contrast,ring_bias,standard,films,lower_left,blue,17,9 or more,patchy multi-zone clogging,count now,64
mpq_936ca869976a8a,mem_scene_00187,images/mem_scene_00187.png,bead_count,How many round bead-like microplastic particles are visible?,0-12,13-18,19-24,25 or more,B,medium,low_contrast,ring_bias,standard,films,lower_left,blue,17,13-18,patchy multi-zone clogging,count now,64
mpq_137d66c14ec3d4,mem_scene_00187,images/mem_scene_00187.png,clogging_state,Which membrane clogging pattern best describes this field?,open pores,light edge clogging,central mat clogging,patchy multi-zone clogging,D,medium,low_contrast,ring_bias,standard,films,lower_left,blue,17,9 or more,patchy multi-zone clogging,count now,64
mpq_7223f3c1fe756d,mem_scene_00187,images/mem_scene_00187.png,qc_action,What is the best next triage action for this field of view?,count now,reimage focus,dilute and refilter,manual review,B,medium,low_contrast,ring_bias,standard,films,lower_left,blue,17,9 or more,patchy multi-zone clogging,reimage focus,64
mpq_7e56eda663a0ec,mem_scene_00188,images/mem_scene_00188.png,dominant_particle_family,Which suspicious particle family is most common in this membrane field?,fibers,fragments,beads,films,A,medium,low_contrast,ring_bias,standard,fibers,lower_left,blue,13,9 or more,open pores,count now,63
mpq_fc6bc50954258f,mem_scene_00188,images/mem_scene_00188.png,hotspot_quadrant,Which quadrant contains the densest suspicious-particle hotspot?,upper left,upper right,lower left,lower right,C,medium,low_contrast,ring_bias,standard,fibers,lower_left,blue,13,9 or more,open pores,count now,63
mpq_8e53703a5bcc1a,mem_scene_00188,images/mem_scene_00188.png,fiber_tint,What tint is most common among the visible fibers?,blue,red,black,clear or pale,A,medium,low_contrast,ring_bias,standard,fibers,lower_left,blue,13,9 or more,open pores,count now,63
mpq_3c86d0dd673d4a,mem_scene_00188,images/mem_scene_00188.png,bead_count,How many round bead-like microplastic particles are visible?,0-12,13-18,19-24,25 or more,B,medium,low_contrast,ring_bias,standard,fibers,lower_left,blue,13,13-18,open pores,count now,63
mpq_d5ae5aad1d9bbd,mem_scene_00188,images/mem_scene_00188.png,clogging_state,Which membrane clogging pattern best describes this field?,open pores,light edge clogging,central mat clogging,patchy multi-zone clogging,A,medium,low_contrast,ring_bias,standard,fibers,lower_left,blue,13,9 or more,open pores,count now,63
mpq_e87fc15cc1fe6c,mem_scene_00188,images/mem_scene_00188.png,qc_action,What is the best next triage action for this field of view?,count now,reimage focus,dilute and refilter,manual review,B,medium,low_contrast,ring_bias,standard,fibers,lower_left,blue,13,9 or more,open pores,reimage focus,63
mpq_10b9a1b1dd04ef,mem_scene_00189,images/mem_scene_00189.png,dominant_particle_family,Which suspicious particle family is most common in this membrane field?,fibers,fragments,beads,films,B,hard,clear,edge_loaded,standard,fragments,upper_right,blue,17,9 or more,central mat clogging,dilute and refilter,82
mpq_19ef5a7c6daa8e,mem_scene_00189,images/mem_scene_00189.png,hotspot_quadrant,Which quadrant contains the densest suspicious-particle hotspot?,upper left,upper right,lower left,lower right,B,hard,clear,edge_loaded,standard,fragments,upper_right,blue,17,9 or more,central mat clogging,dilute and refilter,82
mpq_b98974de4572cf,mem_scene_00189,images/mem_scene_00189.png,fiber_tint,What tint is most common among the visible fibers?,blue,red,black,clear or pale,A,hard,clear,edge_loaded,standard,fragments,upper_right,blue,17,9 or more,central mat clogging,dilute and refilter,82
mpq_82c20abe2be7bf,mem_scene_00189,images/mem_scene_00189.png,bead_count,How many round bead-like microplastic particles are visible?,0-12,13-18,19-24,25 or more,B,hard,clear,edge_loaded,standard,fragments,upper_right,blue,17,13-18,central mat clogging,dilute and refilter,82
mpq_63fd8027484fa8,mem_scene_00189,images/mem_scene_00189.png,clogging_state,Which membrane clogging pattern best describes this field?,open pores,light edge clogging,central mat clogging,patchy multi-zone clogging,C,hard,clear,edge_loaded,standard,fragments,upper_right,blue,17,9 or more,central mat clogging,dilute and refilter,82
mpq_b73cdda1e0fce6,mem_scene_00189,images/mem_scene_00189.png,qc_action,What is the best next triage action for this field of view?,count now,reimage focus,dilute and refilter,manual review,C,hard,clear,edge_loaded,standard,fragments,upper_right,blue,17,9 or more,central mat clogging,dilute and refilter,82
mpq_78eb781fe136f0,mem_scene_00190,images/mem_scene_00190.png,dominant_particle_family,Which suspicious particle family is most common in this membrane field?,fibers,fragments,beads,films,B,medium,low_contrast,diagonal_streak,standard,fragments,lower_left,red,22,9 or more,open pores,count now,75
mpq_27e108f8b81f07,mem_scene_00190,images/mem_scene_00190.png,hotspot_quadrant,Which quadrant contains the densest suspicious-particle hotspot?,upper left,upper right,lower left,lower right,C,medium,low_contrast,diagonal_streak,standard,fragments,lower_left,red,22,9 or more,open pores,count now,75
mpq_edc0bb1b1a758d,mem_scene_00190,images/mem_scene_00190.png,fiber_tint,What tint is most common among the visible fibers?,blue,red,black,clear or pale,B,medium,low_contrast,diagonal_streak,standard,fragments,lower_left,red,22,9 or more,open pores,count now,75
mpq_0f2f6a4c67db3f,mem_scene_00190,images/mem_scene_00190.png,bead_count,How many round bead-like microplastic particles are visible?,0-12,13-18,19-24,25 or more,C,medium,low_contrast,diagonal_streak,standard,fragments,lower_left,red,22,19-24,open pores,count now,75
mpq_f36094174ebdf4,mem_scene_00190,images/mem_scene_00190.png,clogging_state,Which membrane clogging pattern best describes this field?,open pores,light edge clogging,central mat clogging,patchy multi-zone clogging,A,medium,low_contrast,diagonal_streak,standard,fragments,lower_left,red,22,9 or more,open pores,count now,75
mpq_1b385e5be13430,mem_scene_00190,images/mem_scene_00190.png,qc_action,What is the best next triage action for this field of view?,count now,reimage focus,dilute and refilter,manual review,B,medium,low_contrast,diagonal_streak,standard,fragments,lower_left,red,22,9 or more,open pores,reimage focus,75
mpq_ce65e4da5ccecb,mem_scene_00191,images/mem_scene_00191.png,dominant_particle_family,Which suspicious particle family is most common in this membrane field?,fibers,fragments,beads,films,A,hard,low_contrast,edge_loaded,blue_stain,fibers,lower_right,clear or pale,18,9 or more,patchy multi-zone clogging,reimage focus,111
mpq_d95d008e8d3d2a,mem_scene_00191,images/mem_scene_00191.png,hotspot_quadrant,Which quadrant contains the densest suspicious-particle hotspot?,upper left,upper right,lower left,lower right,D,hard,low_contrast,edge_loaded,blue_stain,fibers,lower_right,clear or pale,18,9 or more,patchy multi-zone clogging,reimage focus,111
mpq_b3ce486bf44dc3,mem_scene_00191,images/mem_scene_00191.png,fiber_tint,What tint is most common among the visible fibers?,blue,red,black,clear or pale,D,hard,low_contrast,edge_loaded,blue_stain,fibers,lower_right,clear or pale,18,9 or more,patchy multi-zone clogging,reimage focus,111
mpq_925d25d856983f,mem_scene_00191,images/mem_scene_00191.png,bead_count,How many round bead-like microplastic particles are visible?,0-12,13-18,19-24,25 or more,B,hard,low_contrast,edge_loaded,blue_stain,fibers,lower_right,clear or pale,18,13-18,patchy multi-zone clogging,reimage focus,111
mpq_ae4c9e8f63a79c,mem_scene_00191,images/mem_scene_00191.png,clogging_state,Which membrane clogging pattern best describes this field?,open pores,light edge clogging,central mat clogging,patchy multi-zone clogging,D,hard,low_contrast,edge_loaded,blue_stain,fibers,lower_right,clear or pale,18,9 or more,patchy multi-zone clogging,reimage focus,111
mpq_0cf8a6e7f85e7a,mem_scene_00191,images/mem_scene_00191.png,qc_action,What is the best next triage action for this field of view?,count now,reimage focus,dilute and refilter,manual review,B,hard,low_contrast,edge_loaded,blue_stain,fibers,lower_right,clear or pale,18,9 or more,patchy multi-zone clogging,reimage focus,111
mpq_ea5b9c420824e0,mem_scene_00192,images/mem_scene_00192.png,dominant_particle_family,Which suspicious particle family is most common in this membrane field?,fibers,fragments,beads,films,B,easy,clear,ring_bias,standard,fragments,upper_left,red,9,9 or more,patchy multi-zone clogging,count now,43
mpq_e7e698f20e10d4,mem_scene_00192,images/mem_scene_00192.png,hotspot_quadrant,Which quadrant contains the densest suspicious-particle hotspot?,upper left,upper right,lower left,lower right,A,easy,clear,ring_bias,standard,fragments,upper_left,red,9,9 or more,patchy multi-zone clogging,count now,43
mpq_2dab2fc78ddea8,mem_scene_00192,images/mem_scene_00192.png,fiber_tint,What tint is most common among the visible fibers?,blue,red,black,clear or pale,B,easy,clear,ring_bias,standard,fragments,upper_left,red,9,9 or more,patchy multi-zone clogging,count now,43
mpq_a976886ca2a481,mem_scene_00192,images/mem_scene_00192.png,bead_count,How many round bead-like microplastic particles are visible?,0-12,13-18,19-24,25 or more,A,easy,clear,ring_bias,standard,fragments,upper_left,red,9,0-12,patchy multi-zone clogging,count now,43
mpq_100ec8269bc54b,mem_scene_00192,images/mem_scene_00192.png,clogging_state,Which membrane clogging pattern best describes this field?,open pores,light edge clogging,central mat clogging,patchy multi-zone clogging,D,easy,clear,ring_bias,standard,fragments,upper_left,red,9,9 or more,patchy multi-zone clogging,count now,43
mpq_11f7edc5904d5c,mem_scene_00192,images/mem_scene_00192.png,qc_action,What is the best next triage action for this field of view?,count now,reimage focus,dilute and refilter,manual review,A,easy,clear,ring_bias,standard,fragments,upper_left,red,9,9 or more,patchy multi-zone clogging,count now,43
mpq_f484a3aaa6303a,mem_scene_00193,images/mem_scene_00193.png,dominant_particle_family,Which suspicious particle family is most common in this membrane field?,fibers,fragments,beads,films,C,medium,low_contrast,diagonal_streak,standard,beads,upper_left,clear or pale,23,9 or more,patchy multi-zone clogging,count now,48
mpq_cae77162f9ec38,mem_scene_00193,images/mem_scene_00193.png,hotspot_quadrant,Which quadrant contains the densest suspicious-particle hotspot?,upper left,upper right,lower left,lower right,A,medium,low_contrast,diagonal_streak,standard,beads,upper_left,clear or pale,23,9 or more,patchy multi-zone clogging,count now,48
mpq_74cc102110d346,mem_scene_00193,images/mem_scene_00193.png,fiber_tint,What tint is most common among the visible fibers?,blue,red,black,clear or pale,D,medium,low_contrast,diagonal_streak,standard,beads,upper_left,clear or pale,23,9 or more,patchy multi-zone clogging,count now,48
mpq_180760af352298,mem_scene_00193,images/mem_scene_00193.png,bead_count,How many round bead-like microplastic particles are visible?,0-12,13-18,19-24,25 or more,C,medium,low_contrast,diagonal_streak,standard,beads,upper_left,clear or pale,23,19-24,patchy multi-zone clogging,count now,48
mpq_1dfd8035839068,mem_scene_00193,images/mem_scene_00193.png,clogging_state,Which membrane clogging pattern best describes this field?,open pores,light edge clogging,central mat clogging,patchy multi-zone clogging,D,medium,low_contrast,diagonal_streak,standard,beads,upper_left,clear or pale,23,9 or more,patchy multi-zone clogging,count now,48
mpq_3da2f6451cf618,mem_scene_00193,images/mem_scene_00193.png,qc_action,What is the best next triage action for this field of view?,count now,reimage focus,dilute and refilter,manual review,B,medium,low_contrast,diagonal_streak,standard,beads,upper_left,clear or pale,23,9 or more,patchy multi-zone clogging,reimage focus,48
mpq_894cf772ecc101,mem_scene_00194,images/mem_scene_00194.png,dominant_particle_family,Which suspicious particle family is most common in this membrane field?,fibers,fragments,beads,films,A,hard,clear,edge_loaded,standard,fibers,upper_left,red,24,9 or more,open pores,count now,117
mpq_98598263687f78,mem_scene_00194,images/mem_scene_00194.png,hotspot_quadrant,Which quadrant contains the densest suspicious-particle hotspot?,upper left,upper right,lower left,lower right,A,hard,clear,edge_loaded,standard,fibers,upper_left,red,24,9 or more,open pores,count now,117
mpq_1f289d01c5cb3f,mem_scene_00194,images/mem_scene_00194.png,fiber_tint,What tint is most common among the visible fibers?,blue,red,black,clear or pale,B,hard,clear,edge_loaded,standard,fibers,upper_left,red,24,9 or more,open pores,count now,117
mpq_eaeae8b8315687,mem_scene_00194,images/mem_scene_00194.png,bead_count,How many round bead-like microplastic particles are visible?,0-12,13-18,19-24,25 or more,C,hard,clear,edge_loaded,standard,fibers,upper_left,red,24,19-24,open pores,count now,117
mpq_0f5bb9afc63af5,mem_scene_00194,images/mem_scene_00194.png,clogging_state,Which membrane clogging pattern best describes this field?,open pores,light edge clogging,central mat clogging,patchy multi-zone clogging,A,hard,clear,edge_loaded,standard,fibers,upper_left,red,24,9 or more,open pores,count now,117
mpq_510a7aab822a1f,mem_scene_00194,images/mem_scene_00194.png,qc_action,What is the best next triage action for this field of view?,count now,reimage focus,dilute and refilter,manual review,A,hard,clear,edge_loaded,standard,fibers,upper_left,red,24,9 or more,open pores,count now,117
mpq_d0debc041e01bc,mem_scene_00195,images/mem_scene_00195.png,dominant_particle_family,Which suspicious particle family is most common in this membrane field?,fibers,fragments,beads,films,C,medium,clear,centered,standard,beads,upper_left,blue,17,9 or more,light edge clogging,count now,51
mpq_2ac2c2e989f0e8,mem_scene_00195,images/mem_scene_00195.png,hotspot_quadrant,Which quadrant contains the densest suspicious-particle hotspot?,upper left,upper right,lower left,lower right,A,medium,clear,centered,standard,beads,upper_left,blue,17,9 or more,light edge clogging,count now,51
mpq_da1083ee2ff70e,mem_scene_00195,images/mem_scene_00195.png,fiber_tint,What tint is most common among the visible fibers?,blue,red,black,clear or pale,A,medium,clear,centered,standard,beads,upper_left,blue,17,9 or more,light edge clogging,count now,51
mpq_fd64dc2c2b2b9d,mem_scene_00195,images/mem_scene_00195.png,bead_count,How many round bead-like microplastic particles are visible?,0-12,13-18,19-24,25 or more,B,medium,clear,centered,standard,beads,upper_left,blue,17,13-18,light edge clogging,count now,51
mpq_da493266104e0a,mem_scene_00195,images/mem_scene_00195.png,clogging_state,Which membrane clogging pattern best describes this field?,open pores,light edge clogging,central mat clogging,patchy multi-zone clogging,B,medium,clear,centered,standard,beads,upper_left,blue,17,9 or more,light edge clogging,count now,51
mpq_52f11d284466a4,mem_scene_00195,images/mem_scene_00195.png,qc_action,What is the best next triage action for this field of view?,count now,reimage focus,dilute and refilter,manual review,A,medium,clear,centered,standard,beads,upper_left,blue,17,9 or more,light edge clogging,count now,51
mpq_9bc4c08f7ddac1,mem_scene_00196,images/mem_scene_00196.png,dominant_particle_family,Which suspicious particle family is most common in this membrane field?,fibers,fragments,beads,films,A,hard,overloaded,centered,standard,fibers,upper_left,black,25,9 or more,patchy multi-zone clogging,dilute and refilter,121
mpq_054a184dad110c,mem_scene_00196,images/mem_scene_00196.png,hotspot_quadrant,Which quadrant contains the densest suspicious-particle hotspot?,upper left,upper right,lower left,lower right,A,hard,overloaded,centered,standard,fibers,upper_left,black,25,9 or more,patchy multi-zone clogging,dilute and refilter,121
mpq_d97d3bce645491,mem_scene_00196,images/mem_scene_00196.png,fiber_tint,What tint is most common among the visible fibers?,blue,red,black,clear or pale,C,hard,overloaded,centered,standard,fibers,upper_left,black,25,9 or more,patchy multi-zone clogging,dilute and refilter,121
mpq_5eec1d91b9ef9e,mem_scene_00196,images/mem_scene_00196.png,bead_count,How many round bead-like microplastic particles are visible?,0-12,13-18,19-24,25 or more,D,hard,overloaded,centered,standard,fibers,upper_left,black,25,25 or more,patchy multi-zone clogging,dilute and refilter,121
mpq_53b9dabc5aa410,mem_scene_00196,images/mem_scene_00196.png,clogging_state,Which membrane clogging pattern best describes this field?,open pores,light edge clogging,central mat clogging,patchy multi-zone clogging,D,hard,overloaded,centered,standard,fibers,upper_left,black,25,9 or more,patchy multi-zone clogging,dilute and refilter,121
mpq_3077236ab4419b,mem_scene_00196,images/mem_scene_00196.png,qc_action,What is the best next triage action for this field of view?,count now,reimage focus,dilute and refilter,manual review,C,hard,overloaded,centered,standard,fibers,upper_left,black,25,9 or more,patchy multi-zone clogging,dilute and refilter,121
mpq_a4e6a43be1dd25,mem_scene_00197,images/mem_scene_00197.png,dominant_particle_family,Which suspicious particle family is most common in this membrane field?,fibers,fragments,beads,films,B,easy,clear,diagonal_streak,standard,fragments,upper_left,black,4,3-5,light edge clogging,count now,27
mpq_59556b5cbcb76f,mem_scene_00197,images/mem_scene_00197.png,hotspot_quadrant,Which quadrant contains the densest suspicious-particle hotspot?,upper left,upper right,lower left,lower right,A,easy,clear,diagonal_streak,standard,fragments,upper_left,black,4,3-5,light edge clogging,count now,27
mpq_9a0eabad410e87,mem_scene_00197,images/mem_scene_00197.png,fiber_tint,What tint is most common among the visible fibers?,blue,red,black,clear or pale,C,easy,clear,diagonal_streak,standard,fragments,upper_left,black,4,3-5,light edge clogging,count now,27
mpq_0bffa6996e5be5,mem_scene_00197,images/mem_scene_00197.png,bead_count,How many round bead-like microplastic particles are visible?,0-12,13-18,19-24,25 or more,A,easy,clear,diagonal_streak,standard,fragments,upper_left,black,4,0-12,light edge clogging,count now,27
mpq_201e67cd5d021f,mem_scene_00197,images/mem_scene_00197.png,clogging_state,Which membrane clogging pattern best describes this field?,open pores,light edge clogging,central mat clogging,patchy multi-zone clogging,B,easy,clear,diagonal_streak,standard,fragments,upper_left,black,4,3-5,light edge clogging,count now,27
mpq_0a0a72665eac6c,mem_scene_00197,images/mem_scene_00197.png,qc_action,What is the best next triage action for this field of view?,count now,reimage focus,dilute and refilter,manual review,A,easy,clear,diagonal_streak,standard,fragments,upper_left,black,4,3-5,light edge clogging,count now,27
mpq_08192bc7bc5eb1,mem_scene_00198,images/mem_scene_00198.png,dominant_particle_family,Which suspicious particle family is most common in this membrane field?,fibers,fragments,beads,films,D,hard,overloaded,ring_bias,standard,films,lower_left,red,23,9 or more,light edge clogging,dilute and refilter,91
mpq_393a615c4f7dc9,mem_scene_00198,images/mem_scene_00198.png,hotspot_quadrant,Which quadrant contains the densest suspicious-particle hotspot?,upper left,upper right,lower left,lower right,C,hard,overloaded,ring_bias,standard,films,lower_left,red,23,9 or more,light edge clogging,dilute and refilter,91
mpq_fb70708c172822,mem_scene_00198,images/mem_scene_00198.png,fiber_tint,What tint is most common among the visible fibers?,blue,red,black,clear or pale,B,hard,overloaded,ring_bias,standard,films,lower_left,red,23,9 or more,light edge clogging,dilute and refilter,91
mpq_fb75b6c346d7ab,mem_scene_00198,images/mem_scene_00198.png,bead_count,How many round bead-like microplastic particles are visible?,0-12,13-18,19-24,25 or more,C,hard,overloaded,ring_bias,standard,films,lower_left,red,23,19-24,light edge clogging,dilute and refilter,91
mpq_0e81a023603442,mem_scene_00198,images/mem_scene_00198.png,clogging_state,Which membrane clogging pattern best describes this field?,open pores,light edge clogging,central mat clogging,patchy multi-zone clogging,B,hard,overloaded,ring_bias,standard,films,lower_left,red,23,9 or more,light edge clogging,dilute and refilter,91
mpq_66dd9127faa496,mem_scene_00198,images/mem_scene_00198.png,qc_action,What is the best next triage action for this field of view?,count now,reimage focus,dilute and refilter,manual review,C,hard,overloaded,ring_bias,standard,films,lower_left,red,23,9 or more,light edge clogging,dilute and refilter,91
mpq_f12cf19c7c7d31,mem_scene_00199,images/mem_scene_00199.png,dominant_particle_family,Which suspicious particle family is most common in this membrane field?,fibers,fragments,beads,films,D,medium,overloaded,diagonal_streak,standard,films,upper_left,blue,9,9 or more,light edge clogging,dilute and refilter,56
mpq_222e5cb646fbeb,mem_scene_00199,images/mem_scene_00199.png,hotspot_quadrant,Which quadrant contains the densest suspicious-particle hotspot?,upper left,upper right,lower left,lower right,A,medium,overloaded,diagonal_streak,standard,films,upper_left,blue,9,9 or more,light edge clogging,dilute and refilter,56
mpq_fafa8a8c7df7ff,mem_scene_00199,images/mem_scene_00199.png,fiber_tint,What tint is most common among the visible fibers?,blue,red,black,clear or pale,A,medium,overloaded,diagonal_streak,standard,films,upper_left,blue,9,9 or more,light edge clogging,dilute and refilter,56
mpq_e10424dc51e24f,mem_scene_00199,images/mem_scene_00199.png,bead_count,How many round bead-like microplastic particles are visible?,0-12,13-18,19-24,25 or more,A,medium,overloaded,diagonal_streak,standard,films,upper_left,blue,9,0-12,light edge clogging,dilute and refilter,56
mpq_a6bc79000858a9,mem_scene_00199,images/mem_scene_00199.png,clogging_state,Which membrane clogging pattern best describes this field?,open pores,light edge clogging,central mat clogging,patchy multi-zone clogging,B,medium,overloaded,diagonal_streak,standard,films,upper_left,blue,9,9 or more,light edge clogging,dilute and refilter,56
mpq_4ac6c93404b472,mem_scene_00199,images/mem_scene_00199.png,qc_action,What is the best next triage action for this field of view?,count now,reimage focus,dilute and refilter,manual review,C,medium,overloaded,diagonal_streak,standard,films,upper_left,blue,9,9 or more,light edge clogging,dilute and refilter,56
mpq_c25f696f366fae,mem_scene_00200,images/mem_scene_00200.png,dominant_particle_family,Which suspicious particle family is most common in this membrane field?,fibers,fragments,beads,films,D,easy,biofilm,centered,standard,films,upper_left,red,6,6-8,light edge clogging,manual review,40
mpq_dc7feae14c5ef7,mem_scene_00200,images/mem_scene_00200.png,hotspot_quadrant,Which quadrant contains the densest suspicious-particle hotspot?,upper left,upper right,lower left,lower right,A,easy,biofilm,centered,standard,films,upper_left,red,6,6-8,light edge clogging,manual review,40
mpq_b9d5a7041b13ee,mem_scene_00200,images/mem_scene_00200.png,fiber_tint,What tint is most common among the visible fibers?,blue,red,black,clear or pale,B,easy,biofilm,centered,standard,films,upper_left,red,6,6-8,light edge clogging,manual review,40
mpq_52d9cd7c51d5c1,mem_scene_00200,images/mem_scene_00200.png,bead_count,How many round bead-like microplastic particles are visible?,0-12,13-18,19-24,25 or more,A,easy,biofilm,centered,standard,films,upper_left,red,6,0-12,light edge clogging,manual review,40
mpq_061920b64636b8,mem_scene_00200,images/mem_scene_00200.png,clogging_state,Which membrane clogging pattern best describes this field?,open pores,light edge clogging,central mat clogging,patchy multi-zone clogging,B,easy,biofilm,centered,standard,films,upper_left,red,6,6-8,light edge clogging,manual review,40
mpq_8bc7b63a5b8b17,mem_scene_00200,images/mem_scene_00200.png,qc_action,What is the best next triage action for this field of view?,count now,reimage focus,dilute and refilter,manual review,D,easy,biofilm,centered,standard,films,upper_left,red,6,6-8,light edge clogging,manual review,40
mpq_3f760e0beb04f5,mem_scene_00201,images/mem_scene_00201.png,dominant_particle_family,Which suspicious particle family is most common in this membrane field?,fibers,fragments,beads,films,C,medium,clear,centered,standard,beads,upper_right,red,28,9 or more,light edge clogging,count now,59
mpq_2664062c1313f2,mem_scene_00201,images/mem_scene_00201.png,hotspot_quadrant,Which quadrant contains the densest suspicious-particle hotspot?,upper left,upper right,lower left,lower right,B,medium,clear,centered,standard,beads,upper_right,red,28,9 or more,light edge clogging,count now,59
mpq_479b2c8a15767c,mem_scene_00201,images/mem_scene_00201.png,fiber_tint,What tint is most common among the visible fibers?,blue,red,black,clear or pale,B,medium,clear,centered,standard,beads,upper_right,red,28,9 or more,light edge clogging,count now,59
mpq_ad3e9a6fe8f111,mem_scene_00201,images/mem_scene_00201.png,bead_count,How many round bead-like microplastic particles are visible?,0-12,13-18,19-24,25 or more,D,medium,clear,centered,standard,beads,upper_right,red,28,25 or more,light edge clogging,count now,59
mpq_05a6165f62d5fb,mem_scene_00201,images/mem_scene_00201.png,clogging_state,Which membrane clogging pattern best describes this field?,open pores,light edge clogging,central mat clogging,patchy multi-zone clogging,B,medium,clear,centered,standard,beads,upper_right,red,28,9 or more,light edge clogging,count now,59
mpq_c3c9c2e5854e63,mem_scene_00201,images/mem_scene_00201.png,qc_action,What is the best next triage action for this field of view?,count now,reimage focus,dilute and refilter,manual review,A,medium,clear,centered,standard,beads,upper_right,red,28,9 or more,light edge clogging,count now,59
mpq_b8739205ed3a00,mem_scene_00202,images/mem_scene_00202.png,dominant_particle_family,Which suspicious particle family is most common in this membrane field?,fibers,fragments,beads,films,B,medium,glare,centered,standard,fragments,upper_right,clear or pale,17,9 or more,central mat clogging,count now,68
mpq_e4a94e52ef148e,mem_scene_00202,images/mem_scene_00202.png,hotspot_quadrant,Which quadrant contains the densest suspicious-particle hotspot?,upper left,upper right,lower left,lower right,B,medium,glare,centered,standard,fragments,upper_right,clear or pale,17,9 or more,central mat clogging,count now,68
mpq_9c4cf6f407c564,mem_scene_00202,images/mem_scene_00202.png,fiber_tint,What tint is most common among the visible fibers?,blue,red,black,clear or pale,D,medium,glare,centered,standard,fragments,upper_right,clear or pale,17,9 or more,central mat clogging,count now,68
mpq_72bbdf86464e1c,mem_scene_00202,images/mem_scene_00202.png,bead_count,How many round bead-like microplastic particles are visible?,0-12,13-18,19-24,25 or more,B,medium,glare,centered,standard,fragments,upper_right,clear or pale,17,13-18,central mat clogging,count now,68
mpq_649eccf5713195,mem_scene_00202,images/mem_scene_00202.png,clogging_state,Which membrane clogging pattern best describes this field?,open pores,light edge clogging,central mat clogging,patchy multi-zone clogging,C,medium,glare,centered,standard,fragments,upper_right,clear or pale,17,9 or more,central mat clogging,count now,68
mpq_b0e0967241155c,mem_scene_00202,images/mem_scene_00202.png,qc_action,What is the best next triage action for this field of view?,count now,reimage focus,dilute and refilter,manual review,B,medium,glare,centered,standard,fragments,upper_right,clear or pale,17,9 or more,central mat clogging,reimage focus,68
mpq_b94e151ccfd247,mem_scene_00203,images/mem_scene_00203.png,dominant_particle_family,Which suspicious particle family is most common in this membrane field?,fibers,fragments,beads,films,A,medium,clear,edge_loaded,standard,fibers,lower_left,red,6,6-8,light edge clogging,count now,70
mpq_3359d64f412940,mem_scene_00203,images/mem_scene_00203.png,hotspot_quadrant,Which quadrant contains the densest suspicious-particle hotspot?,upper left,upper right,lower left,lower right,C,medium,clear,edge_loaded,standard,fibers,lower_left,red,6,6-8,light edge clogging,count now,70
mpq_1fd5697b072726,mem_scene_00203,images/mem_scene_00203.png,fiber_tint,What tint is most common among the visible fibers?,blue,red,black,clear or pale,B,medium,clear,edge_loaded,standard,fibers,lower_left,red,6,6-8,light edge clogging,count now,70
mpq_9bce1a747977f9,mem_scene_00203,images/mem_scene_00203.png,bead_count,How many round bead-like microplastic particles are visible?,0-12,13-18,19-24,25 or more,A,medium,clear,edge_loaded,standard,fibers,lower_left,red,6,0-12,light edge clogging,count now,70
mpq_7ac2d0212c58b6,mem_scene_00203,images/mem_scene_00203.png,clogging_state,Which membrane clogging pattern best describes this field?,open pores,light edge clogging,central mat clogging,patchy multi-zone clogging,B,medium,clear,edge_loaded,standard,fibers,lower_left,red,6,6-8,light edge clogging,count now,70
mpq_71fcc3c6652464,mem_scene_00203,images/mem_scene_00203.png,qc_action,What is the best next triage action for this field of view?,count now,reimage focus,dilute and refilter,manual review,A,medium,clear,edge_loaded,standard,fibers,lower_left,red,6,6-8,light edge clogging,count now,70
mpq_023fa0c346d3d0,mem_scene_00204,images/mem_scene_00204.png,dominant_particle_family,Which suspicious particle family is most common in this membrane field?,fibers,fragments,beads,films,C,easy,biofilm,ring_bias,standard,beads,upper_right,clear or pale,14,9 or more,patchy multi-zone clogging,manual review,36
mpq_804a93f7fd40dd,mem_scene_00204,images/mem_scene_00204.png,hotspot_quadrant,Which quadrant contains the densest suspicious-particle hotspot?,upper left,upper right,lower left,lower right,B,easy,biofilm,ring_bias,standard,beads,upper_right,clear or pale,14,9 or more,patchy multi-zone clogging,manual review,36
mpq_dc2ada8760f73a,mem_scene_00204,images/mem_scene_00204.png,fiber_tint,What tint is most common among the visible fibers?,blue,red,black,clear or pale,D,easy,biofilm,ring_bias,standard,beads,upper_right,clear or pale,14,9 or more,patchy multi-zone clogging,manual review,36
mpq_21c05f391cde44,mem_scene_00204,images/mem_scene_00204.png,bead_count,How many round bead-like microplastic particles are visible?,0-12,13-18,19-24,25 or more,B,easy,biofilm,ring_bias,standard,beads,upper_right,clear or pale,14,13-18,patchy multi-zone clogging,manual review,36
mpq_daad621aae0ab8,mem_scene_00204,images/mem_scene_00204.png,clogging_state,Which membrane clogging pattern best describes this field?,open pores,light edge clogging,central mat clogging,patchy multi-zone clogging,D,easy,biofilm,ring_bias,standard,beads,upper_right,clear or pale,14,9 or more,patchy multi-zone clogging,manual review,36
mpq_487043efeb1001,mem_scene_00204,images/mem_scene_00204.png,qc_action,What is the best next triage action for this field of view?,count now,reimage focus,dilute and refilter,manual review,D,easy,biofilm,ring_bias,standard,beads,upper_right,clear or pale,14,9 or more,patchy multi-zone clogging,manual review,36
mpq_3d36d4dbdb148b,mem_scene_00205,images/mem_scene_00205.png,dominant_particle_family,Which suspicious particle family is most common in this membrane field?,fibers,fragments,beads,films,A,easy,biofilm,ring_bias,standard,fibers,upper_left,blue,4,3-5,light edge clogging,manual review,28
mpq_b91ce4cfeff814,mem_scene_00205,images/mem_scene_00205.png,hotspot_quadrant,Which quadrant contains the densest suspicious-particle hotspot?,upper left,upper right,lower left,lower right,A,easy,biofilm,ring_bias,standard,fibers,upper_left,blue,4,3-5,light edge clogging,manual review,28
mpq_e67b445bd3b000,mem_scene_00205,images/mem_scene_00205.png,fiber_tint,What tint is most common among the visible fibers?,blue,red,black,clear or pale,A,easy,biofilm,ring_bias,standard,fibers,upper_left,blue,4,3-5,light edge clogging,manual review,28
mpq_1d3cb0029c88c3,mem_scene_00205,images/mem_scene_00205.png,bead_count,How many round bead-like microplastic particles are visible?,0-12,13-18,19-24,25 or more,A,easy,biofilm,ring_bias,standard,fibers,upper_left,blue,4,0-12,light edge clogging,manual review,28
mpq_c281b5c354fdae,mem_scene_00205,images/mem_scene_00205.png,clogging_state,Which membrane clogging pattern best describes this field?,open pores,light edge clogging,central mat clogging,patchy multi-zone clogging,B,easy,biofilm,ring_bias,standard,fibers,upper_left,blue,4,3-5,light edge clogging,manual review,28
mpq_f38939d525c9f6,mem_scene_00205,images/mem_scene_00205.png,qc_action,What is the best next triage action for this field of view?,count now,reimage focus,dilute and refilter,manual review,D,easy,biofilm,ring_bias,standard,fibers,upper_left,blue,4,3-5,light edge clogging,manual review,28
mpq_7860c7c8244eac,mem_scene_00206,images/mem_scene_00206.png,dominant_particle_family,Which suspicious particle family is most common in this membrane field?,fibers,fragments,beads,films,C,medium,glare,centered,standard,beads,lower_right,blue,30,9 or more,patchy multi-zone clogging,count now,66
mpq_32a24b2ada5e18,mem_scene_00206,images/mem_scene_00206.png,hotspot_quadrant,Which quadrant contains the densest suspicious-particle hotspot?,upper left,upper right,lower left,lower right,D,medium,glare,centered,standard,beads,lower_right,blue,30,9 or more,patchy multi-zone clogging,count now,66
mpq_ec287ef8a17cc8,mem_scene_00206,images/mem_scene_00206.png,fiber_tint,What tint is most common among the visible fibers?,blue,red,black,clear or pale,A,medium,glare,centered,standard,beads,lower_right,blue,30,9 or more,patchy multi-zone clogging,count now,66
mpq_7ab7603949e603,mem_scene_00206,images/mem_scene_00206.png,bead_count,How many round bead-like microplastic particles are visible?,0-12,13-18,19-24,25 or more,D,medium,glare,centered,standard,beads,lower_right,blue,30,25 or more,patchy multi-zone clogging,count now,66
mpq_7b884e99f70f29,mem_scene_00206,images/mem_scene_00206.png,clogging_state,Which membrane clogging pattern best describes this field?,open pores,light edge clogging,central mat clogging,patchy multi-zone clogging,D,medium,glare,centered,standard,beads,lower_right,blue,30,9 or more,patchy multi-zone clogging,count now,66
mpq_b0d1c4d63a9149,mem_scene_00206,images/mem_scene_00206.png,qc_action,What is the best next triage action for this field of view?,count now,reimage focus,dilute and refilter,manual review,B,medium,glare,centered,standard,beads,lower_right,blue,30,9 or more,patchy multi-zone clogging,reimage focus,66
mpq_a58a59bbf8430a,mem_scene_00207,images/mem_scene_00207.png,dominant_particle_family,Which suspicious particle family is most common in this membrane field?,fibers,fragments,beads,films,B,easy,clear,ring_bias,blue_stain,fragments,upper_left,blue,3,3-5,light edge clogging,count now,36
mpq_44ca1b308f3c79,mem_scene_00207,images/mem_scene_00207.png,hotspot_quadrant,Which quadrant contains the densest suspicious-particle hotspot?,upper left,upper right,lower left,lower right,A,easy,clear,ring_bias,blue_stain,fragments,upper_left,blue,3,3-5,light edge clogging,count now,36
mpq_fc86b370bbd958,mem_scene_00207,images/mem_scene_00207.png,fiber_tint,What tint is most common among the visible fibers?,blue,red,black,clear or pale,A,easy,clear,ring_bias,blue_stain,fragments,upper_left,blue,3,3-5,light edge clogging,count now,36
mpq_c7225b037bf019,mem_scene_00207,images/mem_scene_00207.png,bead_count,How many round bead-like microplastic particles are visible?,0-12,13-18,19-24,25 or more,A,easy,clear,ring_bias,blue_stain,fragments,upper_left,blue,3,0-12,light edge clogging,count now,36
mpq_d54df02861ee69,mem_scene_00207,images/mem_scene_00207.png,clogging_state,Which membrane clogging pattern best describes this field?,open pores,light edge clogging,central mat clogging,patchy multi-zone clogging,B,easy,clear,ring_bias,blue_stain,fragments,upper_left,blue,3,3-5,light edge clogging,count now,36
mpq_f1a30cc6a5dcc1,mem_scene_00207,images/mem_scene_00207.png,qc_action,What is the best next triage action for this field of view?,count now,reimage focus,dilute and refilter,manual review,A,easy,clear,ring_bias,blue_stain,fragments,upper_left,blue,3,3-5,light edge clogging,count now,36
mpq_5ad98fd5c4d705,mem_scene_00208,images/mem_scene_00208.png,dominant_particle_family,Which suspicious particle family is most common in this membrane field?,fibers,fragments,beads,films,C,medium,overloaded,centered,standard,beads,lower_right,blue,23,9 or more,patchy multi-zone clogging,dilute and refilter,52
mpq_d52bed9c267982,mem_scene_00208,images/mem_scene_00208.png,hotspot_quadrant,Which quadrant contains the densest suspicious-particle hotspot?,upper left,upper right,lower left,lower right,D,medium,overloaded,centered,standard,beads,lower_right,blue,23,9 or more,patchy multi-zone clogging,dilute and refilter,52
mpq_5e034a2f7454d4,mem_scene_00208,images/mem_scene_00208.png,fiber_tint,What tint is most common among the visible fibers?,blue,red,black,clear or pale,A,medium,overloaded,centered,standard,beads,lower_right,blue,23,9 or more,patchy multi-zone clogging,dilute and refilter,52
mpq_cc9d6447677898,mem_scene_00208,images/mem_scene_00208.png,bead_count,How many round bead-like microplastic particles are visible?,0-12,13-18,19-24,25 or more,C,medium,overloaded,centered,standard,beads,lower_right,blue,23,19-24,patchy multi-zone clogging,dilute and refilter,52
mpq_25a3062bfc7902,mem_scene_00208,images/mem_scene_00208.png,clogging_state,Which membrane clogging pattern best describes this field?,open pores,light edge clogging,central mat clogging,patchy multi-zone clogging,D,medium,overloaded,centered,standard,beads,lower_right,blue,23,9 or more,patchy multi-zone clogging,dilute and refilter,52
mpq_d3e1dbed5672df,mem_scene_00208,images/mem_scene_00208.png,qc_action,What is the best next triage action for this field of view?,count now,reimage focus,dilute and refilter,manual review,C,medium,overloaded,centered,standard,beads,lower_right,blue,23,9 or more,patchy multi-zone clogging,dilute and refilter,52
mpq_9d5f31174783fa,mem_scene_00209,images/mem_scene_00209.png,dominant_particle_family,Which suspicious particle family is most common in this membrane field?,fibers,fragments,beads,films,D,hard,overloaded,edge_loaded,standard,films,lower_right,blue,27,9 or more,patchy multi-zone clogging,dilute and refilter,121
mpq_989f9b75f39d1a,mem_scene_00209,images/mem_scene_00209.png,hotspot_quadrant,Which quadrant contains the densest suspicious-particle hotspot?,upper left,upper right,lower left,lower right,D,hard,overloaded,edge_loaded,standard,films,lower_right,blue,27,9 or more,patchy multi-zone clogging,dilute and refilter,121
mpq_a622adcbf3f66b,mem_scene_00209,images/mem_scene_00209.png,fiber_tint,What tint is most common among the visible fibers?,blue,red,black,clear or pale,A,hard,overloaded,edge_loaded,standard,films,lower_right,blue,27,9 or more,patchy multi-zone clogging,dilute and refilter,121
mpq_a8f00e40371999,mem_scene_00209,images/mem_scene_00209.png,bead_count,How many round bead-like microplastic particles are visible?,0-12,13-18,19-24,25 or more,D,hard,overloaded,edge_loaded,standard,films,lower_right,blue,27,25 or more,patchy multi-zone clogging,dilute and refilter,121
mpq_d81c3dc67934c7,mem_scene_00209,images/mem_scene_00209.png,clogging_state,Which membrane clogging pattern best describes this field?,open pores,light edge clogging,central mat clogging,patchy multi-zone clogging,D,hard,overloaded,edge_loaded,standard,films,lower_right,blue,27,9 or more,patchy multi-zone clogging,dilute and refilter,121
mpq_50bcf98e0a3cdf,mem_scene_00209,images/mem_scene_00209.png,qc_action,What is the best next triage action for this field of view?,count now,reimage focus,dilute and refilter,manual review,C,hard,overloaded,edge_loaded,standard,films,lower_right,blue,27,9 or more,patchy multi-zone clogging,dilute and refilter,121
mpq_ebf9a14e5a03cd,mem_scene_00210,images/mem_scene_00210.png,dominant_particle_family,Which suspicious particle family is most common in this membrane field?,fibers,fragments,beads,films,C,hard,biofilm,centered,standard,beads,upper_right,blue,33,9 or more,light edge clogging,manual review,78
mpq_ce4e8bb2084709,mem_scene_00210,images/mem_scene_00210.png,hotspot_quadrant,Which quadrant contains the densest suspicious-particle hotspot?,upper left,upper right,lower left,lower right,B,hard,biofilm,centered,standard,beads,upper_right,blue,33,9 or more,light edge clogging,manual review,78
mpq_593f7abe11e950,mem_scene_00210,images/mem_scene_00210.png,fiber_tint,What tint is most common among the visible fibers?,blue,red,black,clear or pale,A,hard,biofilm,centered,standard,beads,upper_right,blue,33,9 or more,light edge clogging,manual review,78
mpq_7f43dbff119b32,mem_scene_00210,images/mem_scene_00210.png,bead_count,How many round bead-like microplastic particles are visible?,0-12,13-18,19-24,25 or more,D,hard,biofilm,centered,standard,beads,upper_right,blue,33,25 or more,light edge clogging,manual review,78
mpq_96605a3f151749,mem_scene_00210,images/mem_scene_00210.png,clogging_state,Which membrane clogging pattern best describes this field?,open pores,light edge clogging,central mat clogging,patchy multi-zone clogging,B,hard,biofilm,centered,standard,beads,upper_right,blue,33,9 or more,light edge clogging,manual review,78
mpq_16e5794122cee8,mem_scene_00210,images/mem_scene_00210.png,qc_action,What is the best next triage action for this field of view?,count now,reimage focus,dilute and refilter,manual review,D,hard,biofilm,centered,standard,beads,upper_right,blue,33,9 or more,light edge clogging,manual review,78
mpq_0c8425c391e719,mem_scene_00211,images/mem_scene_00211.png,dominant_particle_family,Which suspicious particle family is most common in this membrane field?,fibers,fragments,beads,films,D,easy,clear,centered,standard,films,upper_left,blue,9,9 or more,patchy multi-zone clogging,count now,37
mpq_469656b58643e7,mem_scene_00211,images/mem_scene_00211.png,hotspot_quadrant,Which quadrant contains the densest suspicious-particle hotspot?,upper left,upper right,lower left,lower right,A,easy,clear,centered,standard,films,upper_left,blue,9,9 or more,patchy multi-zone clogging,count now,37
mpq_f838d374be590b,mem_scene_00211,images/mem_scene_00211.png,fiber_tint,What tint is most common among the visible fibers?,blue,red,black,clear or pale,A,easy,clear,centered,standard,films,upper_left,blue,9,9 or more,patchy multi-zone clogging,count now,37
mpq_796de779b3fc3a,mem_scene_00211,images/mem_scene_00211.png,bead_count,How many round bead-like microplastic particles are visible?,0-12,13-18,19-24,25 or more,A,easy,clear,centered,standard,films,upper_left,blue,9,0-12,patchy multi-zone clogging,count now,37
mpq_e33a5764181a05,mem_scene_00211,images/mem_scene_00211.png,clogging_state,Which membrane clogging pattern best describes this field?,open pores,light edge clogging,central mat clogging,patchy multi-zone clogging,D,easy,clear,centered,standard,films,upper_left,blue,9,9 or more,patchy multi-zone clogging,count now,37
mpq_42ed2990dd115b,mem_scene_00211,images/mem_scene_00211.png,qc_action,What is the best next triage action for this field of view?,count now,reimage focus,dilute and refilter,manual review,A,easy,clear,centered,standard,films,upper_left,blue,9,9 or more,patchy multi-zone clogging,count now,37
mpq_5c9cc7025eabac,mem_scene_00212,images/mem_scene_00212.png,dominant_particle_family,Which suspicious particle family is most common in this membrane field?,fibers,fragments,beads,films,D,medium,clear,diagonal_streak,standard,films,lower_right,blue,7,6-8,light edge clogging,count now,57
mpq_f6f1fdc5852df2,mem_scene_00212,images/mem_scene_00212.png,hotspot_quadrant,Which quadrant contains the densest suspicious-particle hotspot?,upper left,upper right,lower left,lower right,D,medium,clear,diagonal_streak,standard,films,lower_right,blue,7,6-8,light edge clogging,count now,57
mpq_aeda7e1491d8de,mem_scene_00212,images/mem_scene_00212.png,fiber_tint,What tint is most common among the visible fibers?,blue,red,black,clear or pale,A,medium,clear,diagonal_streak,standard,films,lower_right,blue,7,6-8,light edge clogging,count now,57
mpq_93fded2c38b419,mem_scene_00212,images/mem_scene_00212.png,bead_count,How many round bead-like microplastic particles are visible?,0-12,13-18,19-24,25 or more,A,medium,clear,diagonal_streak,standard,films,lower_right,blue,7,0-12,light edge clogging,count now,57
mpq_35089fc8f77175,mem_scene_00212,images/mem_scene_00212.png,clogging_state,Which membrane clogging pattern best describes this field?,open pores,light edge clogging,central mat clogging,patchy multi-zone clogging,B,medium,clear,diagonal_streak,standard,films,lower_right,blue,7,6-8,light edge clogging,count now,57
mpq_fa565ff62a967e,mem_scene_00212,images/mem_scene_00212.png,qc_action,What is the best next triage action for this field of view?,count now,reimage focus,dilute and refilter,manual review,A,medium,clear,diagonal_streak,standard,films,lower_right,blue,7,6-8,light edge clogging,count now,57
mpq_52c5668e8a4298,mem_scene_00213,images/mem_scene_00213.png,dominant_particle_family,Which suspicious particle family is most common in this membrane field?,fibers,fragments,beads,films,B,medium,glare,centered,edge_shadow,fragments,lower_left,blue,16,9 or more,open pores,manual review,71
mpq_e0260e8fb85c07,mem_scene_00213,images/mem_scene_00213.png,hotspot_quadrant,Which quadrant contains the densest suspicious-particle hotspot?,upper left,upper right,lower left,lower right,C,medium,glare,centered,edge_shadow,fragments,lower_left,blue,16,9 or more,open pores,manual review,71
mpq_5492a4e9f70b44,mem_scene_00213,images/mem_scene_00213.png,fiber_tint,What tint is most common among the visible fibers?,blue,red,black,clear or pale,A,medium,glare,centered,edge_shadow,fragments,lower_left,blue,16,9 or more,open pores,manual review,71
mpq_5a4cfbc3bf9ea7,mem_scene_00213,images/mem_scene_00213.png,bead_count,How many round bead-like microplastic particles are visible?,0-12,13-18,19-24,25 or more,B,medium,glare,centered,edge_shadow,fragments,lower_left,blue,16,13-18,open pores,manual review,71
mpq_5cc83906ce71fc,mem_scene_00213,images/mem_scene_00213.png,clogging_state,Which membrane clogging pattern best describes this field?,open pores,light edge clogging,central mat clogging,patchy multi-zone clogging,A,medium,glare,centered,edge_shadow,fragments,lower_left,blue,16,9 or more,open pores,manual review,71
mpq_f564a40094c0ef,mem_scene_00213,images/mem_scene_00213.png,qc_action,What is the best next triage action for this field of view?,count now,reimage focus,dilute and refilter,manual review,B,medium,glare,centered,edge_shadow,fragments,lower_left,blue,16,9 or more,open pores,reimage focus,71
mpq_8842e81849fdc2,mem_scene_00214,images/mem_scene_00214.png,dominant_particle_family,Which suspicious particle family is most common in this membrane field?,fibers,fragments,beads,films,D,medium,clear,diagonal_streak,standard,films,upper_left,blue,10,9 or more,patchy multi-zone clogging,count now,48
mpq_bbdd95463f0f57,mem_scene_00214,images/mem_scene_00214.png,hotspot_quadrant,Which quadrant contains the densest suspicious-particle hotspot?,upper left,upper right,lower left,lower right,A,medium,clear,diagonal_streak,standard,films,upper_left,blue,10,9 or more,patchy multi-zone clogging,count now,48
mpq_035a039ad95132,mem_scene_00214,images/mem_scene_00214.png,fiber_tint,What tint is most common among the visible fibers?,blue,red,black,clear or pale,A,medium,clear,diagonal_streak,standard,films,upper_left,blue,10,9 or more,patchy multi-zone clogging,count now,48
mpq_32c69bae126d07,mem_scene_00214,images/mem_scene_00214.png,bead_count,How many round bead-like microplastic particles are visible?,0-12,13-18,19-24,25 or more,A,medium,clear,diagonal_streak,standard,films,upper_left,blue,10,0-12,patchy multi-zone clogging,count now,48
mpq_76abb4ede407ff,mem_scene_00214,images/mem_scene_00214.png,clogging_state,Which membrane clogging pattern best describes this field?,open pores,light edge clogging,central mat clogging,patchy multi-zone clogging,D,medium,clear,diagonal_streak,standard,films,upper_left,blue,10,9 or more,patchy multi-zone clogging,count now,48
mpq_6025a8cb257010,mem_scene_00214,images/mem_scene_00214.png,qc_action,What is the best next triage action for this field of view?,count now,reimage focus,dilute and refilter,manual review,A,medium,clear,diagonal_streak,standard,films,upper_left,blue,10,9 or more,patchy multi-zone clogging,count now,48
mpq_0b702d6d909621,mem_scene_00215,images/mem_scene_00215.png,dominant_particle_family,Which suspicious particle family is most common in this membrane field?,fibers,fragments,beads,films,A,hard,overloaded,edge_loaded,standard,fibers,lower_left,blue,14,9 or more,open pores,dilute and refilter,87
mpq_179bd959391e63,mem_scene_00215,images/mem_scene_00215.png,hotspot_quadrant,Which quadrant contains the densest suspicious-particle hotspot?,upper left,upper right,lower left,lower right,C,hard,overloaded,edge_loaded,standard,fibers,lower_left,blue,14,9 or more,open pores,dilute and refilter,87
mpq_444777c3bcb27b,mem_scene_00215,images/mem_scene_00215.png,fiber_tint,What tint is most common among the visible fibers?,blue,red,black,clear or pale,A,hard,overloaded,edge_loaded,standard,fibers,lower_left,blue,14,9 or more,open pores,dilute and refilter,87
mpq_5575c11d798df5,mem_scene_00215,images/mem_scene_00215.png,bead_count,How many round bead-like microplastic particles are visible?,0-12,13-18,19-24,25 or more,B,hard,overloaded,edge_loaded,standard,fibers,lower_left,blue,14,13-18,open pores,dilute and refilter,87
mpq_8e1a39152c1d2d,mem_scene_00215,images/mem_scene_00215.png,clogging_state,Which membrane clogging pattern best describes this field?,open pores,light edge clogging,central mat clogging,patchy multi-zone clogging,A,hard,overloaded,edge_loaded,standard,fibers,lower_left,blue,14,9 or more,open pores,dilute and refilter,87
mpq_40bdb58e7aa5bc,mem_scene_00215,images/mem_scene_00215.png,qc_action,What is the best next triage action for this field of view?,count now,reimage focus,dilute and refilter,manual review,C,hard,overloaded,edge_loaded,standard,fibers,lower_left,blue,14,9 or more,open pores,dilute and refilter,87
mpq_a01a414f0f1de8,mem_scene_00216,images/mem_scene_00216.png,dominant_particle_family,Which suspicious particle family is most common in this membrane field?,fibers,fragments,beads,films,D,medium,clear,centered,standard,films,lower_left,blue,10,9 or more,central mat clogging,count now,51
mpq_b754402a3322c3,mem_scene_00216,images/mem_scene_00216.png,hotspot_quadrant,Which quadrant contains the densest suspicious-particle hotspot?,upper left,upper right,lower left,lower right,C,medium,clear,centered,standard,films,lower_left,blue,10,9 or more,central mat clogging,count now,51
mpq_ca1d5778417f6c,mem_scene_00216,images/mem_scene_00216.png,fiber_tint,What tint is most common among the visible fibers?,blue,red,black,clear or pale,A,medium,clear,centered,standard,films,lower_left,blue,10,9 or more,central mat clogging,count now,51
mpq_6b06fa0cc5cf8d,mem_scene_00216,images/mem_scene_00216.png,bead_count,How many round bead-like microplastic particles are visible?,0-12,13-18,19-24,25 or more,A,medium,clear,centered,standard,films,lower_left,blue,10,0-12,central mat clogging,count now,51
mpq_04637465d2455f,mem_scene_00216,images/mem_scene_00216.png,clogging_state,Which membrane clogging pattern best describes this field?,open pores,light edge clogging,central mat clogging,patchy multi-zone clogging,C,medium,clear,centered,standard,films,lower_left,blue,10,9 or more,central mat clogging,count now,51
mpq_20726b67b7bb0e,mem_scene_00216,images/mem_scene_00216.png,qc_action,What is the best next triage action for this field of view?,count now,reimage focus,dilute and refilter,manual review,A,medium,clear,centered,standard,films,lower_left,blue,10,9 or more,central mat clogging,count now,51
mpq_306ee2bad36641,mem_scene_00217,images/mem_scene_00217.png,dominant_particle_family,Which suspicious particle family is most common in this membrane field?,fibers,fragments,beads,films,A,medium,overloaded,centered,standard,fibers,lower_right,blue,10,9 or more,open pores,dilute and refilter,58
mpq_c54944902f1fea,mem_scene_00217,images/mem_scene_00217.png,hotspot_quadrant,Which quadrant contains the densest suspicious-particle hotspot?,upper left,upper right,lower left,lower right,D,medium,overloaded,centered,standard,fibers,lower_right,blue,10,9 or more,open pores,dilute and refilter,58
mpq_0ef4e26f6ec9f6,mem_scene_00217,images/mem_scene_00217.png,fiber_tint,What tint is most common among the visible fibers?,blue,red,black,clear or pale,A,medium,overloaded,centered,standard,fibers,lower_right,blue,10,9 or more,open pores,dilute and refilter,58
mpq_8f93f6d49eb382,mem_scene_00217,images/mem_scene_00217.png,bead_count,How many round bead-like microplastic particles are visible?,0-12,13-18,19-24,25 or more,A,medium,overloaded,centered,standard,fibers,lower_right,blue,10,0-12,open pores,dilute and refilter,58
mpq_2068b9fc246591,mem_scene_00217,images/mem_scene_00217.png,clogging_state,Which membrane clogging pattern best describes this field?,open pores,light edge clogging,central mat clogging,patchy multi-zone clogging,A,medium,overloaded,centered,standard,fibers,lower_right,blue,10,9 or more,open pores,dilute and refilter,58
mpq_ca307e858a7edb,mem_scene_00217,images/mem_scene_00217.png,qc_action,What is the best next triage action for this field of view?,count now,reimage focus,dilute and refilter,manual review,C,medium,overloaded,centered,standard,fibers,lower_right,blue,10,9 or more,open pores,dilute and refilter,58
mpq_795245671f72fc,mem_scene_00218,images/mem_scene_00218.png,dominant_particle_family,Which suspicious particle family is most common in this membrane field?,fibers,fragments,beads,films,C,easy,glare,centered,bubble_ring,beads,upper_left,clear or pale,18,9 or more,open pores,manual review,35
mpq_d8f1f9784e1292,mem_scene_00218,images/mem_scene_00218.png,hotspot_quadrant,Which quadrant contains the densest suspicious-particle hotspot?,upper left,upper right,lower left,lower right,A,easy,glare,centered,bubble_ring,beads,upper_left,clear or pale,18,9 or more,open pores,manual review,35
mpq_d48c76084b4231,mem_scene_00218,images/mem_scene_00218.png,fiber_tint,What tint is most common among the visible fibers?,blue,red,black,clear or pale,D,easy,glare,centered,bubble_ring,beads,upper_left,clear or pale,18,9 or more,open pores,manual review,35
mpq_1a63b41dee777c,mem_scene_00218,images/mem_scene_00218.png,bead_count,How many round bead-like microplastic particles are visible?,0-12,13-18,19-24,25 or more,B,easy,glare,centered,bubble_ring,beads,upper_left,clear or pale,18,13-18,open pores,manual review,35
mpq_e5e31f9fe5f5d6,mem_scene_00218,images/mem_scene_00218.png,clogging_state,Which membrane clogging pattern best describes this field?,open pores,light edge clogging,central mat clogging,patchy multi-zone clogging,A,easy,glare,centered,bubble_ring,beads,upper_left,clear or pale,18,9 or more,open pores,manual review,35
mpq_ab67c0ed7420f4,mem_scene_00218,images/mem_scene_00218.png,qc_action,What is the best next triage action for this field of view?,count now,reimage focus,dilute and refilter,manual review,B,easy,glare,centered,bubble_ring,beads,upper_left,clear or pale,18,9 or more,open pores,reimage focus,35
mpq_a53fda9661174d,mem_scene_00219,images/mem_scene_00219.png,dominant_particle_family,Which suspicious particle family is most common in this membrane field?,fibers,fragments,beads,films,B,medium,glare,centered,edge_shadow,fragments,lower_right,blue,11,9 or more,patchy multi-zone clogging,manual review,71
mpq_b4245708de785c,mem_scene_00219,images/mem_scene_00219.png,hotspot_quadrant,Which quadrant contains the densest suspicious-particle hotspot?,upper left,upper right,lower left,lower right,D,medium,glare,centered,edge_shadow,fragments,lower_right,blue,11,9 or more,patchy multi-zone clogging,manual review,71
mpq_b4f2db2715512b,mem_scene_00219,images/mem_scene_00219.png,fiber_tint,What tint is most common among the visible fibers?,blue,red,black,clear or pale,A,medium,glare,centered,edge_shadow,fragments,lower_right,blue,11,9 or more,patchy multi-zone clogging,manual review,71
mpq_a37d519e6d77e0,mem_scene_00219,images/mem_scene_00219.png,bead_count,How many round bead-like microplastic particles are visible?,0-12,13-18,19-24,25 or more,A,medium,glare,centered,edge_shadow,fragments,lower_right,blue,11,0-12,patchy multi-zone clogging,manual review,71
mpq_a9a37f5208312a,mem_scene_00219,images/mem_scene_00219.png,clogging_state,Which membrane clogging pattern best describes this field?,open pores,light edge clogging,central mat clogging,patchy multi-zone clogging,D,medium,glare,centered,edge_shadow,fragments,lower_right,blue,11,9 or more,patchy multi-zone clogging,manual review,71
mpq_513fcc1fb995a8,mem_scene_00219,images/mem_scene_00219.png,qc_action,What is the best next triage action for this field of view?,count now,reimage focus,dilute and refilter,manual review,B,medium,glare,centered,edge_shadow,fragments,lower_right,blue,11,9 or more,patchy multi-zone clogging,reimage focus,71
mpq_3ca4cee9145463,mem_scene_00220,images/mem_scene_00220.png,dominant_particle_family,Which suspicious particle family is most common in this membrane field?,fibers,fragments,beads,films,A,medium,overloaded,ring_bias,standard,fibers,lower_right,red,3,3-5,open pores,dilute and refilter,51
mpq_15d2b47ece2a52,mem_scene_00220,images/mem_scene_00220.png,hotspot_quadrant,Which quadrant contains the densest suspicious-particle hotspot?,upper left,upper right,lower left,lower right,D,medium,overloaded,ring_bias,standard,fibers,lower_right,red,3,3-5,open pores,dilute and refilter,51
mpq_f818d85b4b2bd6,mem_scene_00220,images/mem_scene_00220.png,fiber_tint,What tint is most common among the visible fibers?,blue,red,black,clear or pale,B,medium,overloaded,ring_bias,standard,fibers,lower_right,red,3,3-5,open pores,dilute and refilter,51
mpq_9456dd7701c29f,mem_scene_00220,images/mem_scene_00220.png,bead_count,How many round bead-like microplastic particles are visible?,0-12,13-18,19-24,25 or more,A,medium,overloaded,ring_bias,standard,fibers,lower_right,red,3,0-12,open pores,dilute and refilter,51
mpq_e204e1103ab8b1,mem_scene_00220,images/mem_scene_00220.png,clogging_state,Which membrane clogging pattern best describes this field?,open pores,light edge clogging,central mat clogging,patchy multi-zone clogging,A,medium,overloaded,ring_bias,standard,fibers,lower_right,red,3,3-5,open pores,dilute and refilter,51
mpq_a845f0985cbe70,mem_scene_00220,images/mem_scene_00220.png,qc_action,What is the best next triage action for this field of view?,count now,reimage focus,dilute and refilter,manual review,C,medium,overloaded,ring_bias,standard,fibers,lower_right,red,3,3-5,open pores,dilute and refilter,51
mpq_df39acbcde8d65,mem_scene_00221,images/mem_scene_00221.png,dominant_particle_family,Which suspicious particle family is most common in this membrane field?,fibers,fragments,beads,films,B,hard,clear,centered,standard,fragments,upper_left,red,17,9 or more,light edge clogging,count now,84
mpq_2900b1a79bdf5b,mem_scene_00221,images/mem_scene_00221.png,hotspot_quadrant,Which quadrant contains the densest suspicious-particle hotspot?,upper left,upper right,lower left,lower right,A,hard,clear,centered,standard,fragments,upper_left,red,17,9 or more,light edge clogging,count now,84
mpq_849bb49b159695,mem_scene_00221,images/mem_scene_00221.png,fiber_tint,What tint is most common among the visible fibers?,blue,red,black,clear or pale,B,hard,clear,centered,standard,fragments,upper_left,red,17,9 or more,light edge clogging,count now,84
mpq_623a24d8cc08e7,mem_scene_00221,images/mem_scene_00221.png,bead_count,How many round bead-like microplastic particles are visible?,0-12,13-18,19-24,25 or more,B,hard,clear,centered,standard,fragments,upper_left,red,17,13-18,light edge clogging,count now,84
mpq_c968974d6f87d1,mem_scene_00221,images/mem_scene_00221.png,clogging_state,Which membrane clogging pattern best describes this field?,open pores,light edge clogging,central mat clogging,patchy multi-zone clogging,B,hard,clear,centered,standard,fragments,upper_left,red,17,9 or more,light edge clogging,count now,84
mpq_b0d73f5b2c8302,mem_scene_00221,images/mem_scene_00221.png,qc_action,What is the best next triage action for this field of view?,count now,reimage focus,dilute and refilter,manual review,A,hard,clear,centered,standard,fragments,upper_left,red,17,9 or more,light edge clogging,count now,84
mpq_11ddb626eec4b0,mem_scene_00222,images/mem_scene_00222.png,dominant_particle_family,Which suspicious particle family is most common in this membrane field?,fibers,fragments,beads,films,D,hard,overloaded,centered,bubble_ring,films,lower_left,black,22,9 or more,central mat clogging,dilute and refilter,95
mpq_b5c4d418fff9a0,mem_scene_00222,images/mem_scene_00222.png,hotspot_quadrant,Which quadrant contains the densest suspicious-particle hotspot?,upper left,upper right,lower left,lower right,C,hard,overloaded,centered,bubble_ring,films,lower_left,black,22,9 or more,central mat clogging,dilute and refilter,95
mpq_be25291c6827fa,mem_scene_00222,images/mem_scene_00222.png,fiber_tint,What tint is most common among the visible fibers?,blue,red,black,clear or pale,C,hard,overloaded,centered,bubble_ring,films,lower_left,black,22,9 or more,central mat clogging,dilute and refilter,95
mpq_acb272fac755f3,mem_scene_00222,images/mem_scene_00222.png,bead_count,How many round bead-like microplastic particles are visible?,0-12,13-18,19-24,25 or more,C,hard,overloaded,centered,bubble_ring,films,lower_left,black,22,19-24,central mat clogging,dilute and refilter,95
mpq_f07b69a3d14572,mem_scene_00222,images/mem_scene_00222.png,clogging_state,Which membrane clogging pattern best describes this field?,open pores,light edge clogging,central mat clogging,patchy multi-zone clogging,C,hard,overloaded,centered,bubble_ring,films,lower_left,black,22,9 or more,central mat clogging,dilute and refilter,95
mpq_9e2173754b8520,mem_scene_00222,images/mem_scene_00222.png,qc_action,What is the best next triage action for this field of view?,count now,reimage focus,dilute and refilter,manual review,C,hard,overloaded,centered,bubble_ring,films,lower_left,black,22,9 or more,central mat clogging,dilute and refilter,95
mpq_f04909c4679129,mem_scene_00223,images/mem_scene_00223.png,dominant_particle_family,Which suspicious particle family is most common in this membrane field?,fibers,fragments,beads,films,B,easy,glare,edge_loaded,standard,fragments,upper_right,blue,4,3-5,central mat clogging,count now,38
mpq_b1e4b2050c4dac,mem_scene_00223,images/mem_scene_00223.png,hotspot_quadrant,Which quadrant contains the densest suspicious-particle hotspot?,upper left,upper right,lower left,lower right,B,easy,glare,edge_loaded,standard,fragments,upper_right,blue,4,3-5,central mat clogging,count now,38
mpq_eaf9438575a2ea,mem_scene_00223,images/mem_scene_00223.png,fiber_tint,What tint is most common among the visible fibers?,blue,red,black,clear or pale,A,easy,glare,edge_loaded,standard,fragments,upper_right,blue,4,3-5,central mat clogging,count now,38
mpq_bd12db12c064a3,mem_scene_00223,images/mem_scene_00223.png,bead_count,How many round bead-like microplastic particles are visible?,0-12,13-18,19-24,25 or more,A,easy,glare,edge_loaded,standard,fragments,upper_right,blue,4,0-12,central mat clogging,count now,38
mpq_bdfd49250f83f0,mem_scene_00223,images/mem_scene_00223.png,clogging_state,Which membrane clogging pattern best describes this field?,open pores,light edge clogging,central mat clogging,patchy multi-zone clogging,C,easy,glare,edge_loaded,standard,fragments,upper_right,blue,4,3-5,central mat clogging,count now,38
mpq_047e5f8d265811,mem_scene_00223,images/mem_scene_00223.png,qc_action,What is the best next triage action for this field of view?,count now,reimage focus,dilute and refilter,manual review,B,easy,glare,edge_loaded,standard,fragments,upper_right,blue,4,3-5,central mat clogging,reimage focus,38
mpq_7c4c89ae12dfa0,mem_scene_00224,images/mem_scene_00224.png,dominant_particle_family,Which suspicious particle family is most common in this membrane field?,fibers,fragments,beads,films,D,medium,clear,edge_loaded,standard,films,lower_left,blue,18,9 or more,patchy multi-zone clogging,count now,53
mpq_426fa26db492fb,mem_scene_00224,images/mem_scene_00224.png,hotspot_quadrant,Which quadrant contains the densest suspicious-particle hotspot?,upper left,upper right,lower left,lower right,C,medium,clear,edge_loaded,standard,films,lower_left,blue,18,9 or more,patchy multi-zone clogging,count now,53
mpq_96bfda22727899,mem_scene_00224,images/mem_scene_00224.png,fiber_tint,What tint is most common among the visible fibers?,blue,red,black,clear or pale,A,medium,clear,edge_loaded,standard,films,lower_left,blue,18,9 or more,patchy multi-zone clogging,count now,53
mpq_40bc1424b775b2,mem_scene_00224,images/mem_scene_00224.png,bead_count,How many round bead-like microplastic particles are visible?,0-12,13-18,19-24,25 or more,B,medium,clear,edge_loaded,standard,films,lower_left,blue,18,13-18,patchy multi-zone clogging,count now,53
mpq_0015784e05be52,mem_scene_00224,images/mem_scene_00224.png,clogging_state,Which membrane clogging pattern best describes this field?,open pores,light edge clogging,central mat clogging,patchy multi-zone clogging,D,medium,clear,edge_loaded,standard,films,lower_left,blue,18,9 or more,patchy multi-zone clogging,count now,53
mpq_4d6896cf989cf3,mem_scene_00224,images/mem_scene_00224.png,qc_action,What is the best next triage action for this field of view?,count now,reimage focus,dilute and refilter,manual review,A,medium,clear,edge_loaded,standard,films,lower_left,blue,18,9 or more,patchy multi-zone clogging,count now,53
mpq_2a1b8a327c00a4,mem_scene_00225,images/mem_scene_00225.png,dominant_particle_family,Which suspicious particle family is most common in this membrane field?,fibers,fragments,beads,films,D,medium,clear,centered,standard,films,lower_right,black,8,6-8,open pores,count now,61
mpq_8328fa8ad294ca,mem_scene_00225,images/mem_scene_00225.png,hotspot_quadrant,Which quadrant contains the densest suspicious-particle hotspot?,upper left,upper right,lower left,lower right,D,medium,clear,centered,standard,films,lower_right,black,8,6-8,open pores,count now,61
mpq_bb9e0a0f6ac75f,mem_scene_00225,images/mem_scene_00225.png,fiber_tint,What tint is most common among the visible fibers?,blue,red,black,clear or pale,C,medium,clear,centered,standard,films,lower_right,black,8,6-8,open pores,count now,61
mpq_f5faa32064093e,mem_scene_00225,images/mem_scene_00225.png,bead_count,How many round bead-like microplastic particles are visible?,0-12,13-18,19-24,25 or more,A,medium,clear,centered,standard,films,lower_right,black,8,0-12,open pores,count now,61
mpq_febfcb06faa699,mem_scene_00225,images/mem_scene_00225.png,clogging_state,Which membrane clogging pattern best describes this field?,open pores,light edge clogging,central mat clogging,patchy multi-zone clogging,A,medium,clear,centered,standard,films,lower_right,black,8,6-8,open pores,count now,61
mpq_7a6034132b56a9,mem_scene_00225,images/mem_scene_00225.png,qc_action,What is the best next triage action for this field of view?,count now,reimage focus,dilute and refilter,manual review,A,medium,clear,centered,standard,films,lower_right,black,8,6-8,open pores,count now,61
mpq_e29647b4d720b2,mem_scene_00226,images/mem_scene_00226.png,dominant_particle_family,Which suspicious particle family is most common in this membrane field?,fibers,fragments,beads,films,C,hard,clear,centered,edge_shadow,beads,upper_left,blue,35,9 or more,central mat clogging,dilute and refilter,80
mpq_62a81c5481defb,mem_scene_00226,images/mem_scene_00226.png,hotspot_quadrant,Which quadrant contains the densest suspicious-particle hotspot?,upper left,upper right,lower left,lower right,A,hard,clear,centered,edge_shadow,beads,upper_left,blue,35,9 or more,central mat clogging,dilute and refilter,80
mpq_24dd3a3c7a75ac,mem_scene_00226,images/mem_scene_00226.png,fiber_tint,What tint is most common among the visible fibers?,blue,red,black,clear or pale,A,hard,clear,centered,edge_shadow,beads,upper_left,blue,35,9 or more,central mat clogging,dilute and refilter,80
mpq_4791efa79bb161,mem_scene_00226,images/mem_scene_00226.png,bead_count,How many round bead-like microplastic particles are visible?,0-12,13-18,19-24,25 or more,D,hard,clear,centered,edge_shadow,beads,upper_left,blue,35,25 or more,central mat clogging,dilute and refilter,80
mpq_e058eb7a55e453,mem_scene_00226,images/mem_scene_00226.png,clogging_state,Which membrane clogging pattern best describes this field?,open pores,light edge clogging,central mat clogging,patchy multi-zone clogging,C,hard,clear,centered,edge_shadow,beads,upper_left,blue,35,9 or more,central mat clogging,dilute and refilter,80
mpq_d7d0d8fe95873a,mem_scene_00226,images/mem_scene_00226.png,qc_action,What is the best next triage action for this field of view?,count now,reimage focus,dilute and refilter,manual review,C,hard,clear,centered,edge_shadow,beads,upper_left,blue,35,9 or more,central mat clogging,dilute and refilter,80
mpq_5cac3788b30599,mem_scene_00227,images/mem_scene_00227.png,dominant_particle_family,Which suspicious particle family is most common in this membrane field?,fibers,fragments,beads,films,A,easy,glare,ring_bias,edge_shadow,fibers,lower_left,blue,7,6-8,open pores,manual review,24
mpq_430f00a06cb5c7,mem_scene_00227,images/mem_scene_00227.png,hotspot_quadrant,Which quadrant contains the densest suspicious-particle hotspot?,upper left,upper right,lower left,lower right,C,easy,glare,ring_bias,edge_shadow,fibers,lower_left,blue,7,6-8,open pores,manual review,24
mpq_ec65b277c51add,mem_scene_00227,images/mem_scene_00227.png,fiber_tint,What tint is most common among the visible fibers?,blue,red,black,clear or pale,A,easy,glare,ring_bias,edge_shadow,fibers,lower_left,blue,7,6-8,open pores,manual review,24
mpq_e3679efa7e1a06,mem_scene_00227,images/mem_scene_00227.png,bead_count,How many round bead-like microplastic particles are visible?,0-12,13-18,19-24,25 or more,A,easy,glare,ring_bias,edge_shadow,fibers,lower_left,blue,7,0-12,open pores,manual review,24
mpq_aa47c00362d9b5,mem_scene_00227,images/mem_scene_00227.png,clogging_state,Which membrane clogging pattern best describes this field?,open pores,light edge clogging,central mat clogging,patchy multi-zone clogging,A,easy,glare,ring_bias,edge_shadow,fibers,lower_left,blue,7,6-8,open pores,manual review,24
mpq_05c8624a1c76c0,mem_scene_00227,images/mem_scene_00227.png,qc_action,What is the best next triage action for this field of view?,count now,reimage focus,dilute and refilter,manual review,B,easy,glare,ring_bias,edge_shadow,fibers,lower_left,blue,7,6-8,open pores,reimage focus,24
mpq_39468f181b2a96,mem_scene_00228,images/mem_scene_00228.png,dominant_particle_family,Which suspicious particle family is most common in this membrane field?,fibers,fragments,beads,films,D,easy,low_contrast,ring_bias,blue_stain,films,lower_left,red,10,9 or more,light edge clogging,count now,39
mpq_c66220795a6a28,mem_scene_00228,images/mem_scene_00228.png,hotspot_quadrant,Which quadrant contains the densest suspicious-particle hotspot?,upper left,upper right,lower left,lower right,C,easy,low_contrast,ring_bias,blue_stain,films,lower_left,red,10,9 or more,light edge clogging,count now,39
mpq_1fb00e504f0e22,mem_scene_00228,images/mem_scene_00228.png,fiber_tint,What tint is most common among the visible fibers?,blue,red,black,clear or pale,B,easy,low_contrast,ring_bias,blue_stain,films,lower_left,red,10,9 or more,light edge clogging,count now,39
mpq_ef80b276658c31,mem_scene_00228,images/mem_scene_00228.png,bead_count,How many round bead-like microplastic particles are visible?,0-12,13-18,19-24,25 or more,A,easy,low_contrast,ring_bias,blue_stain,films,lower_left,red,10,0-12,light edge clogging,count now,39
mpq_bd05d663ef2d96,mem_scene_00228,images/mem_scene_00228.png,clogging_state,Which membrane clogging pattern best describes this field?,open pores,light edge clogging,central mat clogging,patchy multi-zone clogging,B,easy,low_contrast,ring_bias,blue_stain,films,lower_left,red,10,9 or more,light edge clogging,count now,39
mpq_e7e1930ec1490b,mem_scene_00228,images/mem_scene_00228.png,qc_action,What is the best next triage action for this field of view?,count now,reimage focus,dilute and refilter,manual review,B,easy,low_contrast,ring_bias,blue_stain,films,lower_left,red,10,9 or more,light edge clogging,reimage focus,39
mpq_b58fd740401a5b,mem_scene_00229,images/mem_scene_00229.png,dominant_particle_family,Which suspicious particle family is most common in this membrane field?,fibers,fragments,beads,films,C,medium,overloaded,centered,standard,beads,lower_left,clear or pale,29,9 or more,patchy multi-zone clogging,dilute and refilter,73
mpq_e6001b3c8ef777,mem_scene_00229,images/mem_scene_00229.png,hotspot_quadrant,Which quadrant contains the densest suspicious-particle hotspot?,upper left,upper right,lower left,lower right,C,medium,overloaded,centered,standard,beads,lower_left,clear or pale,29,9 or more,patchy multi-zone clogging,dilute and refilter,73
mpq_18bd41c87b09cb,mem_scene_00229,images/mem_scene_00229.png,fiber_tint,What tint is most common among the visible fibers?,blue,red,black,clear or pale,D,medium,overloaded,centered,standard,beads,lower_left,clear or pale,29,9 or more,patchy multi-zone clogging,dilute and refilter,73
mpq_55db8172a8dca7,mem_scene_00229,images/mem_scene_00229.png,bead_count,How many round bead-like microplastic particles are visible?,0-12,13-18,19-24,25 or more,D,medium,overloaded,centered,standard,beads,lower_left,clear or pale,29,25 or more,patchy multi-zone clogging,dilute and refilter,73
mpq_cd5f20d5c13435,mem_scene_00229,images/mem_scene_00229.png,clogging_state,Which membrane clogging pattern best describes this field?,open pores,light edge clogging,central mat clogging,patchy multi-zone clogging,D,medium,overloaded,centered,standard,beads,lower_left,clear or pale,29,9 or more,patchy multi-zone clogging,dilute and refilter,73
mpq_69160da439e1f6,mem_scene_00229,images/mem_scene_00229.png,qc_action,What is the best next triage action for this field of view?,count now,reimage focus,dilute and refilter,manual review,C,medium,overloaded,centered,standard,beads,lower_left,clear or pale,29,9 or more,patchy multi-zone clogging,dilute and refilter,73
mpq_cae3c83ab53a9c,mem_scene_00230,images/mem_scene_00230.png,dominant_particle_family,Which suspicious particle family is most common in this membrane field?,fibers,fragments,beads,films,A,easy,clear,edge_loaded,blue_stain,fibers,lower_left,blue,7,6-8,central mat clogging,count now,31
mpq_8a7efe374a6be3,mem_scene_00230,images/mem_scene_00230.png,hotspot_quadrant,Which quadrant contains the densest suspicious-particle hotspot?,upper left,upper right,lower left,lower right,C,easy,clear,edge_loaded,blue_stain,fibers,lower_left,blue,7,6-8,central mat clogging,count now,31
mpq_0e98854911b831,mem_scene_00230,images/mem_scene_00230.png,fiber_tint,What tint is most common among the visible fibers?,blue,red,black,clear or pale,A,easy,clear,edge_loaded,blue_stain,fibers,lower_left,blue,7,6-8,central mat clogging,count now,31
mpq_f7307a731267c2,mem_scene_00230,images/mem_scene_00230.png,bead_count,How many round bead-like microplastic particles are visible?,0-12,13-18,19-24,25 or more,A,easy,clear,edge_loaded,blue_stain,fibers,lower_left,blue,7,0-12,central mat clogging,count now,31
mpq_7060d3d586fe83,mem_scene_00230,images/mem_scene_00230.png,clogging_state,Which membrane clogging pattern best describes this field?,open pores,light edge clogging,central mat clogging,patchy multi-zone clogging,C,easy,clear,edge_loaded,blue_stain,fibers,lower_left,blue,7,6-8,central mat clogging,count now,31
mpq_0ecd06bb31e84e,mem_scene_00230,images/mem_scene_00230.png,qc_action,What is the best next triage action for this field of view?,count now,reimage focus,dilute and refilter,manual review,A,easy,clear,edge_loaded,blue_stain,fibers,lower_left,blue,7,6-8,central mat clogging,count now,31
mpq_812d9cb47c82c1,mem_scene_00231,images/mem_scene_00231.png,dominant_particle_family,Which suspicious particle family is most common in this membrane field?,fibers,fragments,beads,films,C,easy,glare,edge_loaded,standard,beads,lower_left,blue,12,9 or more,open pores,count now,29
mpq_b3fc412a86d457,mem_scene_00231,images/mem_scene_00231.png,hotspot_quadrant,Which quadrant contains the densest suspicious-particle hotspot?,upper left,upper right,lower left,lower right,C,easy,glare,edge_loaded,standard,beads,lower_left,blue,12,9 or more,open pores,count now,29
mpq_e64cab7c282b9d,mem_scene_00231,images/mem_scene_00231.png,fiber_tint,What tint is most common among the visible fibers?,blue,red,black,clear or pale,A,easy,glare,edge_loaded,standard,beads,lower_left,blue,12,9 or more,open pores,count now,29
mpq_0fe564670bad99,mem_scene_00231,images/mem_scene_00231.png,bead_count,How many round bead-like microplastic particles are visible?,0-12,13-18,19-24,25 or more,A,easy,glare,edge_loaded,standard,beads,lower_left,blue,12,0-12,open pores,count now,29
mpq_128d587c592e15,mem_scene_00231,images/mem_scene_00231.png,clogging_state,Which membrane clogging pattern best describes this field?,open pores,light edge clogging,central mat clogging,patchy multi-zone clogging,A,easy,glare,edge_loaded,standard,beads,lower_left,blue,12,9 or more,open pores,count now,29
mpq_af17545657c8eb,mem_scene_00231,images/mem_scene_00231.png,qc_action,What is the best next triage action for this field of view?,count now,reimage focus,dilute and refilter,manual review,B,easy,glare,edge_loaded,standard,beads,lower_left,blue,12,9 or more,open pores,reimage focus,29
mpq_e636e9db5f2685,mem_scene_00232,images/mem_scene_00232.png,dominant_particle_family,Which suspicious particle family is most common in this membrane field?,fibers,fragments,beads,films,D,hard,clear,ring_bias,standard,films,upper_left,red,21,9 or more,central mat clogging,dilute and refilter,92
mpq_06f4399cefc8d1,mem_scene_00232,images/mem_scene_00232.png,hotspot_quadrant,Which quadrant contains the densest suspicious-particle hotspot?,upper left,upper right,lower left,lower right,A,hard,clear,ring_bias,standard,films,upper_left,red,21,9 or more,central mat clogging,dilute and refilter,92
mpq_61ba21dbff510a,mem_scene_00232,images/mem_scene_00232.png,fiber_tint,What tint is most common among the visible fibers?,blue,red,black,clear or pale,B,hard,clear,ring_bias,standard,films,upper_left,red,21,9 or more,central mat clogging,dilute and refilter,92
mpq_cdee526a978dc5,mem_scene_00232,images/mem_scene_00232.png,bead_count,How many round bead-like microplastic particles are visible?,0-12,13-18,19-24,25 or more,C,hard,clear,ring_bias,standard,films,upper_left,red,21,19-24,central mat clogging,dilute and refilter,92
mpq_d541ae1e59fc6d,mem_scene_00232,images/mem_scene_00232.png,clogging_state,Which membrane clogging pattern best describes this field?,open pores,light edge clogging,central mat clogging,patchy multi-zone clogging,C,hard,clear,ring_bias,standard,films,upper_left,red,21,9 or more,central mat clogging,dilute and refilter,92
mpq_4b1db846050674,mem_scene_00232,images/mem_scene_00232.png,qc_action,What is the best next triage action for this field of view?,count now,reimage focus,dilute and refilter,manual review,C,hard,clear,ring_bias,standard,films,upper_left,red,21,9 or more,central mat clogging,dilute and refilter,92
mpq_c3cfaeefd47a67,mem_scene_00233,images/mem_scene_00233.png,dominant_particle_family,Which suspicious particle family is most common in this membrane field?,fibers,fragments,beads,films,B,easy,low_contrast,ring_bias,standard,fragments,upper_left,blue,10,9 or more,open pores,count now,39
mpq_5da5d70787a248,mem_scene_00233,images/mem_scene_00233.png,hotspot_quadrant,Which quadrant contains the densest suspicious-particle hotspot?,upper left,upper right,lower left,lower right,A,easy,low_contrast,ring_bias,standard,fragments,upper_left,blue,10,9 or more,open pores,count now,39
mpq_d845a20df6c819,mem_scene_00233,images/mem_scene_00233.png,fiber_tint,What tint is most common among the visible fibers?,blue,red,black,clear or pale,A,easy,low_contrast,ring_bias,standard,fragments,upper_left,blue,10,9 or more,open pores,count now,39
mpq_020088cdb306bb,mem_scene_00233,images/mem_scene_00233.png,bead_count,How many round bead-like microplastic particles are visible?,0-12,13-18,19-24,25 or more,A,easy,low_contrast,ring_bias,standard,fragments,upper_left,blue,10,0-12,open pores,count now,39
mpq_3dc191790e89f6,mem_scene_00233,images/mem_scene_00233.png,clogging_state,Which membrane clogging pattern best describes this field?,open pores,light edge clogging,central mat clogging,patchy multi-zone clogging,A,easy,low_contrast,ring_bias,standard,fragments,upper_left,blue,10,9 or more,open pores,count now,39
mpq_18f1f8ce30e50a,mem_scene_00233,images/mem_scene_00233.png,qc_action,What is the best next triage action for this field of view?,count now,reimage focus,dilute and refilter,manual review,B,easy,low_contrast,ring_bias,standard,fragments,upper_left,blue,10,9 or more,open pores,reimage focus,39
mpq_1736a36cc1eff9,mem_scene_00234,images/mem_scene_00234.png,dominant_particle_family,Which suspicious particle family is most common in this membrane field?,fibers,fragments,beads,films,B,easy,biofilm,edge_loaded,blue_stain,fragments,lower_left,blue,8,6-8,open pores,manual review,26
mpq_586e45ef6cd9fe,mem_scene_00234,images/mem_scene_00234.png,hotspot_quadrant,Which quadrant contains the densest suspicious-particle hotspot?,upper left,upper right,lower left,lower right,C,easy,biofilm,edge_loaded,blue_stain,fragments,lower_left,blue,8,6-8,open pores,manual review,26
mpq_046595134dd6bc,mem_scene_00234,images/mem_scene_00234.png,fiber_tint,What tint is most common among the visible fibers?,blue,red,black,clear or pale,A,easy,biofilm,edge_loaded,blue_stain,fragments,lower_left,blue,8,6-8,open pores,manual review,26
mpq_26bd0a9de69482,mem_scene_00234,images/mem_scene_00234.png,bead_count,How many round bead-like microplastic particles are visible?,0-12,13-18,19-24,25 or more,A,easy,biofilm,edge_loaded,blue_stain,fragments,lower_left,blue,8,0-12,open pores,manual review,26
mpq_bed7857f63f426,mem_scene_00234,images/mem_scene_00234.png,clogging_state,Which membrane clogging pattern best describes this field?,open pores,light edge clogging,central mat clogging,patchy multi-zone clogging,A,easy,biofilm,edge_loaded,blue_stain,fragments,lower_left,blue,8,6-8,open pores,manual review,26
mpq_3d3c2a568e1165,mem_scene_00234,images/mem_scene_00234.png,qc_action,What is the best next triage action for this field of view?,count now,reimage focus,dilute and refilter,manual review,D,easy,biofilm,edge_loaded,blue_stain,fragments,lower_left,blue,8,6-8,open pores,manual review,26
mpq_33f2be179278eb,mem_scene_00235,images/mem_scene_00235.png,dominant_particle_family,Which suspicious particle family is most common in this membrane field?,fibers,fragments,beads,films,B,easy,biofilm,centered,standard,fragments,upper_left,blue,4,3-5,open pores,manual review,27
mpq_3d5d59f9540ae5,mem_scene_00235,images/mem_scene_00235.png,hotspot_quadrant,Which quadrant contains the densest suspicious-particle hotspot?,upper left,upper right,lower left,lower right,A,easy,biofilm,centered,standard,fragments,upper_left,blue,4,3-5,open pores,manual review,27
mpq_7183000f37b54f,mem_scene_00235,images/mem_scene_00235.png,fiber_tint,What tint is most common among the visible fibers?,blue,red,black,clear or pale,A,easy,biofilm,centered,standard,fragments,upper_left,blue,4,3-5,open pores,manual review,27
mpq_d0ee0fb6b9aaff,mem_scene_00235,images/mem_scene_00235.png,bead_count,How many round bead-like microplastic particles are visible?,0-12,13-18,19-24,25 or more,A,easy,biofilm,centered,standard,fragments,upper_left,blue,4,0-12,open pores,manual review,27
mpq_b793516c44312d,mem_scene_00235,images/mem_scene_00235.png,clogging_state,Which membrane clogging pattern best describes this field?,open pores,light edge clogging,central mat clogging,patchy multi-zone clogging,A,easy,biofilm,centered,standard,fragments,upper_left,blue,4,3-5,open pores,manual review,27
mpq_17d97fe63a8668,mem_scene_00235,images/mem_scene_00235.png,qc_action,What is the best next triage action for this field of view?,count now,reimage focus,dilute and refilter,manual review,D,easy,biofilm,centered,standard,fragments,upper_left,blue,4,3-5,open pores,manual review,27
mpq_54e2a3a0b64a85,mem_scene_00236,images/mem_scene_00236.png,dominant_particle_family,Which suspicious particle family is most common in this membrane field?,fibers,fragments,beads,films,A,easy,biofilm,diagonal_streak,standard,fibers,lower_right,clear or pale,1,0-2,central mat clogging,manual review,27
mpq_08b0b332115351,mem_scene_00236,images/mem_scene_00236.png,hotspot_quadrant,Which quadrant contains the densest suspicious-particle hotspot?,upper left,upper right,lower left,lower right,D,easy,biofilm,diagonal_streak,standard,fibers,lower_right,clear or pale,1,0-2,central mat clogging,manual review,27
mpq_75830e312acf4b,mem_scene_00236,images/mem_scene_00236.png,fiber_tint,What tint is most common among the visible fibers?,blue,red,black,clear or pale,D,easy,biofilm,diagonal_streak,standard,fibers,lower_right,clear or pale,1,0-2,central mat clogging,manual review,27
mpq_ba42c2aa0f8cde,mem_scene_00236,images/mem_scene_00236.png,bead_count,How many round bead-like microplastic particles are visible?,0-12,13-18,19-24,25 or more,A,easy,biofilm,diagonal_streak,standard,fibers,lower_right,clear or pale,1,0-12,central mat clogging,manual review,27
mpq_c76b1f7638f1fc,mem_scene_00236,images/mem_scene_00236.png,clogging_state,Which membrane clogging pattern best describes this field?,open pores,light edge clogging,central mat clogging,patchy multi-zone clogging,C,easy,biofilm,diagonal_streak,standard,fibers,lower_right,clear or pale,1,0-2,central mat clogging,manual review,27
mpq_041ec2c8aa684c,mem_scene_00236,images/mem_scene_00236.png,qc_action,What is the best next triage action for this field of view?,count now,reimage focus,dilute and refilter,manual review,D,easy,biofilm,diagonal_streak,standard,fibers,lower_right,clear or pale,1,0-2,central mat clogging,manual review,27
mpq_650afde96515e4,mem_scene_00237,images/mem_scene_00237.png,dominant_particle_family,Which suspicious particle family is most common in this membrane field?,fibers,fragments,beads,films,B,medium,biofilm,ring_bias,standard,fragments,upper_right,clear or pale,7,6-8,light edge clogging,manual review,65
mpq_6c28a938437f60,mem_scene_00237,images/mem_scene_00237.png,hotspot_quadrant,Which quadrant contains the densest suspicious-particle hotspot?,upper left,upper right,lower left,lower right,B,medium,biofilm,ring_bias,standard,fragments,upper_right,clear or pale,7,6-8,light edge clogging,manual review,65
mpq_73e7d4e00a9c5b,mem_scene_00237,images/mem_scene_00237.png,fiber_tint,What tint is most common among the visible fibers?,blue,red,black,clear or pale,D,medium,biofilm,ring_bias,standard,fragments,upper_right,clear or pale,7,6-8,light edge clogging,manual review,65
mpq_a614761b17b49d,mem_scene_00237,images/mem_scene_00237.png,bead_count,How many round bead-like microplastic particles are visible?,0-12,13-18,19-24,25 or more,A,medium,biofilm,ring_bias,standard,fragments,upper_right,clear or pale,7,0-12,light edge clogging,manual review,65
mpq_ed6f402442397f,mem_scene_00237,images/mem_scene_00237.png,clogging_state,Which membrane clogging pattern best describes this field?,open pores,light edge clogging,central mat clogging,patchy multi-zone clogging,B,medium,biofilm,ring_bias,standard,fragments,upper_right,clear or pale,7,6-8,light edge clogging,manual review,65
mpq_449ca572b15b77,mem_scene_00237,images/mem_scene_00237.png,qc_action,What is the best next triage action for this field of view?,count now,reimage focus,dilute and refilter,manual review,D,medium,biofilm,ring_bias,standard,fragments,upper_right,clear or pale,7,6-8,light edge clogging,manual review,65
mpq_477192cabca483,mem_scene_00238,images/mem_scene_00238.png,dominant_particle_family,Which suspicious particle family is most common in this membrane field?,fibers,fragments,beads,films,A,medium,clear,edge_loaded,standard,fibers,upper_right,blue,9,9 or more,patchy multi-zone clogging,count now,52
mpq_2b7450305897bc,mem_scene_00238,images/mem_scene_00238.png,hotspot_quadrant,Which quadrant contains the densest suspicious-particle hotspot?,upper left,upper right,lower left,lower right,B,medium,clear,edge_loaded,standard,fibers,upper_right,blue,9,9 or more,patchy multi-zone clogging,count now,52
mpq_3d400dd1fab6aa,mem_scene_00238,images/mem_scene_00238.png,fiber_tint,What tint is most common among the visible fibers?,blue,red,black,clear or pale,A,medium,clear,edge_loaded,standard,fibers,upper_right,blue,9,9 or more,patchy multi-zone clogging,count now,52
mpq_ee98c2dc7b5fb3,mem_scene_00238,images/mem_scene_00238.png,bead_count,How many round bead-like microplastic particles are visible?,0-12,13-18,19-24,25 or more,A,medium,clear,edge_loaded,standard,fibers,upper_right,blue,9,0-12,patchy multi-zone clogging,count now,52
mpq_77582656c566b9,mem_scene_00238,images/mem_scene_00238.png,clogging_state,Which membrane clogging pattern best describes this field?,open pores,light edge clogging,central mat clogging,patchy multi-zone clogging,D,medium,clear,edge_loaded,standard,fibers,upper_right,blue,9,9 or more,patchy multi-zone clogging,count now,52
mpq_de20a7837850d7,mem_scene_00238,images/mem_scene_00238.png,qc_action,What is the best next triage action for this field of view?,count now,reimage focus,dilute and refilter,manual review,A,medium,clear,edge_loaded,standard,fibers,upper_right,blue,9,9 or more,patchy multi-zone clogging,count now,52
mpq_261ca1d3b58614,mem_scene_00239,images/mem_scene_00239.png,dominant_particle_family,Which suspicious particle family is most common in this membrane field?,fibers,fragments,beads,films,B,medium,clear,edge_loaded,edge_shadow,fragments,upper_left,blue,15,9 or more,open pores,manual review,75
mpq_6fc5aadc67d0de,mem_scene_00239,images/mem_scene_00239.png,hotspot_quadrant,Which quadrant contains the densest suspicious-particle hotspot?,upper left,upper right,lower left,lower right,A,medium,clear,edge_loaded,edge_shadow,fragments,upper_left,blue,15,9 or more,open pores,manual review,75
mpq_540f3cb3f1cb81,mem_scene_00239,images/mem_scene_00239.png,fiber_tint,What tint is most common among the visible fibers?,blue,red,black,clear or pale,A,medium,clear,edge_loaded,edge_shadow,fragments,upper_left,blue,15,9 or more,open pores,manual review,75
mpq_24c159a8097c9d,mem_scene_00239,images/mem_scene_00239.png,bead_count,How many round bead-like microplastic particles are visible?,0-12,13-18,19-24,25 or more,B,medium,clear,edge_loaded,edge_shadow,fragments,upper_left,blue,15,13-18,open pores,manual review,75
mpq_aef87f1bd343d0,mem_scene_00239,images/mem_scene_00239.png,clogging_state,Which membrane clogging pattern best describes this field?,open pores,light edge clogging,central mat clogging,patchy multi-zone clogging,A,medium,clear,edge_loaded,edge_shadow,fragments,upper_left,blue,15,9 or more,open pores,manual review,75
mpq_b440aab5674de3,mem_scene_00239,images/mem_scene_00239.png,qc_action,What is the best next triage action for this field of view?,count now,reimage focus,dilute and refilter,manual review,D,medium,clear,edge_loaded,edge_shadow,fragments,upper_left,blue,15,9 or more,open pores,manual review,75
mpq_c9e4ee53d14c39,mem_scene_00240,images/mem_scene_00240.png,dominant_particle_family,Which suspicious particle family is most common in this membrane field?,fibers,fragments,beads,films,A,medium,low_contrast,diagonal_streak,standard,fibers,lower_right,clear or pale,8,6-8,light edge clogging,count now,51
mpq_ca3fcd661bc7c1,mem_scene_00240,images/mem_scene_00240.png,hotspot_quadrant,Which quadrant contains the densest suspicious-particle hotspot?,upper left,upper right,lower left,lower right,D,medium,low_contrast,diagonal_streak,standard,fibers,lower_right,clear or pale,8,6-8,light edge clogging,count now,51
mpq_aad21619c790fe,mem_scene_00240,images/mem_scene_00240.png,fiber_tint,What tint is most common among the visible fibers?,blue,red,black,clear or pale,D,medium,low_contrast,diagonal_streak,standard,fibers,lower_right,clear or pale,8,6-8,light edge clogging,count now,51
mpq_9114447f5bf804,mem_scene_00240,images/mem_scene_00240.png,bead_count,How many round bead-like microplastic particles are visible?,0-12,13-18,19-24,25 or more,A,medium,low_contrast,diagonal_streak,standard,fibers,lower_right,clear or pale,8,0-12,light edge clogging,count now,51
mpq_2557de44158c83,mem_scene_00240,images/mem_scene_00240.png,clogging_state,Which membrane clogging pattern best describes this field?,open pores,light edge clogging,central mat clogging,patchy multi-zone clogging,B,medium,low_contrast,diagonal_streak,standard,fibers,lower_right,clear or pale,8,6-8,light edge clogging,count now,51
mpq_7e08167bc5c1b2,mem_scene_00240,images/mem_scene_00240.png,qc_action,What is the best next triage action for this field of view?,count now,reimage focus,dilute and refilter,manual review,B,medium,low_contrast,diagonal_streak,standard,fibers,lower_right,clear or pale,8,6-8,light edge clogging,reimage focus,51
mpq_36c55cf692aeaa,mem_scene_00241,images/mem_scene_00241.png,dominant_particle_family,Which suspicious particle family is most common in this membrane field?,fibers,fragments,beads,films,D,hard,low_contrast,edge_loaded,standard,films,upper_right,blue,26,9 or more,central mat clogging,reimage focus,118
mpq_6f383fe77c7eff,mem_scene_00241,images/mem_scene_00241.png,hotspot_quadrant,Which quadrant contains the densest suspicious-particle hotspot?,upper left,upper right,lower left,lower right,B,hard,low_contrast,edge_loaded,standard,films,upper_right,blue,26,9 or more,central mat clogging,reimage focus,118
mpq_7e1a588b6d41d1,mem_scene_00241,images/mem_scene_00241.png,fiber_tint,What tint is most common among the visible fibers?,blue,red,black,clear or pale,A,hard,low_contrast,edge_loaded,standard,films,upper_right,blue,26,9 or more,central mat clogging,reimage focus,118
mpq_e4214b76dfa8cf,mem_scene_00241,images/mem_scene_00241.png,bead_count,How many round bead-like microplastic particles are visible?,0-12,13-18,19-24,25 or more,D,hard,low_contrast,edge_loaded,standard,films,upper_right,blue,26,25 or more,central mat clogging,reimage focus,118
mpq_5369ac18532067,mem_scene_00241,images/mem_scene_00241.png,clogging_state,Which membrane clogging pattern best describes this field?,open pores,light edge clogging,central mat clogging,patchy multi-zone clogging,C,hard,low_contrast,edge_loaded,standard,films,upper_right,blue,26,9 or more,central mat clogging,reimage focus,118
mpq_0441b34a437006,mem_scene_00241,images/mem_scene_00241.png,qc_action,What is the best next triage action for this field of view?,count now,reimage focus,dilute and refilter,manual review,B,hard,low_contrast,edge_loaded,standard,films,upper_right,blue,26,9 or more,central mat clogging,reimage focus,118
mpq_4e69f3c1ec6369,mem_scene_00242,images/mem_scene_00242.png,dominant_particle_family,Which suspicious particle family is most common in this membrane field?,fibers,fragments,beads,films,B,medium,biofilm,centered,bubble_ring,fragments,upper_right,red,16,9 or more,light edge clogging,manual review,70
mpq_d7f318531d9652,mem_scene_00242,images/mem_scene_00242.png,hotspot_quadrant,Which quadrant contains the densest suspicious-particle hotspot?,upper left,upper right,lower left,lower right,B,medium,biofilm,centered,bubble_ring,fragments,upper_right,red,16,9 or more,light edge clogging,manual review,70
mpq_4e16a7f9c1c37c,mem_scene_00242,images/mem_scene_00242.png,fiber_tint,What tint is most common among the visible fibers?,blue,red,black,clear or pale,B,medium,biofilm,centered,bubble_ring,fragments,upper_right,red,16,9 or more,light edge clogging,manual review,70
mpq_86aaba55b79f5e,mem_scene_00242,images/mem_scene_00242.png,bead_count,How many round bead-like microplastic particles are visible?,0-12,13-18,19-24,25 or more,B,medium,biofilm,centered,bubble_ring,fragments,upper_right,red,16,13-18,light edge clogging,manual review,70
mpq_33e44ad53a3518,mem_scene_00242,images/mem_scene_00242.png,clogging_state,Which membrane clogging pattern best describes this field?,open pores,light edge clogging,central mat clogging,patchy multi-zone clogging,B,medium,biofilm,centered,bubble_ring,fragments,upper_right,red,16,9 or more,light edge clogging,manual review,70
mpq_ef80655e5f8668,mem_scene_00242,images/mem_scene_00242.png,qc_action,What is the best next triage action for this field of view?,count now,reimage focus,dilute and refilter,manual review,D,medium,biofilm,centered,bubble_ring,fragments,upper_right,red,16,9 or more,light edge clogging,manual review,70
mpq_7617164abf1f61,mem_scene_00243,images/mem_scene_00243.png,dominant_particle_family,Which suspicious particle family is most common in this membrane field?,fibers,fragments,beads,films,B,hard,clear,centered,standard,fragments,upper_left,blue,20,9 or more,light edge clogging,count now,104
mpq_d28cb3b7d05fed,mem_scene_00243,images/mem_scene_00243.png,hotspot_quadrant,Which quadrant contains the densest suspicious-particle hotspot?,upper left,upper right,lower left,lower right,A,hard,clear,centered,standard,fragments,upper_left,blue,20,9 or more,light edge clogging,count now,104
mpq_fcacb98e9cef0d,mem_scene_00243,images/mem_scene_00243.png,fiber_tint,What tint is most common among the visible fibers?,blue,red,black,clear or pale,A,hard,clear,centered,standard,fragments,upper_left,blue,20,9 or more,light edge clogging,count now,104
mpq_e555861d7ea9aa,mem_scene_00243,images/mem_scene_00243.png,bead_count,How many round bead-like microplastic particles are visible?,0-12,13-18,19-24,25 or more,C,hard,clear,centered,standard,fragments,upper_left,blue,20,19-24,light edge clogging,count now,104
mpq_798ff1b9f404e8,mem_scene_00243,images/mem_scene_00243.png,clogging_state,Which membrane clogging pattern best describes this field?,open pores,light edge clogging,central mat clogging,patchy multi-zone clogging,B,hard,clear,centered,standard,fragments,upper_left,blue,20,9 or more,light edge clogging,count now,104
mpq_e4061af237162b,mem_scene_00243,images/mem_scene_00243.png,qc_action,What is the best next triage action for this field of view?,count now,reimage focus,dilute and refilter,manual review,A,hard,clear,centered,standard,fragments,upper_left,blue,20,9 or more,light edge clogging,count now,104
mpq_2302f6a5acd7d3,mem_scene_00244,images/mem_scene_00244.png,dominant_particle_family,Which suspicious particle family is most common in this membrane field?,fibers,fragments,beads,films,A,easy,biofilm,centered,standard,fibers,upper_right,blue,3,3-5,patchy multi-zone clogging,manual review,40
mpq_c25f1b5ea9ccea,mem_scene_00244,images/mem_scene_00244.png,hotspot_quadrant,Which quadrant contains the densest suspicious-particle hotspot?,upper left,upper right,lower left,lower right,B,easy,biofilm,centered,standard,fibers,upper_right,blue,3,3-5,patchy multi-zone clogging,manual review,40
mpq_068c2a96222053,mem_scene_00244,images/mem_scene_00244.png,fiber_tint,What tint is most common among the visible fibers?,blue,red,black,clear or pale,A,easy,biofilm,centered,standard,fibers,upper_right,blue,3,3-5,patchy multi-zone clogging,manual review,40
mpq_62ff3959ebebd0,mem_scene_00244,images/mem_scene_00244.png,bead_count,How many round bead-like microplastic particles are visible?,0-12,13-18,19-24,25 or more,A,easy,biofilm,centered,standard,fibers,upper_right,blue,3,0-12,patchy multi-zone clogging,manual review,40
mpq_fda1a7d4fdfea0,mem_scene_00244,images/mem_scene_00244.png,clogging_state,Which membrane clogging pattern best describes this field?,open pores,light edge clogging,central mat clogging,patchy multi-zone clogging,D,easy,biofilm,centered,standard,fibers,upper_right,blue,3,3-5,patchy multi-zone clogging,manual review,40
mpq_e129516555d60b,mem_scene_00244,images/mem_scene_00244.png,qc_action,What is the best next triage action for this field of view?,count now,reimage focus,dilute and refilter,manual review,D,easy,biofilm,centered,standard,fibers,upper_right,blue,3,3-5,patchy multi-zone clogging,manual review,40
mpq_8e59e4bd8b7b48,mem_scene_00245,images/mem_scene_00245.png,dominant_particle_family,Which suspicious particle family is most common in this membrane field?,fibers,fragments,beads,films,D,easy,clear,centered,blue_stain,films,upper_left,blue,7,6-8,patchy multi-zone clogging,count now,34
mpq_79aa58c6bc3cea,mem_scene_00245,images/mem_scene_00245.png,hotspot_quadrant,Which quadrant contains the densest suspicious-particle hotspot?,upper left,upper right,lower left,lower right,A,easy,clear,centered,blue_stain,films,upper_left,blue,7,6-8,patchy multi-zone clogging,count now,34
mpq_d1b183ce19f7ff,mem_scene_00245,images/mem_scene_00245.png,fiber_tint,What tint is most common among the visible fibers?,blue,red,black,clear or pale,A,easy,clear,centered,blue_stain,films,upper_left,blue,7,6-8,patchy multi-zone clogging,count now,34
mpq_63328f9b8dfa16,mem_scene_00245,images/mem_scene_00245.png,bead_count,How many round bead-like microplastic particles are visible?,0-12,13-18,19-24,25 or more,A,easy,clear,centered,blue_stain,films,upper_left,blue,7,0-12,patchy multi-zone clogging,count now,34
mpq_3b34f3e6e19544,mem_scene_00245,images/mem_scene_00245.png,clogging_state,Which membrane clogging pattern best describes this field?,open pores,light edge clogging,central mat clogging,patchy multi-zone clogging,D,easy,clear,centered,blue_stain,films,upper_left,blue,7,6-8,patchy multi-zone clogging,count now,34
mpq_1a3c4ba79e07ec,mem_scene_00245,images/mem_scene_00245.png,qc_action,What is the best next triage action for this field of view?,count now,reimage focus,dilute and refilter,manual review,A,easy,clear,centered,blue_stain,films,upper_left,blue,7,6-8,patchy multi-zone clogging,count now,34
mpq_c9c0c51bef2bbd,mem_scene_00246,images/mem_scene_00246.png,dominant_particle_family,Which suspicious particle family is most common in this membrane field?,fibers,fragments,beads,films,A,medium,clear,diagonal_streak,blue_stain,fibers,upper_left,blue,12,9 or more,light edge clogging,count now,63
mpq_1fb8e85374fda8,mem_scene_00246,images/mem_scene_00246.png,hotspot_quadrant,Which quadrant contains the densest suspicious-particle hotspot?,upper left,upper right,lower left,lower right,A,medium,clear,diagonal_streak,blue_stain,fibers,upper_left,blue,12,9 or more,light edge clogging,count now,63
mpq_4d72c25e07ce52,mem_scene_00246,images/mem_scene_00246.png,fiber_tint,What tint is most common among the visible fibers?,blue,red,black,clear or pale,A,medium,clear,diagonal_streak,blue_stain,fibers,upper_left,blue,12,9 or more,light edge clogging,count now,63
mpq_4e522c2b6ebb0c,mem_scene_00246,images/mem_scene_00246.png,bead_count,How many round bead-like microplastic particles are visible?,0-12,13-18,19-24,25 or more,A,medium,clear,diagonal_streak,blue_stain,fibers,upper_left,blue,12,0-12,light edge clogging,count now,63
mpq_0296c9e1e09d35,mem_scene_00246,images/mem_scene_00246.png,clogging_state,Which membrane clogging pattern best describes this field?,open pores,light edge clogging,central mat clogging,patchy multi-zone clogging,B,medium,clear,diagonal_streak,blue_stain,fibers,upper_left,blue,12,9 or more,light edge clogging,count now,63
mpq_a41243490d5474,mem_scene_00246,images/mem_scene_00246.png,qc_action,What is the best next triage action for this field of view?,count now,reimage focus,dilute and refilter,manual review,A,medium,clear,diagonal_streak,blue_stain,fibers,upper_left,blue,12,9 or more,light edge clogging,count now,63
mpq_64f47924ac4a8d,mem_scene_00247,images/mem_scene_00247.png,dominant_particle_family,Which suspicious particle family is most common in this membrane field?,fibers,fragments,beads,films,B,easy,biofilm,edge_loaded,blue_stain,fragments,upper_right,black,3,3-5,patchy multi-zone clogging,manual review,26
mpq_0f04813d3f957f,mem_scene_00247,images/mem_scene_00247.png,hotspot_quadrant,Which quadrant contains the densest suspicious-particle hotspot?,upper left,upper right,lower left,lower right,B,easy,biofilm,edge_loaded,blue_stain,fragments,upper_right,black,3,3-5,patchy multi-zone clogging,manual review,26
mpq_c2dfe8f8a7b5fd,mem_scene_00247,images/mem_scene_00247.png,fiber_tint,What tint is most common among the visible fibers?,blue,red,black,clear or pale,C,easy,biofilm,edge_loaded,blue_stain,fragments,upper_right,black,3,3-5,patchy multi-zone clogging,manual review,26
mpq_965206b257d21f,mem_scene_00247,images/mem_scene_00247.png,bead_count,How many round bead-like microplastic particles are visible?,0-12,13-18,19-24,25 or more,A,easy,biofilm,edge_loaded,blue_stain,fragments,upper_right,black,3,0-12,patchy multi-zone clogging,manual review,26
mpq_a05a99086a9897,mem_scene_00247,images/mem_scene_00247.png,clogging_state,Which membrane clogging pattern best describes this field?,open pores,light edge clogging,central mat clogging,patchy multi-zone clogging,D,easy,biofilm,edge_loaded,blue_stain,fragments,upper_right,black,3,3-5,patchy multi-zone clogging,manual review,26
mpq_69e08330e6cac5,mem_scene_00247,images/mem_scene_00247.png,qc_action,What is the best next triage action for this field of view?,count now,reimage focus,dilute and refilter,manual review,D,easy,biofilm,edge_loaded,blue_stain,fragments,upper_right,black,3,3-5,patchy multi-zone clogging,manual review,26
mpq_7432e09f04e119,mem_scene_00248,images/mem_scene_00248.png,dominant_particle_family,Which suspicious particle family is most common in this membrane field?,fibers,fragments,beads,films,D,easy,clear,diagonal_streak,edge_shadow,films,lower_left,black,4,3-5,light edge clogging,manual review,35
mpq_3b83f880ad14f0,mem_scene_00248,images/mem_scene_00248.png,hotspot_quadrant,Which quadrant contains the densest suspicious-particle hotspot?,upper left,upper right,lower left,lower right,C,easy,clear,diagonal_streak,edge_shadow,films,lower_left,black,4,3-5,light edge clogging,manual review,35
mpq_4b7e46d40feada,mem_scene_00248,images/mem_scene_00248.png,fiber_tint,What tint is most common among the visible fibers?,blue,red,black,clear or pale,C,easy,clear,diagonal_streak,edge_shadow,films,lower_left,black,4,3-5,light edge clogging,manual review,35
mpq_5fd45ad9dff736,mem_scene_00248,images/mem_scene_00248.png,bead_count,How many round bead-like microplastic particles are visible?,0-12,13-18,19-24,25 or more,A,easy,clear,diagonal_streak,edge_shadow,films,lower_left,black,4,0-12,light edge clogging,manual review,35
mpq_93e595aef96aea,mem_scene_00248,images/mem_scene_00248.png,clogging_state,Which membrane clogging pattern best describes this field?,open pores,light edge clogging,central mat clogging,patchy multi-zone clogging,B,easy,clear,diagonal_streak,edge_shadow,films,lower_left,black,4,3-5,light edge clogging,manual review,35
mpq_9c938b256efcf9,mem_scene_00248,images/mem_scene_00248.png,qc_action,What is the best next triage action for this field of view?,count now,reimage focus,dilute and refilter,manual review,D,easy,clear,diagonal_streak,edge_shadow,films,lower_left,black,4,3-5,light edge clogging,manual review,35
mpq_b77923b72527e3,mem_scene_00249,images/mem_scene_00249.png,dominant_particle_family,Which suspicious particle family is most common in this membrane field?,fibers,fragments,beads,films,B,medium,low_contrast,diagonal_streak,standard,fragments,lower_right,blue,14,9 or more,central mat clogging,count now,70
mpq_6c80ea096e4858,mem_scene_00249,images/mem_scene_00249.png,hotspot_quadrant,Which quadrant contains the densest suspicious-particle hotspot?,upper left,upper right,lower left,lower right,D,medium,low_contrast,diagonal_streak,standard,fragments,lower_right,blue,14,9 or more,central mat clogging,count now,70
mpq_1002a7d2885d22,mem_scene_00249,images/mem_scene_00249.png,fiber_tint,What tint is most common among the visible fibers?,blue,red,black,clear or pale,A,medium,low_contrast,diagonal_streak,standard,fragments,lower_right,blue,14,9 or more,central mat clogging,count now,70
mpq_fe0506154454ce,mem_scene_00249,images/mem_scene_00249.png,bead_count,How many round bead-like microplastic particles are visible?,0-12,13-18,19-24,25 or more,B,medium,low_contrast,diagonal_streak,standard,fragments,lower_right,blue,14,13-18,central mat clogging,count now,70
mpq_59953da91db671,mem_scene_00249,images/mem_scene_00249.png,clogging_state,Which membrane clogging pattern best describes this field?,open pores,light edge clogging,central mat clogging,patchy multi-zone clogging,C,medium,low_contrast,diagonal_streak,standard,fragments,lower_right,blue,14,9 or more,central mat clogging,count now,70
mpq_df61c77ca19a2b,mem_scene_00249,images/mem_scene_00249.png,qc_action,What is the best next triage action for this field of view?,count now,reimage focus,dilute and refilter,manual review,B,medium,low_contrast,diagonal_streak,standard,fragments,lower_right,blue,14,9 or more,central mat clogging,reimage focus,70
mpq_f6839120dcb702,mem_scene_00250,images/mem_scene_00250.png,dominant_particle_family,Which suspicious particle family is most common in this membrane field?,fibers,fragments,beads,films,A,medium,biofilm,centered,standard,fibers,upper_right,blue,11,9 or more,light edge clogging,manual review,69
mpq_e7887535e0d6bb,mem_scene_00250,images/mem_scene_00250.png,hotspot_quadrant,Which quadrant contains the densest suspicious-particle hotspot?,upper left,upper right,lower left,lower right,B,medium,biofilm,centered,standard,fibers,upper_right,blue,11,9 or more,light edge clogging,manual review,69
mpq_13aa8782e4529d,mem_scene_00250,images/mem_scene_00250.png,fiber_tint,What tint is most common among the visible fibers?,blue,red,black,clear or pale,A,medium,biofilm,centered,standard,fibers,upper_right,blue,11,9 or more,light edge clogging,manual review,69
mpq_58d4f67d336cc1,mem_scene_00250,images/mem_scene_00250.png,bead_count,How many round bead-like microplastic particles are visible?,0-12,13-18,19-24,25 or more,A,medium,biofilm,centered,standard,fibers,upper_right,blue,11,0-12,light edge clogging,manual review,69
mpq_b1ad52dd11b7c1,mem_scene_00250,images/mem_scene_00250.png,clogging_state,Which membrane clogging pattern best describes this field?,open pores,light edge clogging,central mat clogging,patchy multi-zone clogging,B,medium,biofilm,centered,standard,fibers,upper_right,blue,11,9 or more,light edge clogging,manual review,69
mpq_5b37f28f7889e2,mem_scene_00250,images/mem_scene_00250.png,qc_action,What is the best next triage action for this field of view?,count now,reimage focus,dilute and refilter,manual review,D,medium,biofilm,centered,standard,fibers,upper_right,blue,11,9 or more,light edge clogging,manual review,69
mpq_1f7fe9860fa2c7,mem_scene_00251,images/mem_scene_00251.png,dominant_particle_family,Which suspicious particle family is most common in this membrane field?,fibers,fragments,beads,films,A,hard,overloaded,edge_loaded,standard,fibers,lower_left,red,17,9 or more,open pores,dilute and refilter,92
mpq_104647ed1f9f88,mem_scene_00251,images/mem_scene_00251.png,hotspot_quadrant,Which quadrant contains the densest suspicious-particle hotspot?,upper left,upper right,lower left,lower right,C,hard,overloaded,edge_loaded,standard,fibers,lower_left,red,17,9 or more,open pores,dilute and refilter,92
mpq_8d09b5c4908102,mem_scene_00251,images/mem_scene_00251.png,fiber_tint,What tint is most common among the visible fibers?,blue,red,black,clear or pale,B,hard,overloaded,edge_loaded,standard,fibers,lower_left,red,17,9 or more,open pores,dilute and refilter,92
mpq_dd9491941e1511,mem_scene_00251,images/mem_scene_00251.png,bead_count,How many round bead-like microplastic particles are visible?,0-12,13-18,19-24,25 or more,B,hard,overloaded,edge_loaded,standard,fibers,lower_left,red,17,13-18,open pores,dilute and refilter,92
mpq_8cd5694c531ab0,mem_scene_00251,images/mem_scene_00251.png,clogging_state,Which membrane clogging pattern best describes this field?,open pores,light edge clogging,central mat clogging,patchy multi-zone clogging,A,hard,overloaded,edge_loaded,standard,fibers,lower_left,red,17,9 or more,open pores,dilute and refilter,92
mpq_777983aa4109b9,mem_scene_00251,images/mem_scene_00251.png,qc_action,What is the best next triage action for this field of view?,count now,reimage focus,dilute and refilter,manual review,C,hard,overloaded,edge_loaded,standard,fibers,lower_left,red,17,9 or more,open pores,dilute and refilter,92
mpq_6273d1000f5963,mem_scene_00252,images/mem_scene_00252.png,dominant_particle_family,Which suspicious particle family is most common in this membrane field?,fibers,fragments,beads,films,D,medium,overloaded,edge_loaded,bubble_ring,films,upper_left,red,12,9 or more,open pores,dilute and refilter,53
mpq_2e64859cef4a12,mem_scene_00252,images/mem_scene_00252.png,hotspot_quadrant,Which quadrant contains the densest suspicious-particle hotspot?,upper left,upper right,lower left,lower right,A,medium,overloaded,edge_loaded,bubble_ring,films,upper_left,red,12,9 or more,open pores,dilute and refilter,53
mpq_56ff6f346ac13d,mem_scene_00252,images/mem_scene_00252.png,fiber_tint,What tint is most common among the visible fibers?,blue,red,black,clear or pale,B,medium,overloaded,edge_loaded,bubble_ring,films,upper_left,red,12,9 or more,open pores,dilute and refilter,53
mpq_b039fd5d5aceba,mem_scene_00252,images/mem_scene_00252.png,bead_count,How many round bead-like microplastic particles are visible?,0-12,13-18,19-24,25 or more,A,medium,overloaded,edge_loaded,bubble_ring,films,upper_left,red,12,0-12,open pores,dilute and refilter,53
mpq_a17ef27e197ff1,mem_scene_00252,images/mem_scene_00252.png,clogging_state,Which membrane clogging pattern best describes this field?,open pores,light edge clogging,central mat clogging,patchy multi-zone clogging,A,medium,overloaded,edge_loaded,bubble_ring,films,upper_left,red,12,9 or more,open pores,dilute and refilter,53
mpq_c56340c85bc07d,mem_scene_00252,images/mem_scene_00252.png,qc_action,What is the best next triage action for this field of view?,count now,reimage focus,dilute and refilter,manual review,C,medium,overloaded,edge_loaded,bubble_ring,films,upper_left,red,12,9 or more,open pores,dilute and refilter,53
mpq_14b1b8ee65d2f0,mem_scene_00253,images/mem_scene_00253.png,dominant_particle_family,Which suspicious particle family is most common in this membrane field?,fibers,fragments,beads,films,D,medium,low_contrast,edge_loaded,standard,films,upper_right,clear or pale,8,6-8,open pores,count now,66
mpq_9cc16ebe0a416c,mem_scene_00253,images/mem_scene_00253.png,hotspot_quadrant,Which quadrant contains the densest suspicious-particle hotspot?,upper left,upper right,lower left,lower right,B,medium,low_contrast,edge_loaded,standard,films,upper_right,clear or pale,8,6-8,open pores,count now,66
mpq_ec690a25d00d2d,mem_scene_00253,images/mem_scene_00253.png,fiber_tint,What tint is most common among the visible fibers?,blue,red,black,clear or pale,D,medium,low_contrast,edge_loaded,standard,films,upper_right,clear or pale,8,6-8,open pores,count now,66
mpq_dd9338df8cdf60,mem_scene_00253,images/mem_scene_00253.png,bead_count,How many round bead-like microplastic particles are visible?,0-12,13-18,19-24,25 or more,A,medium,low_contrast,edge_loaded,standard,films,upper_right,clear or pale,8,0-12,open pores,count now,66
mpq_223cb43efc2265,mem_scene_00253,images/mem_scene_00253.png,clogging_state,Which membrane clogging pattern best describes this field?,open pores,light edge clogging,central mat clogging,patchy multi-zone clogging,A,medium,low_contrast,edge_loaded,standard,films,upper_right,clear or pale,8,6-8,open pores,count now,66
mpq_9616b94571ecf9,mem_scene_00253,images/mem_scene_00253.png,qc_action,What is the best next triage action for this field of view?,count now,reimage focus,dilute and refilter,manual review,B,medium,low_contrast,edge_loaded,standard,films,upper_right,clear or pale,8,6-8,open pores,reimage focus,66
mpq_977e93406db32f,mem_scene_00254,images/mem_scene_00254.png,dominant_particle_family,Which suspicious particle family is most common in this membrane field?,fibers,fragments,beads,films,D,hard,low_contrast,edge_loaded,edge_shadow,films,lower_left,blue,16,9 or more,central mat clogging,reimage focus,90
mpq_838a795c0cb448,mem_scene_00254,images/mem_scene_00254.png,hotspot_quadrant,Which quadrant contains the densest suspicious-particle hotspot?,upper left,upper right,lower left,lower right,C,hard,low_contrast,edge_loaded,edge_shadow,films,lower_left,blue,16,9 or more,central mat clogging,reimage focus,90
mpq_c4754c109daa8c,mem_scene_00254,images/mem_scene_00254.png,fiber_tint,What tint is most common among the visible fibers?,blue,red,black,clear or pale,A,hard,low_contrast,edge_loaded,edge_shadow,films,lower_left,blue,16,9 or more,central mat clogging,reimage focus,90
mpq_7a91905b80c516,mem_scene_00254,images/mem_scene_00254.png,bead_count,How many round bead-like microplastic particles are visible?,0-12,13-18,19-24,25 or more,B,hard,low_contrast,edge_loaded,edge_shadow,films,lower_left,blue,16,13-18,central mat clogging,reimage focus,90
mpq_12178a830ecc4b,mem_scene_00254,images/mem_scene_00254.png,clogging_state,Which membrane clogging pattern best describes this field?,open pores,light edge clogging,central mat clogging,patchy multi-zone clogging,C,hard,low_contrast,edge_loaded,edge_shadow,films,lower_left,blue,16,9 or more,central mat clogging,reimage focus,90
mpq_d9f70303c1fbf6,mem_scene_00254,images/mem_scene_00254.png,qc_action,What is the best next triage action for this field of view?,count now,reimage focus,dilute and refilter,manual review,B,hard,low_contrast,edge_loaded,edge_shadow,films,lower_left,blue,16,9 or more,central mat clogging,reimage focus,90
mpq_57758c9a3527f4,mem_scene_00255,images/mem_scene_00255.png,dominant_particle_family,Which suspicious particle family is most common in this membrane field?,fibers,fragments,beads,films,D,easy,clear,edge_loaded,standard,films,lower_right,blue,3,3-5,central mat clogging,count now,38
mpq_e24c6999d27078,mem_scene_00255,images/mem_scene_00255.png,hotspot_quadrant,Which quadrant contains the densest suspicious-particle hotspot?,upper left,upper right,lower left,lower right,D,easy,clear,edge_loaded,standard,films,lower_right,blue,3,3-5,central mat clogging,count now,38
mpq_b8ac1540f37005,mem_scene_00255,images/mem_scene_00255.png,fiber_tint,What tint is most common among the visible fibers?,blue,red,black,clear or pale,A,easy,clear,edge_loaded,standard,films,lower_right,blue,3,3-5,central mat clogging,count now,38
mpq_bca679cafb3209,mem_scene_00255,images/mem_scene_00255.png,bead_count,How many round bead-like microplastic particles are visible?,0-12,13-18,19-24,25 or more,A,easy,clear,edge_loaded,standard,films,lower_right,blue,3,0-12,central mat clogging,count now,38
mpq_e66b5a224529f8,mem_scene_00255,images/mem_scene_00255.png,clogging_state,Which membrane clogging pattern best describes this field?,open pores,light edge clogging,central mat clogging,patchy multi-zone clogging,C,easy,clear,edge_loaded,standard,films,lower_right,blue,3,3-5,central mat clogging,count now,38
mpq_08ba2a88dfa88b,mem_scene_00255,images/mem_scene_00255.png,qc_action,What is the best next triage action for this field of view?,count now,reimage focus,dilute and refilter,manual review,A,easy,clear,edge_loaded,standard,films,lower_right,blue,3,3-5,central mat clogging,count now,38
mpq_35458d29a0e75d,mem_scene_00256,images/mem_scene_00256.png,dominant_particle_family,Which suspicious particle family is most common in this membrane field?,fibers,fragments,beads,films,A,hard,overloaded,ring_bias,standard,fibers,lower_left,blue,17,9 or more,patchy multi-zone clogging,dilute and refilter,108
mpq_51823330c7f7d5,mem_scene_00256,images/mem_scene_00256.png,hotspot_quadrant,Which quadrant contains the densest suspicious-particle hotspot?,upper left,upper right,lower left,lower right,C,hard,overloaded,ring_bias,standard,fibers,lower_left,blue,17,9 or more,patchy multi-zone clogging,dilute and refilter,108
mpq_d5ef436012c430,mem_scene_00256,images/mem_scene_00256.png,fiber_tint,What tint is most common among the visible fibers?,blue,red,black,clear or pale,A,hard,overloaded,ring_bias,standard,fibers,lower_left,blue,17,9 or more,patchy multi-zone clogging,dilute and refilter,108
mpq_1f8c45b792dc59,mem_scene_00256,images/mem_scene_00256.png,bead_count,How many round bead-like microplastic particles are visible?,0-12,13-18,19-24,25 or more,B,hard,overloaded,ring_bias,standard,fibers,lower_left,blue,17,13-18,patchy multi-zone clogging,dilute and refilter,108
mpq_d4fb49f515333c,mem_scene_00256,images/mem_scene_00256.png,clogging_state,Which membrane clogging pattern best describes this field?,open pores,light edge clogging,central mat clogging,patchy multi-zone clogging,D,hard,overloaded,ring_bias,standard,fibers,lower_left,blue,17,9 or more,patchy multi-zone clogging,dilute and refilter,108
mpq_5aa0003efcda97,mem_scene_00256,images/mem_scene_00256.png,qc_action,What is the best next triage action for this field of view?,count now,reimage focus,dilute and refilter,manual review,C,hard,overloaded,ring_bias,standard,fibers,lower_left,blue,17,9 or more,patchy multi-zone clogging,dilute and refilter,108
mpq_2ef873f2d1b999,mem_scene_00257,images/mem_scene_00257.png,dominant_particle_family,Which suspicious particle family is most common in this membrane field?,fibers,fragments,beads,films,D,easy,biofilm,diagonal_streak,standard,films,upper_left,blue,8,6-8,open pores,manual review,41
mpq_95cf45305f7cfb,mem_scene_00257,images/mem_scene_00257.png,hotspot_quadrant,Which quadrant contains the densest suspicious-particle hotspot?,upper left,upper right,lower left,lower right,A,easy,biofilm,diagonal_streak,standard,films,upper_left,blue,8,6-8,open pores,manual review,41
mpq_9cb109649d50d7,mem_scene_00257,images/mem_scene_00257.png,fiber_tint,What tint is most common among the visible fibers?,blue,red,black,clear or pale,A,easy,biofilm,diagonal_streak,standard,films,upper_left,blue,8,6-8,open pores,manual review,41
mpq_194c68c6b5a09c,mem_scene_00257,images/mem_scene_00257.png,bead_count,How many round bead-like microplastic particles are visible?,0-12,13-18,19-24,25 or more,A,easy,biofilm,diagonal_streak,standard,films,upper_left,blue,8,0-12,open pores,manual review,41
mpq_2a6b9674e4159c,mem_scene_00257,images/mem_scene_00257.png,clogging_state,Which membrane clogging pattern best describes this field?,open pores,light edge clogging,central mat clogging,patchy multi-zone clogging,A,easy,biofilm,diagonal_streak,standard,films,upper_left,blue,8,6-8,open pores,manual review,41
mpq_b08d32b7f93679,mem_scene_00257,images/mem_scene_00257.png,qc_action,What is the best next triage action for this field of view?,count now,reimage focus,dilute and refilter,manual review,D,easy,biofilm,diagonal_streak,standard,films,upper_left,blue,8,6-8,open pores,manual review,41
mpq_f22fea4e0f0784,mem_scene_00258,images/mem_scene_00258.png,dominant_particle_family,Which suspicious particle family is most common in this membrane field?,fibers,fragments,beads,films,D,easy,biofilm,ring_bias,bubble_ring,films,upper_right,clear or pale,4,3-5,open pores,manual review,25
mpq_5343b65c452031,mem_scene_00258,images/mem_scene_00258.png,hotspot_quadrant,Which quadrant contains the densest suspicious-particle hotspot?,upper left,upper right,lower left,lower right,B,easy,biofilm,ring_bias,bubble_ring,films,upper_right,clear or pale,4,3-5,open pores,manual review,25
mpq_a63cc3e3835087,mem_scene_00258,images/mem_scene_00258.png,fiber_tint,What tint is most common among the visible fibers?,blue,red,black,clear or pale,D,easy,biofilm,ring_bias,bubble_ring,films,upper_right,clear or pale,4,3-5,open pores,manual review,25
mpq_13fdb7836022f5,mem_scene_00258,images/mem_scene_00258.png,bead_count,How many round bead-like microplastic particles are visible?,0-12,13-18,19-24,25 or more,A,easy,biofilm,ring_bias,bubble_ring,films,upper_right,clear or pale,4,0-12,open pores,manual review,25
mpq_563cc877d682f3,mem_scene_00258,images/mem_scene_00258.png,clogging_state,Which membrane clogging pattern best describes this field?,open pores,light edge clogging,central mat clogging,patchy multi-zone clogging,A,easy,biofilm,ring_bias,bubble_ring,films,upper_right,clear or pale,4,3-5,open pores,manual review,25
mpq_0dcf3e1b36e89b,mem_scene_00258,images/mem_scene_00258.png,qc_action,What is the best next triage action for this field of view?,count now,reimage focus,dilute and refilter,manual review,D,easy,biofilm,ring_bias,bubble_ring,films,upper_right,clear or pale,4,3-5,open pores,manual review,25
mpq_e48290991580ca,mem_scene_00259,images/mem_scene_00259.png,dominant_particle_family,Which suspicious particle family is most common in this membrane field?,fibers,fragments,beads,films,B,medium,overloaded,centered,bubble_ring,fragments,upper_left,red,15,9 or more,open pores,dilute and refilter,69
mpq_32d3dd80202610,mem_scene_00259,images/mem_scene_00259.png,hotspot_quadrant,Which quadrant contains the densest suspicious-particle hotspot?,upper left,upper right,lower left,lower right,A,medium,overloaded,centered,bubble_ring,fragments,upper_left,red,15,9 or more,open pores,dilute and refilter,69
mpq_d17a4aff2b0533,mem_scene_00259,images/mem_scene_00259.png,fiber_tint,What tint is most common among the visible fibers?,blue,red,black,clear or pale,B,medium,overloaded,centered,bubble_ring,fragments,upper_left,red,15,9 or more,open pores,dilute and refilter,69
mpq_dd87c740b32792,mem_scene_00259,images/mem_scene_00259.png,bead_count,How many round bead-like microplastic particles are visible?,0-12,13-18,19-24,25 or more,B,medium,overloaded,centered,bubble_ring,fragments,upper_left,red,15,13-18,open pores,dilute and refilter,69
mpq_ab67196dd7e08a,mem_scene_00259,images/mem_scene_00259.png,clogging_state,Which membrane clogging pattern best describes this field?,open pores,light edge clogging,central mat clogging,patchy multi-zone clogging,A,medium,overloaded,centered,bubble_ring,fragments,upper_left,red,15,9 or more,open pores,dilute and refilter,69
mpq_2f89ba9b93f60b,mem_scene_00259,images/mem_scene_00259.png,qc_action,What is the best next triage action for this field of view?,count now,reimage focus,dilute and refilter,manual review,C,medium,overloaded,centered,bubble_ring,fragments,upper_left,red,15,9 or more,open pores,dilute and refilter,69
mpq_12548915ab3160,mem_scene_00260,images/mem_scene_00260.png,dominant_particle_family,Which suspicious particle family is most common in this membrane field?,fibers,fragments,beads,films,C,hard,clear,ring_bias,standard,beads,upper_right,black,43,9 or more,patchy multi-zone clogging,dilute and refilter,104
mpq_276c44a2cdaf87,mem_scene_00260,images/mem_scene_00260.png,hotspot_quadrant,Which quadrant contains the densest suspicious-particle hotspot?,upper left,upper right,lower left,lower right,B,hard,clear,ring_bias,standard,beads,upper_right,black,43,9 or more,patchy multi-zone clogging,dilute and refilter,104
mpq_d1b51ff7170570,mem_scene_00260,images/mem_scene_00260.png,fiber_tint,What tint is most common among the visible fibers?,blue,red,black,clear or pale,C,hard,clear,ring_bias,standard,beads,upper_right,black,43,9 or more,patchy multi-zone clogging,dilute and refilter,104
mpq_6f0176369e2cf3,mem_scene_00260,images/mem_scene_00260.png,bead_count,How many round bead-like microplastic particles are visible?,0-12,13-18,19-24,25 or more,D,hard,clear,ring_bias,standard,beads,upper_right,black,43,25 or more,patchy multi-zone clogging,dilute and refilter,104
mpq_31adc00e4f5e92,mem_scene_00260,images/mem_scene_00260.png,clogging_state,Which membrane clogging pattern best describes this field?,open pores,light edge clogging,central mat clogging,patchy multi-zone clogging,D,hard,clear,ring_bias,standard,beads,upper_right,black,43,9 or more,patchy multi-zone clogging,dilute and refilter,104
mpq_4fcc56c3468c13,mem_scene_00260,images/mem_scene_00260.png,qc_action,What is the best next triage action for this field of view?,count now,reimage focus,dilute and refilter,manual review,C,hard,clear,ring_bias,standard,beads,upper_right,black,43,9 or more,patchy multi-zone clogging,dilute and refilter,104
mpq_c87d87be774406,mem_scene_00261,images/mem_scene_00261.png,dominant_particle_family,Which suspicious particle family is most common in this membrane field?,fibers,fragments,beads,films,B,medium,clear,centered,bubble_ring,fragments,upper_left,blue,15,9 or more,open pores,manual review,69
mpq_b00e4b84e6f9a1,mem_scene_00261,images/mem_scene_00261.png,hotspot_quadrant,Which quadrant contains the densest suspicious-particle hotspot?,upper left,upper right,lower left,lower right,A,medium,clear,centered,bubble_ring,fragments,upper_left,blue,15,9 or more,open pores,manual review,69
mpq_ddcc0c25060dfc,mem_scene_00261,images/mem_scene_00261.png,fiber_tint,What tint is most common among the visible fibers?,blue,red,black,clear or pale,A,medium,clear,centered,bubble_ring,fragments,upper_left,blue,15,9 or more,open pores,manual review,69
mpq_2e94227843239e,mem_scene_00261,images/mem_scene_00261.png,bead_count,How many round bead-like microplastic particles are visible?,0-12,13-18,19-24,25 or more,B,medium,clear,centered,bubble_ring,fragments,upper_left,blue,15,13-18,open pores,manual review,69
mpq_5b12ce3faa848c,mem_scene_00261,images/mem_scene_00261.png,clogging_state,Which membrane clogging pattern best describes this field?,open pores,light edge clogging,central mat clogging,patchy multi-zone clogging,A,medium,clear,centered,bubble_ring,fragments,upper_left,blue,15,9 or more,open pores,manual review,69
mpq_0b629b6b9a6434,mem_scene_00261,images/mem_scene_00261.png,qc_action,What is the best next triage action for this field of view?,count now,reimage focus,dilute and refilter,manual review,D,medium,clear,centered,bubble_ring,fragments,upper_left,blue,15,9 or more,open pores,manual review,69
mpq_b784e05711c25a,mem_scene_00262,images/mem_scene_00262.png,dominant_particle_family,Which suspicious particle family is most common in this membrane field?,fibers,fragments,beads,films,D,medium,clear,centered,bubble_ring,films,upper_left,blue,18,9 or more,central mat clogging,manual review,60
mpq_12f0f784c9c7f1,mem_scene_00262,images/mem_scene_00262.png,hotspot_quadrant,Which quadrant contains the densest suspicious-particle hotspot?,upper left,upper right,lower left,lower right,A,medium,clear,centered,bubble_ring,films,upper_left,blue,18,9 or more,central mat clogging,manual review,60
mpq_0f14a778df9f49,mem_scene_00262,images/mem_scene_00262.png,fiber_tint,What tint is most common among the visible fibers?,blue,red,black,clear or pale,A,medium,clear,centered,bubble_ring,films,upper_left,blue,18,9 or more,central mat clogging,manual review,60
mpq_f9a16222c12da0,mem_scene_00262,images/mem_scene_00262.png,bead_count,How many round bead-like microplastic particles are visible?,0-12,13-18,19-24,25 or more,B,medium,clear,centered,bubble_ring,films,upper_left,blue,18,13-18,central mat clogging,manual review,60
mpq_a2b243b234c3aa,mem_scene_00262,images/mem_scene_00262.png,clogging_state,Which membrane clogging pattern best describes this field?,open pores,light edge clogging,central mat clogging,patchy multi-zone clogging,C,medium,clear,centered,bubble_ring,films,upper_left,blue,18,9 or more,central mat clogging,manual review,60
mpq_b8b6b0cc18f92d,mem_scene_00262,images/mem_scene_00262.png,qc_action,What is the best next triage action for this field of view?,count now,reimage focus,dilute and refilter,manual review,D,medium,clear,centered,bubble_ring,films,upper_left,blue,18,9 or more,central mat clogging,manual review,60
mpq_06f506875a6a10,mem_scene_00263,images/mem_scene_00263.png,dominant_particle_family,Which suspicious particle family is most common in this membrane field?,fibers,fragments,beads,films,C,hard,clear,diagonal_streak,standard,beads,lower_right,clear or pale,42,9 or more,central mat clogging,dilute and refilter,90
mpq_68349fb6be12c2,mem_scene_00263,images/mem_scene_00263.png,hotspot_quadrant,Which quadrant contains the densest suspicious-particle hotspot?,upper left,upper right,lower left,lower right,D,hard,clear,diagonal_streak,standard,beads,lower_right,clear or pale,42,9 or more,central mat clogging,dilute and refilter,90
mpq_68c10ed1e88b20,mem_scene_00263,images/mem_scene_00263.png,fiber_tint,What tint is most common among the visible fibers?,blue,red,black,clear or pale,D,hard,clear,diagonal_streak,standard,beads,lower_right,clear or pale,42,9 or more,central mat clogging,dilute and refilter,90
mpq_93813632cf6b24,mem_scene_00263,images/mem_scene_00263.png,bead_count,How many round bead-like microplastic particles are visible?,0-12,13-18,19-24,25 or more,D,hard,clear,diagonal_streak,standard,beads,lower_right,clear or pale,42,25 or more,central mat clogging,dilute and refilter,90
mpq_920ca086a1c177,mem_scene_00263,images/mem_scene_00263.png,clogging_state,Which membrane clogging pattern best describes this field?,open pores,light edge clogging,central mat clogging,patchy multi-zone clogging,C,hard,clear,diagonal_streak,standard,beads,lower_right,clear or pale,42,9 or more,central mat clogging,dilute and refilter,90
mpq_b7ab4838bed899,mem_scene_00263,images/mem_scene_00263.png,qc_action,What is the best next triage action for this field of view?,count now,reimage focus,dilute and refilter,manual review,C,hard,clear,diagonal_streak,standard,beads,lower_right,clear or pale,42,9 or more,central mat clogging,dilute and refilter,90
mpq_fb34484b7ff261,mem_scene_00264,images/mem_scene_00264.png,dominant_particle_family,Which suspicious particle family is most common in this membrane field?,fibers,fragments,beads,films,A,easy,clear,ring_bias,standard,fibers,upper_right,blue,9,9 or more,central mat clogging,count now,36
mpq_5e3c655d190e03,mem_scene_00264,images/mem_scene_00264.png,hotspot_quadrant,Which quadrant contains the densest suspicious-particle hotspot?,upper left,upper right,lower left,lower right,B,easy,clear,ring_bias,standard,fibers,upper_right,blue,9,9 or more,central mat clogging,count now,36
mpq_27694eb022b0d9,mem_scene_00264,images/mem_scene_00264.png,fiber_tint,What tint is most common among the visible fibers?,blue,red,black,clear or pale,A,easy,clear,ring_bias,standard,fibers,upper_right,blue,9,9 or more,central mat clogging,count now,36
mpq_6ca4c54de226a4,mem_scene_00264,images/mem_scene_00264.png,bead_count,How many round bead-like microplastic particles are visible?,0-12,13-18,19-24,25 or more,A,easy,clear,ring_bias,standard,fibers,upper_right,blue,9,0-12,central mat clogging,count now,36
mpq_e59c33f2bb8617,mem_scene_00264,images/mem_scene_00264.png,clogging_state,Which membrane clogging pattern best describes this field?,open pores,light edge clogging,central mat clogging,patchy multi-zone clogging,C,easy,clear,ring_bias,standard,fibers,upper_right,blue,9,9 or more,central mat clogging,count now,36
mpq_567346ee65b8fd,mem_scene_00264,images/mem_scene_00264.png,qc_action,What is the best next triage action for this field of view?,count now,reimage focus,dilute and refilter,manual review,A,easy,clear,ring_bias,standard,fibers,upper_right,blue,9,9 or more,central mat clogging,count now,36
mpq_15a27b069251d5,mem_scene_00265,images/mem_scene_00265.png,dominant_particle_family,Which suspicious particle family is most common in this membrane field?,fibers,fragments,beads,films,D,easy,biofilm,centered,blue_stain,films,upper_right,clear or pale,4,3-5,open pores,manual review,27
mpq_c1bdb55971a78c,mem_scene_00265,images/mem_scene_00265.png,hotspot_quadrant,Which quadrant contains the densest suspicious-particle hotspot?,upper left,upper right,lower left,lower right,B,easy,biofilm,centered,blue_stain,films,upper_right,clear or pale,4,3-5,open pores,manual review,27
mpq_7a275fb7bf7648,mem_scene_00265,images/mem_scene_00265.png,fiber_tint,What tint is most common among the visible fibers?,blue,red,black,clear or pale,D,easy,biofilm,centered,blue_stain,films,upper_right,clear or pale,4,3-5,open pores,manual review,27
mpq_14c9d6c8016e1a,mem_scene_00265,images/mem_scene_00265.png,bead_count,How many round bead-like microplastic particles are visible?,0-12,13-18,19-24,25 or more,A,easy,biofilm,centered,blue_stain,films,upper_right,clear or pale,4,0-12,open pores,manual review,27
mpq_9028889e32142a,mem_scene_00265,images/mem_scene_00265.png,clogging_state,Which membrane clogging pattern best describes this field?,open pores,light edge clogging,central mat clogging,patchy multi-zone clogging,A,easy,biofilm,centered,blue_stain,films,upper_right,clear or pale,4,3-5,open pores,manual review,27
mpq_29b68b3f9fdee1,mem_scene_00265,images/mem_scene_00265.png,qc_action,What is the best next triage action for this field of view?,count now,reimage focus,dilute and refilter,manual review,D,easy,biofilm,centered,blue_stain,films,upper_right,clear or pale,4,3-5,open pores,manual review,27
mpq_2afad7dd7efed7,mem_scene_00266,images/mem_scene_00266.png,dominant_particle_family,Which suspicious particle family is most common in this membrane field?,fibers,fragments,beads,films,A,easy,overloaded,edge_loaded,blue_stain,fibers,lower_right,clear or pale,4,3-5,patchy multi-zone clogging,dilute and refilter,35
mpq_217e2357c08a3d,mem_scene_00266,images/mem_scene_00266.png,hotspot_quadrant,Which quadrant contains the densest suspicious-particle hotspot?,upper left,upper right,lower left,lower right,D,easy,overloaded,edge_loaded,blue_stain,fibers,lower_right,clear or pale,4,3-5,patchy multi-zone clogging,dilute and refilter,35
mpq_e1a27eed4bf551,mem_scene_00266,images/mem_scene_00266.png,fiber_tint,What tint is most common among the visible fibers?,blue,red,black,clear or pale,D,easy,overloaded,edge_loaded,blue_stain,fibers,lower_right,clear or pale,4,3-5,patchy multi-zone clogging,dilute and refilter,35
mpq_ddefe3bdfd46da,mem_scene_00266,images/mem_scene_00266.png,bead_count,How many round bead-like microplastic particles are visible?,0-12,13-18,19-24,25 or more,A,easy,overloaded,edge_loaded,blue_stain,fibers,lower_right,clear or pale,4,0-12,patchy multi-zone clogging,dilute and refilter,35
mpq_650eb73eae15b4,mem_scene_00266,images/mem_scene_00266.png,clogging_state,Which membrane clogging pattern best describes this field?,open pores,light edge clogging,central mat clogging,patchy multi-zone clogging,D,easy,overloaded,edge_loaded,blue_stain,fibers,lower_right,clear or pale,4,3-5,patchy multi-zone clogging,dilute and refilter,35
mpq_0ce501ca2dc83e,mem_scene_00266,images/mem_scene_00266.png,qc_action,What is the best next triage action for this field of view?,count now,reimage focus,dilute and refilter,manual review,C,easy,overloaded,edge_loaded,blue_stain,fibers,lower_right,clear or pale,4,3-5,patchy multi-zone clogging,dilute and refilter,35
mpq_13196185fa6244,mem_scene_00267,images/mem_scene_00267.png,dominant_particle_family,Which suspicious particle family is most common in this membrane field?,fibers,fragments,beads,films,D,medium,low_contrast,centered,standard,films,upper_right,blue,7,6-8,open pores,count now,58
mpq_2d311bd4327fbc,mem_scene_00267,images/mem_scene_00267.png,hotspot_quadrant,Which quadrant contains the densest suspicious-particle hotspot?,upper left,upper right,lower left,lower right,B,medium,low_contrast,centered,standard,films,upper_right,blue,7,6-8,open pores,count now,58
mpq_2f8fe524474757,mem_scene_00267,images/mem_scene_00267.png,fiber_tint,What tint is most common among the visible fibers?,blue,red,black,clear or pale,A,medium,low_contrast,centered,standard,films,upper_right,blue,7,6-8,open pores,count now,58
mpq_3fb011080f546d,mem_scene_00267,images/mem_scene_00267.png,bead_count,How many round bead-like microplastic particles are visible?,0-12,13-18,19-24,25 or more,A,medium,low_contrast,centered,standard,films,upper_right,blue,7,0-12,open pores,count now,58
mpq_6f8d5b551f0bee,mem_scene_00267,images/mem_scene_00267.png,clogging_state,Which membrane clogging pattern best describes this field?,open pores,light edge clogging,central mat clogging,patchy multi-zone clogging,A,medium,low_contrast,centered,standard,films,upper_right,blue,7,6-8,open pores,count now,58
mpq_3b884416954129,mem_scene_00267,images/mem_scene_00267.png,qc_action,What is the best next triage action for this field of view?,count now,reimage focus,dilute and refilter,manual review,B,medium,low_contrast,centered,standard,films,upper_right,blue,7,6-8,open pores,reimage focus,58
mpq_da917b89c96a2a,mem_scene_00268,images/mem_scene_00268.png,dominant_particle_family,Which suspicious particle family is most common in this membrane field?,fibers,fragments,beads,films,A,hard,clear,ring_bias,blue_stain,fibers,lower_left,blue,22,9 or more,light edge clogging,count now,110
mpq_c2c7dd61ba49f8,mem_scene_00268,images/mem_scene_00268.png,hotspot_quadrant,Which quadrant contains the densest suspicious-particle hotspot?,upper left,upper right,lower left,lower right,C,hard,clear,ring_bias,blue_stain,fibers,lower_left,blue,22,9 or more,light edge clogging,count now,110
mpq_0fe11ee8457902,mem_scene_00268,images/mem_scene_00268.png,fiber_tint,What tint is most common among the visible fibers?,blue,red,black,clear or pale,A,hard,clear,ring_bias,blue_stain,fibers,lower_left,blue,22,9 or more,light edge clogging,count now,110
mpq_656434f73627c2,mem_scene_00268,images/mem_scene_00268.png,bead_count,How many round bead-like microplastic particles are visible?,0-12,13-18,19-24,25 or more,C,hard,clear,ring_bias,blue_stain,fibers,lower_left,blue,22,19-24,light edge clogging,count now,110
mpq_4107b4caf5ddca,mem_scene_00268,images/mem_scene_00268.png,clogging_state,Which membrane clogging pattern best describes this field?,open pores,light edge clogging,central mat clogging,patchy multi-zone clogging,B,hard,clear,ring_bias,blue_stain,fibers,lower_left,blue,22,9 or more,light edge clogging,count now,110
mpq_ad01f9fd63ad92,mem_scene_00268,images/mem_scene_00268.png,qc_action,What is the best next triage action for this field of view?,count now,reimage focus,dilute and refilter,manual review,A,hard,clear,ring_bias,blue_stain,fibers,lower_left,blue,22,9 or more,light edge clogging,count now,110
mpq_eb7aa52b1d2513,mem_scene_00269,images/mem_scene_00269.png,dominant_particle_family,Which suspicious particle family is most common in this membrane field?,fibers,fragments,beads,films,D,medium,clear,edge_loaded,edge_shadow,films,lower_right,blue,12,9 or more,open pores,manual review,64
mpq_3d833a4f56cdb4,mem_scene_00269,images/mem_scene_00269.png,hotspot_quadrant,Which quadrant contains the densest suspicious-particle hotspot?,upper left,upper right,lower left,lower right,D,medium,clear,edge_loaded,edge_shadow,films,lower_right,blue,12,9 or more,open pores,manual review,64
mpq_e31c301737427f,mem_scene_00269,images/mem_scene_00269.png,fiber_tint,What tint is most common among the visible fibers?,blue,red,black,clear or pale,A,medium,clear,edge_loaded,edge_shadow,films,lower_right,blue,12,9 or more,open pores,manual review,64
mpq_861aa1caa2a84a,mem_scene_00269,images/mem_scene_00269.png,bead_count,How many round bead-like microplastic particles are visible?,0-12,13-18,19-24,25 or more,A,medium,clear,edge_loaded,edge_shadow,films,lower_right,blue,12,0-12,open pores,manual review,64
mpq_c4901b4787e291,mem_scene_00269,images/mem_scene_00269.png,clogging_state,Which membrane clogging pattern best describes this field?,open pores,light edge clogging,central mat clogging,patchy multi-zone clogging,A,medium,clear,edge_loaded,edge_shadow,films,lower_right,blue,12,9 or more,open pores,manual review,64
mpq_1bd3f89732119b,mem_scene_00269,images/mem_scene_00269.png,qc_action,What is the best next triage action for this field of view?,count now,reimage focus,dilute and refilter,manual review,D,medium,clear,edge_loaded,edge_shadow,films,lower_right,blue,12,9 or more,open pores,manual review,64
mpq_627f5919b9a537,mem_scene_00270,images/mem_scene_00270.png,dominant_particle_family,Which suspicious particle family is most common in this membrane field?,fibers,fragments,beads,films,B,medium,clear,centered,standard,fragments,lower_left,blue,10,9 or more,open pores,count now,50
mpq_a4ff546f3a5a8e,mem_scene_00270,images/mem_scene_00270.png,hotspot_quadrant,Which quadrant contains the densest suspicious-particle hotspot?,upper left,upper right,lower left,lower right,C,medium,clear,centered,standard,fragments,lower_left,blue,10,9 or more,open pores,count now,50
mpq_0550dda0387443,mem_scene_00270,images/mem_scene_00270.png,fiber_tint,What tint is most common among the visible fibers?,blue,red,black,clear or pale,A,medium,clear,centered,standard,fragments,lower_left,blue,10,9 or more,open pores,count now,50
mpq_9603c99fd81888,mem_scene_00270,images/mem_scene_00270.png,bead_count,How many round bead-like microplastic particles are visible?,0-12,13-18,19-24,25 or more,A,medium,clear,centered,standard,fragments,lower_left,blue,10,0-12,open pores,count now,50
mpq_bf353b35bf0fb6,mem_scene_00270,images/mem_scene_00270.png,clogging_state,Which membrane clogging pattern best describes this field?,open pores,light edge clogging,central mat clogging,patchy multi-zone clogging,A,medium,clear,centered,standard,fragments,lower_left,blue,10,9 or more,open pores,count now,50
mpq_9f7c2daf710cd3,mem_scene_00270,images/mem_scene_00270.png,qc_action,What is the best next triage action for this field of view?,count now,reimage focus,dilute and refilter,manual review,A,medium,clear,centered,standard,fragments,lower_left,blue,10,9 or more,open pores,count now,50
mpq_024c1b91eb1294,mem_scene_00271,images/mem_scene_00271.png,dominant_particle_family,Which suspicious particle family is most common in this membrane field?,fibers,fragments,beads,films,B,hard,biofilm,ring_bias,standard,fragments,upper_left,red,22,9 or more,light edge clogging,manual review,100
mpq_c41c143a7a7b6d,mem_scene_00271,images/mem_scene_00271.png,hotspot_quadrant,Which quadrant contains the densest suspicious-particle hotspot?,upper left,upper right,lower left,lower right,A,hard,biofilm,ring_bias,standard,fragments,upper_left,red,22,9 or more,light edge clogging,manual review,100
mpq_0730f0522234b7,mem_scene_00271,images/mem_scene_00271.png,fiber_tint,What tint is most common among the visible fibers?,blue,red,black,clear or pale,B,hard,biofilm,ring_bias,standard,fragments,upper_left,red,22,9 or more,light edge clogging,manual review,100
mpq_520f69d9b8f10f,mem_scene_00271,images/mem_scene_00271.png,bead_count,How many round bead-like microplastic particles are visible?,0-12,13-18,19-24,25 or more,C,hard,biofilm,ring_bias,standard,fragments,upper_left,red,22,19-24,light edge clogging,manual review,100
mpq_00c6d63188d671,mem_scene_00271,images/mem_scene_00271.png,clogging_state,Which membrane clogging pattern best describes this field?,open pores,light edge clogging,central mat clogging,patchy multi-zone clogging,B,hard,biofilm,ring_bias,standard,fragments,upper_left,red,22,9 or more,light edge clogging,manual review,100
mpq_c95a84d5f0b4fb,mem_scene_00271,images/mem_scene_00271.png,qc_action,What is the best next triage action for this field of view?,count now,reimage focus,dilute and refilter,manual review,D,hard,biofilm,ring_bias,standard,fragments,upper_left,red,22,9 or more,light edge clogging,manual review,100
mpq_467a3bbca74ccf,mem_scene_00272,images/mem_scene_00272.png,dominant_particle_family,Which suspicious particle family is most common in this membrane field?,fibers,fragments,beads,films,B,medium,low_contrast,centered,bubble_ring,fragments,upper_right,blue,9,9 or more,light edge clogging,manual review,53
mpq_2e37e8820eb391,mem_scene_00272,images/mem_scene_00272.png,hotspot_quadrant,Which quadrant contains the densest suspicious-particle hotspot?,upper left,upper right,lower left,lower right,B,medium,low_contrast,centered,bubble_ring,fragments,upper_right,blue,9,9 or more,light edge clogging,manual review,53
mpq_b1c3ab5eb12ae0,mem_scene_00272,images/mem_scene_00272.png,fiber_tint,What tint is most common among the visible fibers?,blue,red,black,clear or pale,A,medium,low_contrast,centered,bubble_ring,fragments,upper_right,blue,9,9 or more,light edge clogging,manual review,53
mpq_d1983c489694b4,mem_scene_00272,images/mem_scene_00272.png,bead_count,How many round bead-like microplastic particles are visible?,0-12,13-18,19-24,25 or more,A,medium,low_contrast,centered,bubble_ring,fragments,upper_right,blue,9,0-12,light edge clogging,manual review,53
mpq_4f438cb67e3364,mem_scene_00272,images/mem_scene_00272.png,clogging_state,Which membrane clogging pattern best describes this field?,open pores,light edge clogging,central mat clogging,patchy multi-zone clogging,B,medium,low_contrast,centered,bubble_ring,fragments,upper_right,blue,9,9 or more,light edge clogging,manual review,53
mpq_a0dc30327ec0b7,mem_scene_00272,images/mem_scene_00272.png,qc_action,What is the best next triage action for this field of view?,count now,reimage focus,dilute and refilter,manual review,B,medium,low_contrast,centered,bubble_ring,fragments,upper_right,blue,9,9 or more,light edge clogging,reimage focus,53
mpq_ee0c70c7f6877c,mem_scene_00273,images/mem_scene_00273.png,dominant_particle_family,Which suspicious particle family is most common in this membrane field?,fibers,fragments,beads,films,D,easy,clear,centered,bubble_ring,films,lower_right,blue,6,6-8,patchy multi-zone clogging,manual review,36
mpq_6f2c678356674c,mem_scene_00273,images/mem_scene_00273.png,hotspot_quadrant,Which quadrant contains the densest suspicious-particle hotspot?,upper left,upper right,lower left,lower right,D,easy,clear,centered,bubble_ring,films,lower_right,blue,6,6-8,patchy multi-zone clogging,manual review,36
mpq_4cbe4a7f17cd4b,mem_scene_00273,images/mem_scene_00273.png,fiber_tint,What tint is most common among the visible fibers?,blue,red,black,clear or pale,A,easy,clear,centered,bubble_ring,films,lower_right,blue,6,6-8,patchy multi-zone clogging,manual review,36
mpq_55607825f892e2,mem_scene_00273,images/mem_scene_00273.png,bead_count,How many round bead-like microplastic particles are visible?,0-12,13-18,19-24,25 or more,A,easy,clear,centered,bubble_ring,films,lower_right,blue,6,0-12,patchy multi-zone clogging,manual review,36
mpq_e53dcc32dc3bd1,mem_scene_00273,images/mem_scene_00273.png,clogging_state,Which membrane clogging pattern best describes this field?,open pores,light edge clogging,central mat clogging,patchy multi-zone clogging,D,easy,clear,centered,bubble_ring,films,lower_right,blue,6,6-8,patchy multi-zone clogging,manual review,36
mpq_e43eb80794ef60,mem_scene_00273,images/mem_scene_00273.png,qc_action,What is the best next triage action for this field of view?,count now,reimage focus,dilute and refilter,manual review,D,easy,clear,centered,bubble_ring,films,lower_right,blue,6,6-8,patchy multi-zone clogging,manual review,36
mpq_ff7f2857b55ca7,mem_scene_00274,images/mem_scene_00274.png,dominant_particle_family,Which suspicious particle family is most common in this membrane field?,fibers,fragments,beads,films,D,medium,overloaded,edge_loaded,standard,films,lower_left,blue,11,9 or more,patchy multi-zone clogging,dilute and refilter,61
mpq_8cbc290e6e436f,mem_scene_00274,images/mem_scene_00274.png,hotspot_quadrant,Which quadrant contains the densest suspicious-particle hotspot?,upper left,upper right,lower left,lower right,C,medium,overloaded,edge_loaded,standard,films,lower_left,blue,11,9 or more,patchy multi-zone clogging,dilute and refilter,61
mpq_e24c25d5db7d95,mem_scene_00274,images/mem_scene_00274.png,fiber_tint,What tint is most common among the visible fibers?,blue,red,black,clear or pale,A,medium,overloaded,edge_loaded,standard,films,lower_left,blue,11,9 or more,patchy multi-zone clogging,dilute and refilter,61
mpq_48ad39a57e5893,mem_scene_00274,images/mem_scene_00274.png,bead_count,How many round bead-like microplastic particles are visible?,0-12,13-18,19-24,25 or more,A,medium,overloaded,edge_loaded,standard,films,lower_left,blue,11,0-12,patchy multi-zone clogging,dilute and refilter,61
mpq_602353edecd9b8,mem_scene_00274,images/mem_scene_00274.png,clogging_state,Which membrane clogging pattern best describes this field?,open pores,light edge clogging,central mat clogging,patchy multi-zone clogging,D,medium,overloaded,edge_loaded,standard,films,lower_left,blue,11,9 or more,patchy multi-zone clogging,dilute and refilter,61
mpq_0d1ae807c5412f,mem_scene_00274,images/mem_scene_00274.png,qc_action,What is the best next triage action for this field of view?,count now,reimage focus,dilute and refilter,manual review,C,medium,overloaded,edge_loaded,standard,films,lower_left,blue,11,9 or more,patchy multi-zone clogging,dilute and refilter,61
mpq_10e8c320d21482,mem_scene_00275,images/mem_scene_00275.png,dominant_particle_family,Which suspicious particle family is most common in this membrane field?,fibers,fragments,beads,films,B,medium,clear,centered,standard,fragments,lower_left,blue,7,6-8,central mat clogging,count now,60
mpq_091e810f1a5ca2,mem_scene_00275,images/mem_scene_00275.png,hotspot_quadrant,Which quadrant contains the densest suspicious-particle hotspot?,upper left,upper right,lower left,lower right,C,medium,clear,centered,standard,fragments,lower_left,blue,7,6-8,central mat clogging,count now,60
mpq_1414156ff8b2f4,mem_scene_00275,images/mem_scene_00275.png,fiber_tint,What tint is most common among the visible fibers?,blue,red,black,clear or pale,A,medium,clear,centered,standard,fragments,lower_left,blue,7,6-8,central mat clogging,count now,60
mpq_e93cd13dfe7aef,mem_scene_00275,images/mem_scene_00275.png,bead_count,How many round bead-like microplastic particles are visible?,0-12,13-18,19-24,25 or more,A,medium,clear,centered,standard,fragments,lower_left,blue,7,0-12,central mat clogging,count now,60
mpq_0c3c19349906d1,mem_scene_00275,images/mem_scene_00275.png,clogging_state,Which membrane clogging pattern best describes this field?,open pores,light edge clogging,central mat clogging,patchy multi-zone clogging,C,medium,clear,centered,standard,fragments,lower_left,blue,7,6-8,central mat clogging,count now,60
mpq_5346d832dc1d13,mem_scene_00275,images/mem_scene_00275.png,qc_action,What is the best next triage action for this field of view?,count now,reimage focus,dilute and refilter,manual review,A,medium,clear,centered,standard,fragments,lower_left,blue,7,6-8,central mat clogging,count now,60
mpq_566f128cebff28,mem_scene_00276,images/mem_scene_00276.png,dominant_particle_family,Which suspicious particle family is most common in this membrane field?,fibers,fragments,beads,films,B,medium,overloaded,centered,standard,fragments,lower_right,black,13,9 or more,open pores,dilute and refilter,50
mpq_c565721df3b948,mem_scene_00276,images/mem_scene_00276.png,hotspot_quadrant,Which quadrant contains the densest suspicious-particle hotspot?,upper left,upper right,lower left,lower right,D,medium,overloaded,centered,standard,fragments,lower_right,black,13,9 or more,open pores,dilute and refilter,50
mpq_315ae51db8af2f,mem_scene_00276,images/mem_scene_00276.png,fiber_tint,What tint is most common among the visible fibers?,blue,red,black,clear or pale,C,medium,overloaded,centered,standard,fragments,lower_right,black,13,9 or more,open pores,dilute and refilter,50
mpq_6652f6f199d6df,mem_scene_00276,images/mem_scene_00276.png,bead_count,How many round bead-like microplastic particles are visible?,0-12,13-18,19-24,25 or more,B,medium,overloaded,centered,standard,fragments,lower_right,black,13,13-18,open pores,dilute and refilter,50
mpq_a5e58d64fadbd4,mem_scene_00276,images/mem_scene_00276.png,clogging_state,Which membrane clogging pattern best describes this field?,open pores,light edge clogging,central mat clogging,patchy multi-zone clogging,A,medium,overloaded,centered,standard,fragments,lower_right,black,13,9 or more,open pores,dilute and refilter,50
mpq_ce28012a0f874d,mem_scene_00276,images/mem_scene_00276.png,qc_action,What is the best next triage action for this field of view?,count now,reimage focus,dilute and refilter,manual review,C,medium,overloaded,centered,standard,fragments,lower_right,black,13,9 or more,open pores,dilute and refilter,50
mpq_6a024967e93bdc,mem_scene_00277,images/mem_scene_00277.png,dominant_particle_family,Which suspicious particle family is most common in this membrane field?,fibers,fragments,beads,films,A,medium,overloaded,centered,standard,fibers,upper_left,blue,13,9 or more,patchy multi-zone clogging,dilute and refilter,75
mpq_7f958b8f7e6c5e,mem_scene_00277,images/mem_scene_00277.png,hotspot_quadrant,Which quadrant contains the densest suspicious-particle hotspot?,upper left,upper right,lower left,lower right,A,medium,overloaded,centered,standard,fibers,upper_left,blue,13,9 or more,patchy multi-zone clogging,dilute and refilter,75
mpq_ef01d53de917fa,mem_scene_00277,images/mem_scene_00277.png,fiber_tint,What tint is most common among the visible fibers?,blue,red,black,clear or pale,A,medium,overloaded,centered,standard,fibers,upper_left,blue,13,9 or more,patchy multi-zone clogging,dilute and refilter,75
mpq_c074bdc3ed9896,mem_scene_00277,images/mem_scene_00277.png,bead_count,How many round bead-like microplastic particles are visible?,0-12,13-18,19-24,25 or more,B,medium,overloaded,centered,standard,fibers,upper_left,blue,13,13-18,patchy multi-zone clogging,dilute and refilter,75
mpq_ad066740b09afc,mem_scene_00277,images/mem_scene_00277.png,clogging_state,Which membrane clogging pattern best describes this field?,open pores,light edge clogging,central mat clogging,patchy multi-zone clogging,D,medium,overloaded,centered,standard,fibers,upper_left,blue,13,9 or more,patchy multi-zone clogging,dilute and refilter,75
mpq_7cb8b1840760c2,mem_scene_00277,images/mem_scene_00277.png,qc_action,What is the best next triage action for this field of view?,count now,reimage focus,dilute and refilter,manual review,C,medium,overloaded,centered,standard,fibers,upper_left,blue,13,9 or more,patchy multi-zone clogging,dilute and refilter,75
mpq_41edc174cd45f1,mem_scene_00278,images/mem_scene_00278.png,dominant_particle_family,Which suspicious particle family is most common in this membrane field?,fibers,fragments,beads,films,A,medium,clear,centered,standard,fibers,lower_right,black,8,6-8,open pores,count now,61
mpq_f7457f8135fadb,mem_scene_00278,images/mem_scene_00278.png,hotspot_quadrant,Which quadrant contains the densest suspicious-particle hotspot?,upper left,upper right,lower left,lower right,D,medium,clear,centered,standard,fibers,lower_right,black,8,6-8,open pores,count now,61
mpq_ed38788046c947,mem_scene_00278,images/mem_scene_00278.png,fiber_tint,What tint is most common among the visible fibers?,blue,red,black,clear or pale,C,medium,clear,centered,standard,fibers,lower_right,black,8,6-8,open pores,count now,61
mpq_3ef4e043101f1d,mem_scene_00278,images/mem_scene_00278.png,bead_count,How many round bead-like microplastic particles are visible?,0-12,13-18,19-24,25 or more,A,medium,clear,centered,standard,fibers,lower_right,black,8,0-12,open pores,count now,61
mpq_6c9ab09a8d7f53,mem_scene_00278,images/mem_scene_00278.png,clogging_state,Which membrane clogging pattern best describes this field?,open pores,light edge clogging,central mat clogging,patchy multi-zone clogging,A,medium,clear,centered,standard,fibers,lower_right,black,8,6-8,open pores,count now,61
mpq_f0848fc64a0db5,mem_scene_00278,images/mem_scene_00278.png,qc_action,What is the best next triage action for this field of view?,count now,reimage focus,dilute and refilter,manual review,A,medium,clear,centered,standard,fibers,lower_right,black,8,6-8,open pores,count now,61
mpq_b0f6743b50c7ce,mem_scene_00279,images/mem_scene_00279.png,dominant_particle_family,Which suspicious particle family is most common in this membrane field?,fibers,fragments,beads,films,D,easy,clear,centered,standard,films,upper_left,red,4,3-5,patchy multi-zone clogging,count now,25
mpq_a9fe39c28b961f,mem_scene_00279,images/mem_scene_00279.png,hotspot_quadrant,Which quadrant contains the densest suspicious-particle hotspot?,upper left,upper right,lower left,lower right,A,easy,clear,centered,standard,films,upper_left,red,4,3-5,patchy multi-zone clogging,count now,25
mpq_696abd644dc27b,mem_scene_00279,images/mem_scene_00279.png,fiber_tint,What tint is most common among the visible fibers?,blue,red,black,clear or pale,B,easy,clear,centered,standard,films,upper_left,red,4,3-5,patchy multi-zone clogging,count now,25
mpq_edfe502251ce69,mem_scene_00279,images/mem_scene_00279.png,bead_count,How many round bead-like microplastic particles are visible?,0-12,13-18,19-24,25 or more,A,easy,clear,centered,standard,films,upper_left,red,4,0-12,patchy multi-zone clogging,count now,25
mpq_a4da65dad936cd,mem_scene_00279,images/mem_scene_00279.png,clogging_state,Which membrane clogging pattern best describes this field?,open pores,light edge clogging,central mat clogging,patchy multi-zone clogging,D,easy,clear,centered,standard,films,upper_left,red,4,3-5,patchy multi-zone clogging,count now,25
mpq_e625a2f5ee37af,mem_scene_00279,images/mem_scene_00279.png,qc_action,What is the best next triage action for this field of view?,count now,reimage focus,dilute and refilter,manual review,A,easy,clear,centered,standard,films,upper_left,red,4,3-5,patchy multi-zone clogging,count now,25
mpq_2b9fc119a4e72a,mem_scene_00280,images/mem_scene_00280.png,dominant_particle_family,Which suspicious particle family is most common in this membrane field?,fibers,fragments,beads,films,C,medium,glare,edge_loaded,standard,beads,upper_left,black,27,9 or more,patchy multi-zone clogging,count now,70
mpq_0d2390eb894a5b,mem_scene_00280,images/mem_scene_00280.png,hotspot_quadrant,Which quadrant contains the densest suspicious-particle hotspot?,upper left,upper right,lower left,lower right,A,medium,glare,edge_loaded,standard,beads,upper_left,black,27,9 or more,patchy multi-zone clogging,count now,70
mpq_27235d9e874b44,mem_scene_00280,images/mem_scene_00280.png,fiber_tint,What tint is most common among the visible fibers?,blue,red,black,clear or pale,C,medium,glare,edge_loaded,standard,beads,upper_left,black,27,9 or more,patchy multi-zone clogging,count now,70
mpq_b6ed0292dd067d,mem_scene_00280,images/mem_scene_00280.png,bead_count,How many round bead-like microplastic particles are visible?,0-12,13-18,19-24,25 or more,D,medium,glare,edge_loaded,standard,beads,upper_left,black,27,25 or more,patchy multi-zone clogging,count now,70
mpq_dcab08793e18dc,mem_scene_00280,images/mem_scene_00280.png,clogging_state,Which membrane clogging pattern best describes this field?,open pores,light edge clogging,central mat clogging,patchy multi-zone clogging,D,medium,glare,edge_loaded,standard,beads,upper_left,black,27,9 or more,patchy multi-zone clogging,count now,70
mpq_2b67b3784430ec,mem_scene_00280,images/mem_scene_00280.png,qc_action,What is the best next triage action for this field of view?,count now,reimage focus,dilute and refilter,manual review,B,medium,glare,edge_loaded,standard,beads,upper_left,black,27,9 or more,patchy multi-zone clogging,reimage focus,70
mpq_5ddcf3ccba4a05,mem_scene_00281,images/mem_scene_00281.png,dominant_particle_family,Which suspicious particle family is most common in this membrane field?,fibers,fragments,beads,films,D,easy,biofilm,edge_loaded,blue_stain,films,upper_right,black,11,9 or more,central mat clogging,manual review,37
mpq_fce05b2e91e148,mem_scene_00281,images/mem_scene_00281.png,hotspot_quadrant,Which quadrant contains the densest suspicious-particle hotspot?,upper left,upper right,lower left,lower right,B,easy,biofilm,edge_loaded,blue_stain,films,upper_right,black,11,9 or more,central mat clogging,manual review,37
mpq_36823bbc25c895,mem_scene_00281,images/mem_scene_00281.png,fiber_tint,What tint is most common among the visible fibers?,blue,red,black,clear or pale,C,easy,biofilm,edge_loaded,blue_stain,films,upper_right,black,11,9 or more,central mat clogging,manual review,37
mpq_fee7b6a9ea1aa3,mem_scene_00281,images/mem_scene_00281.png,bead_count,How many round bead-like microplastic particles are visible?,0-12,13-18,19-24,25 or more,A,easy,biofilm,edge_loaded,blue_stain,films,upper_right,black,11,0-12,central mat clogging,manual review,37
mpq_f795342471b65a,mem_scene_00281,images/mem_scene_00281.png,clogging_state,Which membrane clogging pattern best describes this field?,open pores,light edge clogging,central mat clogging,patchy multi-zone clogging,C,easy,biofilm,edge_loaded,blue_stain,films,upper_right,black,11,9 or more,central mat clogging,manual review,37
mpq_5c191b12911b40,mem_scene_00281,images/mem_scene_00281.png,qc_action,What is the best next triage action for this field of view?,count now,reimage focus,dilute and refilter,manual review,D,easy,biofilm,edge_loaded,blue_stain,films,upper_right,black,11,9 or more,central mat clogging,manual review,37
mpq_1ba902ca2a54c9,mem_scene_00282,images/mem_scene_00282.png,dominant_particle_family,Which suspicious particle family is most common in this membrane field?,fibers,fragments,beads,films,A,hard,glare,centered,standard,fibers,lower_right,blue,18,9 or more,open pores,reimage focus,99
mpq_910b751466cdf4,mem_scene_00282,images/mem_scene_00282.png,hotspot_quadrant,Which quadrant contains the densest suspicious-particle hotspot?,upper left,upper right,lower left,lower right,D,hard,glare,centered,standard,fibers,lower_right,blue,18,9 or more,open pores,reimage focus,99
mpq_109ee71f8dbac0,mem_scene_00282,images/mem_scene_00282.png,fiber_tint,What tint is most common among the visible fibers?,blue,red,black,clear or pale,A,hard,glare,centered,standard,fibers,lower_right,blue,18,9 or more,open pores,reimage focus,99
mpq_806e58551c24f6,mem_scene_00282,images/mem_scene_00282.png,bead_count,How many round bead-like microplastic particles are visible?,0-12,13-18,19-24,25 or more,B,hard,glare,centered,standard,fibers,lower_right,blue,18,13-18,open pores,reimage focus,99
mpq_636e91d3658446,mem_scene_00282,images/mem_scene_00282.png,clogging_state,Which membrane clogging pattern best describes this field?,open pores,light edge clogging,central mat clogging,patchy multi-zone clogging,A,hard,glare,centered,standard,fibers,lower_right,blue,18,9 or more,open pores,reimage focus,99
mpq_d811d89a0876c0,mem_scene_00282,images/mem_scene_00282.png,qc_action,What is the best next triage action for this field of view?,count now,reimage focus,dilute and refilter,manual review,B,hard,glare,centered,standard,fibers,lower_right,blue,18,9 or more,open pores,reimage focus,99
mpq_826ddaaee50c3d,mem_scene_00283,images/mem_scene_00283.png,dominant_particle_family,Which suspicious particle family is most common in this membrane field?,fibers,fragments,beads,films,B,medium,clear,centered,standard,fragments,upper_left,clear or pale,13,9 or more,open pores,count now,72
mpq_27414be86776d8,mem_scene_00283,images/mem_scene_00283.png,hotspot_quadrant,Which quadrant contains the densest suspicious-particle hotspot?,upper left,upper right,lower left,lower right,A,medium,clear,centered,standard,fragments,upper_left,clear or pale,13,9 or more,open pores,count now,72
mpq_69740ca529b2ef,mem_scene_00283,images/mem_scene_00283.png,fiber_tint,What tint is most common among the visible fibers?,blue,red,black,clear or pale,D,medium,clear,centered,standard,fragments,upper_left,clear or pale,13,9 or more,open pores,count now,72
mpq_2c8f4208c98222,mem_scene_00283,images/mem_scene_00283.png,bead_count,How many round bead-like microplastic particles are visible?,0-12,13-18,19-24,25 or more,B,medium,clear,centered,standard,fragments,upper_left,clear or pale,13,13-18,open pores,count now,72
mpq_406fef25e52ca3,mem_scene_00283,images/mem_scene_00283.png,clogging_state,Which membrane clogging pattern best describes this field?,open pores,light edge clogging,central mat clogging,patchy multi-zone clogging,A,medium,clear,centered,standard,fragments,upper_left,clear or pale,13,9 or more,open pores,count now,72
mpq_ed953e1cf272e7,mem_scene_00283,images/mem_scene_00283.png,qc_action,What is the best next triage action for this field of view?,count now,reimage focus,dilute and refilter,manual review,A,medium,clear,centered,standard,fragments,upper_left,clear or pale,13,9 or more,open pores,count now,72
mpq_c2af6a1ba6a6b6,mem_scene_00284,images/mem_scene_00284.png,dominant_particle_family,Which suspicious particle family is most common in this membrane field?,fibers,fragments,beads,films,B,medium,overloaded,edge_loaded,edge_shadow,fragments,lower_left,black,14,9 or more,open pores,dilute and refilter,71
mpq_29b247dc860312,mem_scene_00284,images/mem_scene_00284.png,hotspot_quadrant,Which quadrant contains the densest suspicious-particle hotspot?,upper left,upper right,lower left,lower right,C,medium,overloaded,edge_loaded,edge_shadow,fragments,lower_left,black,14,9 or more,open pores,dilute and refilter,71
mpq_6420bc843e66da,mem_scene_00284,images/mem_scene_00284.png,fiber_tint,What tint is most common among the visible fibers?,blue,red,black,clear or pale,C,medium,overloaded,edge_loaded,edge_shadow,fragments,lower_left,black,14,9 or more,open pores,dilute and refilter,71
mpq_c365e399508534,mem_scene_00284,images/mem_scene_00284.png,bead_count,How many round bead-like microplastic particles are visible?,0-12,13-18,19-24,25 or more,B,medium,overloaded,edge_loaded,edge_shadow,fragments,lower_left,black,14,13-18,open pores,dilute and refilter,71
mpq_616e60b6829ba3,mem_scene_00284,images/mem_scene_00284.png,clogging_state,Which membrane clogging pattern best describes this field?,open pores,light edge clogging,central mat clogging,patchy multi-zone clogging,A,medium,overloaded,edge_loaded,edge_shadow,fragments,lower_left,black,14,9 or more,open pores,dilute and refilter,71
mpq_6073e533314ca7,mem_scene_00284,images/mem_scene_00284.png,qc_action,What is the best next triage action for this field of view?,count now,reimage focus,dilute and refilter,manual review,C,medium,overloaded,edge_loaded,edge_shadow,fragments,lower_left,black,14,9 or more,open pores,dilute and refilter,71
mpq_53bce0bee9e1ff,mem_scene_00285,images/mem_scene_00285.png,dominant_particle_family,Which suspicious particle family is most common in this membrane field?,fibers,fragments,beads,films,D,medium,overloaded,centered,bubble_ring,films,upper_right,red,7,6-8,patchy multi-zone clogging,dilute and refilter,70
mpq_34d51e6cac05ae,mem_scene_00285,images/mem_scene_00285.png,hotspot_quadrant,Which quadrant contains the densest suspicious-particle hotspot?,upper left,upper right,lower left,lower right,B,medium,overloaded,centered,bubble_ring,films,upper_right,red,7,6-8,patchy multi-zone clogging,dilute and refilter,70
mpq_b17bffe01663b2,mem_scene_00285,images/mem_scene_00285.png,fiber_tint,What tint is most common among the visible fibers?,blue,red,black,clear or pale,B,medium,overloaded,centered,bubble_ring,films,upper_right,red,7,6-8,patchy multi-zone clogging,dilute and refilter,70
mpq_2ad55fd5225b1e,mem_scene_00285,images/mem_scene_00285.png,bead_count,How many round bead-like microplastic particles are visible?,0-12,13-18,19-24,25 or more,A,medium,overloaded,centered,bubble_ring,films,upper_right,red,7,0-12,patchy multi-zone clogging,dilute and refilter,70
mpq_0530f9ccedc0f2,mem_scene_00285,images/mem_scene_00285.png,clogging_state,Which membrane clogging pattern best describes this field?,open pores,light edge clogging,central mat clogging,patchy multi-zone clogging,D,medium,overloaded,centered,bubble_ring,films,upper_right,red,7,6-8,patchy multi-zone clogging,dilute and refilter,70
mpq_f229ba27b7c6e9,mem_scene_00285,images/mem_scene_00285.png,qc_action,What is the best next triage action for this field of view?,count now,reimage focus,dilute and refilter,manual review,C,medium,overloaded,centered,bubble_ring,films,upper_right,red,7,6-8,patchy multi-zone clogging,dilute and refilter,70
mpq_97213cc3472e01,mem_scene_00286,images/mem_scene_00286.png,dominant_particle_family,Which suspicious particle family is most common in this membrane field?,fibers,fragments,beads,films,B,medium,overloaded,centered,bubble_ring,fragments,upper_right,black,12,9 or more,light edge clogging,dilute and refilter,74
mpq_a4cb81f2f35486,mem_scene_00286,images/mem_scene_00286.png,hotspot_quadrant,Which quadrant contains the densest suspicious-particle hotspot?,upper left,upper right,lower left,lower right,B,medium,overloaded,centered,bubble_ring,fragments,upper_right,black,12,9 or more,light edge clogging,dilute and refilter,74
mpq_865b138451a9d7,mem_scene_00286,images/mem_scene_00286.png,fiber_tint,What tint is most common among the visible fibers?,blue,red,black,clear or pale,C,medium,overloaded,centered,bubble_ring,fragments,upper_right,black,12,9 or more,light edge clogging,dilute and refilter,74
mpq_d3b7d420bc15e0,mem_scene_00286,images/mem_scene_00286.png,bead_count,How many round bead-like microplastic particles are visible?,0-12,13-18,19-24,25 or more,A,medium,overloaded,centered,bubble_ring,fragments,upper_right,black,12,0-12,light edge clogging,dilute and refilter,74
mpq_6012fe1d4a17dd,mem_scene_00286,images/mem_scene_00286.png,clogging_state,Which membrane clogging pattern best describes this field?,open pores,light edge clogging,central mat clogging,patchy multi-zone clogging,B,medium,overloaded,centered,bubble_ring,fragments,upper_right,black,12,9 or more,light edge clogging,dilute and refilter,74
mpq_8c2236f30d8136,mem_scene_00286,images/mem_scene_00286.png,qc_action,What is the best next triage action for this field of view?,count now,reimage focus,dilute and refilter,manual review,C,medium,overloaded,centered,bubble_ring,fragments,upper_right,black,12,9 or more,light edge clogging,dilute and refilter,74
mpq_1fae864fea4b27,mem_scene_00287,images/mem_scene_00287.png,dominant_particle_family,Which suspicious particle family is most common in this membrane field?,fibers,fragments,beads,films,D,easy,low_contrast,centered,bubble_ring,films,lower_right,red,7,6-8,open pores,manual review,39
mpq_9f9d2cc99e28b6,mem_scene_00287,images/mem_scene_00287.png,hotspot_quadrant,Which quadrant contains the densest suspicious-particle hotspot?,upper left,upper right,lower left,lower right,D,easy,low_contrast,centered,bubble_ring,films,lower_right,red,7,6-8,open pores,manual review,39
mpq_24029a3a026bb5,mem_scene_00287,images/mem_scene_00287.png,fiber_tint,What tint is most common among the visible fibers?,blue,red,black,clear or pale,B,easy,low_contrast,centered,bubble_ring,films,lower_right,red,7,6-8,open pores,manual review,39
mpq_4f96d0439de752,mem_scene_00287,images/mem_scene_00287.png,bead_count,How many round bead-like microplastic particles are visible?,0-12,13-18,19-24,25 or more,A,easy,low_contrast,centered,bubble_ring,films,lower_right,red,7,0-12,open pores,manual review,39
mpq_cc53828d26c29a,mem_scene_00287,images/mem_scene_00287.png,clogging_state,Which membrane clogging pattern best describes this field?,open pores,light edge clogging,central mat clogging,patchy multi-zone clogging,A,easy,low_contrast,centered,bubble_ring,films,lower_right,red,7,6-8,open pores,manual review,39
mpq_07420b599e1aba,mem_scene_00287,images/mem_scene_00287.png,qc_action,What is the best next triage action for this field of view?,count now,reimage focus,dilute and refilter,manual review,B,easy,low_contrast,centered,bubble_ring,films,lower_right,red,7,6-8,open pores,reimage focus,39
mpq_105efd15e87c59,mem_scene_00288,images/mem_scene_00288.png,dominant_particle_family,Which suspicious particle family is most common in this membrane field?,fibers,fragments,beads,films,D,easy,overloaded,ring_bias,blue_stain,films,upper_right,black,4,3-5,central mat clogging,dilute and refilter,35
mpq_d17e60455bad15,mem_scene_00288,images/mem_scene_00288.png,hotspot_quadrant,Which quadrant contains the densest suspicious-particle hotspot?,upper left,upper right,lower left,lower right,B,easy,overloaded,ring_bias,blue_stain,films,upper_right,black,4,3-5,central mat clogging,dilute and refilter,35
mpq_883b47bcf4493e,mem_scene_00288,images/mem_scene_00288.png,fiber_tint,What tint is most common among the visible fibers?,blue,red,black,clear or pale,C,easy,overloaded,ring_bias,blue_stain,films,upper_right,black,4,3-5,central mat clogging,dilute and refilter,35
mpq_7308cfa78555fc,mem_scene_00288,images/mem_scene_00288.png,bead_count,How many round bead-like microplastic particles are visible?,0-12,13-18,19-24,25 or more,A,easy,overloaded,ring_bias,blue_stain,films,upper_right,black,4,0-12,central mat clogging,dilute and refilter,35
mpq_987d344db65d93,mem_scene_00288,images/mem_scene_00288.png,clogging_state,Which membrane clogging pattern best describes this field?,open pores,light edge clogging,central mat clogging,patchy multi-zone clogging,C,easy,overloaded,ring_bias,blue_stain,films,upper_right,black,4,3-5,central mat clogging,dilute and refilter,35
mpq_b483ca0011ce1e,mem_scene_00288,images/mem_scene_00288.png,qc_action,What is the best next triage action for this field of view?,count now,reimage focus,dilute and refilter,manual review,C,easy,overloaded,ring_bias,blue_stain,films,upper_right,black,4,3-5,central mat clogging,dilute and refilter,35
mpq_6403b8eb7785c4,mem_scene_00289,images/mem_scene_00289.png,dominant_particle_family,Which suspicious particle family is most common in this membrane field?,fibers,fragments,beads,films,D,medium,clear,centered,standard,films,lower_left,red,14,9 or more,open pores,count now,72
mpq_0e56073b502aff,mem_scene_00289,images/mem_scene_00289.png,hotspot_quadrant,Which quadrant contains the densest suspicious-particle hotspot?,upper left,upper right,lower left,lower right,C,medium,clear,centered,standard,films,lower_left,red,14,9 or more,open pores,count now,72
mpq_63173e2bb52c32,mem_scene_00289,images/mem_scene_00289.png,fiber_tint,What tint is most common among the visible fibers?,blue,red,black,clear or pale,B,medium,clear,centered,standard,films,lower_left,red,14,9 or more,open pores,count now,72
mpq_51e541cc6ecab7,mem_scene_00289,images/mem_scene_00289.png,bead_count,How many round bead-like microplastic particles are visible?,0-12,13-18,19-24,25 or more,B,medium,clear,centered,standard,films,lower_left,red,14,13-18,open pores,count now,72
mpq_8d6ba2dbbc9fe4,mem_scene_00289,images/mem_scene_00289.png,clogging_state,Which membrane clogging pattern best describes this field?,open pores,light edge clogging,central mat clogging,patchy multi-zone clogging,A,medium,clear,centered,standard,films,lower_left,red,14,9 or more,open pores,count now,72
mpq_ebbfd0df629c45,mem_scene_00289,images/mem_scene_00289.png,qc_action,What is the best next triage action for this field of view?,count now,reimage focus,dilute and refilter,manual review,A,medium,clear,centered,standard,films,lower_left,red,14,9 or more,open pores,count now,72
mpq_6776f43c95e638,mem_scene_00290,images/mem_scene_00290.png,dominant_particle_family,Which suspicious particle family is most common in this membrane field?,fibers,fragments,beads,films,B,hard,clear,centered,edge_shadow,fragments,upper_right,red,15,9 or more,light edge clogging,manual review,96
mpq_ac75049d847ee5,mem_scene_00290,images/mem_scene_00290.png,hotspot_quadrant,Which quadrant contains the densest suspicious-particle hotspot?,upper left,upper right,lower left,lower right,B,hard,clear,centered,edge_shadow,fragments,upper_right,red,15,9 or more,light edge clogging,manual review,96
mpq_9c456733bfb13f,mem_scene_00290,images/mem_scene_00290.png,fiber_tint,What tint is most common among the visible fibers?,blue,red,black,clear or pale,B,hard,clear,centered,edge_shadow,fragments,upper_right,red,15,9 or more,light edge clogging,manual review,96
mpq_b6927577b8f02b,mem_scene_00290,images/mem_scene_00290.png,bead_count,How many round bead-like microplastic particles are visible?,0-12,13-18,19-24,25 or more,B,hard,clear,centered,edge_shadow,fragments,upper_right,red,15,13-18,light edge clogging,manual review,96
mpq_9fca83baee5814,mem_scene_00290,images/mem_scene_00290.png,clogging_state,Which membrane clogging pattern best describes this field?,open pores,light edge clogging,central mat clogging,patchy multi-zone clogging,B,hard,clear,centered,edge_shadow,fragments,upper_right,red,15,9 or more,light edge clogging,manual review,96
mpq_74b7688c5c791b,mem_scene_00290,images/mem_scene_00290.png,qc_action,What is the best next triage action for this field of view?,count now,reimage focus,dilute and refilter,manual review,D,hard,clear,centered,edge_shadow,fragments,upper_right,red,15,9 or more,light edge clogging,manual review,96
mpq_808f2055925989,mem_scene_00291,images/mem_scene_00291.png,dominant_particle_family,Which suspicious particle family is most common in this membrane field?,fibers,fragments,beads,films,B,hard,low_contrast,ring_bias,bubble_ring,fragments,lower_left,blue,11,9 or more,patchy multi-zone clogging,reimage focus,90
mpq_5a0859b1e0b484,mem_scene_00291,images/mem_scene_00291.png,hotspot_quadrant,Which quadrant contains the densest suspicious-particle hotspot?,upper left,upper right,lower left,lower right,C,hard,low_contrast,ring_bias,bubble_ring,fragments,lower_left,blue,11,9 or more,patchy multi-zone clogging,reimage focus,90
mpq_123b68a1f82e7c,mem_scene_00291,images/mem_scene_00291.png,fiber_tint,What tint is most common among the visible fibers?,blue,red,black,clear or pale,A,hard,low_contrast,ring_bias,bubble_ring,fragments,lower_left,blue,11,9 or more,patchy multi-zone clogging,reimage focus,90
mpq_7e9e2cc200dc5a,mem_scene_00291,images/mem_scene_00291.png,bead_count,How many round bead-like microplastic particles are visible?,0-12,13-18,19-24,25 or more,A,hard,low_contrast,ring_bias,bubble_ring,fragments,lower_left,blue,11,0-12,patchy multi-zone clogging,reimage focus,90
mpq_58717990f130a3,mem_scene_00291,images/mem_scene_00291.png,clogging_state,Which membrane clogging pattern best describes this field?,open pores,light edge clogging,central mat clogging,patchy multi-zone clogging,D,hard,low_contrast,ring_bias,bubble_ring,fragments,lower_left,blue,11,9 or more,patchy multi-zone clogging,reimage focus,90
mpq_c86d7857a40dd1,mem_scene_00291,images/mem_scene_00291.png,qc_action,What is the best next triage action for this field of view?,count now,reimage focus,dilute and refilter,manual review,B,hard,low_contrast,ring_bias,bubble_ring,fragments,lower_left,blue,11,9 or more,patchy multi-zone clogging,reimage focus,90
mpq_1fd4e73a1cf455,mem_scene_00292,images/mem_scene_00292.png,dominant_particle_family,Which suspicious particle family is most common in this membrane field?,fibers,fragments,beads,films,D,hard,biofilm,diagonal_streak,standard,films,lower_right,clear or pale,18,9 or more,central mat clogging,dilute and refilter,120
mpq_6a88cd8335ac16,mem_scene_00292,images/mem_scene_00292.png,hotspot_quadrant,Which quadrant contains the densest suspicious-particle hotspot?,upper left,upper right,lower left,lower right,D,hard,biofilm,diagonal_streak,standard,films,lower_right,clear or pale,18,9 or more,central mat clogging,dilute and refilter,120
mpq_4c608a082b26a2,mem_scene_00292,images/mem_scene_00292.png,fiber_tint,What tint is most common among the visible fibers?,blue,red,black,clear or pale,D,hard,biofilm,diagonal_streak,standard,films,lower_right,clear or pale,18,9 or more,central mat clogging,dilute and refilter,120
mpq_52f7ce57958850,mem_scene_00292,images/mem_scene_00292.png,bead_count,How many round bead-like microplastic particles are visible?,0-12,13-18,19-24,25 or more,B,hard,biofilm,diagonal_streak,standard,films,lower_right,clear or pale,18,13-18,central mat clogging,dilute and refilter,120
mpq_3b9db6afcb23e7,mem_scene_00292,images/mem_scene_00292.png,clogging_state,Which membrane clogging pattern best describes this field?,open pores,light edge clogging,central mat clogging,patchy multi-zone clogging,C,hard,biofilm,diagonal_streak,standard,films,lower_right,clear or pale,18,9 or more,central mat clogging,dilute and refilter,120
mpq_f04d4513d0ac31,mem_scene_00292,images/mem_scene_00292.png,qc_action,What is the best next triage action for this field of view?,count now,reimage focus,dilute and refilter,manual review,C,hard,biofilm,diagonal_streak,standard,films,lower_right,clear or pale,18,9 or more,central mat clogging,dilute and refilter,120
mpq_3730d75e79c73b,mem_scene_00293,images/mem_scene_00293.png,dominant_particle_family,Which suspicious particle family is most common in this membrane field?,fibers,fragments,beads,films,D,medium,low_contrast,ring_bias,standard,films,upper_left,red,12,9 or more,patchy multi-zone clogging,count now,56
mpq_7e097fe1eb7bc2,mem_scene_00293,images/mem_scene_00293.png,hotspot_quadrant,Which quadrant contains the densest suspicious-particle hotspot?,upper left,upper right,lower left,lower right,A,medium,low_contrast,ring_bias,standard,films,upper_left,red,12,9 or more,patchy multi-zone clogging,count now,56
mpq_e34e84bfc62721,mem_scene_00293,images/mem_scene_00293.png,fiber_tint,What tint is most common among the visible fibers?,blue,red,black,clear or pale,B,medium,low_contrast,ring_bias,standard,films,upper_left,red,12,9 or more,patchy multi-zone clogging,count now,56
mpq_1790533cd13be8,mem_scene_00293,images/mem_scene_00293.png,bead_count,How many round bead-like microplastic particles are visible?,0-12,13-18,19-24,25 or more,A,medium,low_contrast,ring_bias,standard,films,upper_left,red,12,0-12,patchy multi-zone clogging,count now,56
mpq_4556c839759d95,mem_scene_00293,images/mem_scene_00293.png,clogging_state,Which membrane clogging pattern best describes this field?,open pores,light edge clogging,central mat clogging,patchy multi-zone clogging,D,medium,low_contrast,ring_bias,standard,films,upper_left,red,12,9 or more,patchy multi-zone clogging,count now,56
mpq_f812aef83b17e3,mem_scene_00293,images/mem_scene_00293.png,qc_action,What is the best next triage action for this field of view?,count now,reimage focus,dilute and refilter,manual review,B,medium,low_contrast,ring_bias,standard,films,upper_left,red,12,9 or more,patchy multi-zone clogging,reimage focus,56
mpq_ab7b1f73e99fed,mem_scene_00294,images/mem_scene_00294.png,dominant_particle_family,Which suspicious particle family is most common in this membrane field?,fibers,fragments,beads,films,A,medium,overloaded,edge_loaded,edge_shadow,fibers,lower_right,black,12,9 or more,central mat clogging,dilute and refilter,53
mpq_90475197ed4cd8,mem_scene_00294,images/mem_scene_00294.png,hotspot_quadrant,Which quadrant contains the densest suspicious-particle hotspot?,upper left,upper right,lower left,lower right,D,medium,overloaded,edge_loaded,edge_shadow,fibers,lower_right,black,12,9 or more,central mat clogging,dilute and refilter,53
mpq_981469b88cd411,mem_scene_00294,images/mem_scene_00294.png,fiber_tint,What tint is most common among the visible fibers?,blue,red,black,clear or pale,C,medium,overloaded,edge_loaded,edge_shadow,fibers,lower_right,black,12,9 or more,central mat clogging,dilute and refilter,53
mpq_19a5a1a53fa139,mem_scene_00294,images/mem_scene_00294.png,bead_count,How many round bead-like microplastic particles are visible?,0-12,13-18,19-24,25 or more,A,medium,overloaded,edge_loaded,edge_shadow,fibers,lower_right,black,12,0-12,central mat clogging,dilute and refilter,53
mpq_d21f5958a5baa3,mem_scene_00294,images/mem_scene_00294.png,clogging_state,Which membrane clogging pattern best describes this field?,open pores,light edge clogging,central mat clogging,patchy multi-zone clogging,C,medium,overloaded,edge_loaded,edge_shadow,fibers,lower_right,black,12,9 or more,central mat clogging,dilute and refilter,53
mpq_b2eded54b724cc,mem_scene_00294,images/mem_scene_00294.png,qc_action,What is the best next triage action for this field of view?,count now,reimage focus,dilute and refilter,manual review,C,medium,overloaded,edge_loaded,edge_shadow,fibers,lower_right,black,12,9 or more,central mat clogging,dilute and refilter,53
mpq_ae5973b32ee0c4,mem_scene_00295,images/mem_scene_00295.png,dominant_particle_family,Which suspicious particle family is most common in this membrane field?,fibers,fragments,beads,films,B,medium,low_contrast,ring_bias,blue_stain,fragments,lower_left,blue,8,6-8,light edge clogging,count now,60
mpq_8547d7c5fbce06,mem_scene_00295,images/mem_scene_00295.png,hotspot_quadrant,Which quadrant contains the densest suspicious-particle hotspot?,upper left,upper right,lower left,lower right,C,medium,low_contrast,ring_bias,blue_stain,fragments,lower_left,blue,8,6-8,light edge clogging,count now,60
mpq_e527a3ae54b527,mem_scene_00295,images/mem_scene_00295.png,fiber_tint,What tint is most common among the visible fibers?,blue,red,black,clear or pale,A,medium,low_contrast,ring_bias,blue_stain,fragments,lower_left,blue,8,6-8,light edge clogging,count now,60
mpq_c019bc4e994dd0,mem_scene_00295,images/mem_scene_00295.png,bead_count,How many round bead-like microplastic particles are visible?,0-12,13-18,19-24,25 or more,A,medium,low_contrast,ring_bias,blue_stain,fragments,lower_left,blue,8,0-12,light edge clogging,count now,60
mpq_b32b3c0192692b,mem_scene_00295,images/mem_scene_00295.png,clogging_state,Which membrane clogging pattern best describes this field?,open pores,light edge clogging,central mat clogging,patchy multi-zone clogging,B,medium,low_contrast,ring_bias,blue_stain,fragments,lower_left,blue,8,6-8,light edge clogging,count now,60
mpq_80ed07a2acb3f5,mem_scene_00295,images/mem_scene_00295.png,qc_action,What is the best next triage action for this field of view?,count now,reimage focus,dilute and refilter,manual review,B,medium,low_contrast,ring_bias,blue_stain,fragments,lower_left,blue,8,6-8,light edge clogging,reimage focus,60
mpq_3a8cb11ab21971,mem_scene_00296,images/mem_scene_00296.png,dominant_particle_family,Which suspicious particle family is most common in this membrane field?,fibers,fragments,beads,films,B,medium,low_contrast,edge_loaded,standard,fragments,upper_left,black,10,9 or more,patchy multi-zone clogging,count now,55
mpq_225bb333f845af,mem_scene_00296,images/mem_scene_00296.png,hotspot_quadrant,Which quadrant contains the densest suspicious-particle hotspot?,upper left,upper right,lower left,lower right,A,medium,low_contrast,edge_loaded,standard,fragments,upper_left,black,10,9 or more,patchy multi-zone clogging,count now,55
mpq_54310ef77f7d8c,mem_scene_00296,images/mem_scene_00296.png,fiber_tint,What tint is most common among the visible fibers?,blue,red,black,clear or pale,C,medium,low_contrast,edge_loaded,standard,fragments,upper_left,black,10,9 or more,patchy multi-zone clogging,count now,55
mpq_4426562e94aeda,mem_scene_00296,images/mem_scene_00296.png,bead_count,How many round bead-like microplastic particles are visible?,0-12,13-18,19-24,25 or more,A,medium,low_contrast,edge_loaded,standard,fragments,upper_left,black,10,0-12,patchy multi-zone clogging,count now,55
mpq_eea64da90d4026,mem_scene_00296,images/mem_scene_00296.png,clogging_state,Which membrane clogging pattern best describes this field?,open pores,light edge clogging,central mat clogging,patchy multi-zone clogging,D,medium,low_contrast,edge_loaded,standard,fragments,upper_left,black,10,9 or more,patchy multi-zone clogging,count now,55
mpq_c46ea5ef4f9181,mem_scene_00296,images/mem_scene_00296.png,qc_action,What is the best next triage action for this field of view?,count now,reimage focus,dilute and refilter,manual review,B,medium,low_contrast,edge_loaded,standard,fragments,upper_left,black,10,9 or more,patchy multi-zone clogging,reimage focus,55
mpq_ccdae6059ca221,mem_scene_00297,images/mem_scene_00297.png,dominant_particle_family,Which suspicious particle family is most common in this membrane field?,fibers,fragments,beads,films,C,hard,biofilm,edge_loaded,blue_stain,beads,lower_left,blue,49,9 or more,open pores,manual review,109
mpq_a43153bac09d77,mem_scene_00297,images/mem_scene_00297.png,hotspot_quadrant,Which quadrant contains the densest suspicious-particle hotspot?,upper left,upper right,lower left,lower right,C,hard,biofilm,edge_loaded,blue_stain,beads,lower_left,blue,49,9 or more,open pores,manual review,109
mpq_1464d2cb171ea7,mem_scene_00297,images/mem_scene_00297.png,fiber_tint,What tint is most common among the visible fibers?,blue,red,black,clear or pale,A,hard,biofilm,edge_loaded,blue_stain,beads,lower_left,blue,49,9 or more,open pores,manual review,109
mpq_2ffd169acdcea1,mem_scene_00297,images/mem_scene_00297.png,bead_count,How many round bead-like microplastic particles are visible?,0-12,13-18,19-24,25 or more,D,hard,biofilm,edge_loaded,blue_stain,beads,lower_left,blue,49,25 or more,open pores,manual review,109
mpq_9b35f522ae5069,mem_scene_00297,images/mem_scene_00297.png,clogging_state,Which membrane clogging pattern best describes this field?,open pores,light edge clogging,central mat clogging,patchy multi-zone clogging,A,hard,biofilm,edge_loaded,blue_stain,beads,lower_left,blue,49,9 or more,open pores,manual review,109
mpq_32e8abb99b9aa9,mem_scene_00297,images/mem_scene_00297.png,qc_action,What is the best next triage action for this field of view?,count now,reimage focus,dilute and refilter,manual review,D,hard,biofilm,edge_loaded,blue_stain,beads,lower_left,blue,49,9 or more,open pores,manual review,109
mpq_f3965cca28c376,mem_scene_00298,images/mem_scene_00298.png,dominant_particle_family,Which suspicious particle family is most common in this membrane field?,fibers,fragments,beads,films,D,medium,clear,edge_loaded,edge_shadow,films,upper_right,blue,9,9 or more,light edge clogging,manual review,49
mpq_784b350a45b3bb,mem_scene_00298,images/mem_scene_00298.png,hotspot_quadrant,Which quadrant contains the densest suspicious-particle hotspot?,upper left,upper right,lower left,lower right,B,medium,clear,edge_loaded,edge_shadow,films,upper_right,blue,9,9 or more,light edge clogging,manual review,49
mpq_b19eb950fb6ee6,mem_scene_00298,images/mem_scene_00298.png,fiber_tint,What tint is most common among the visible fibers?,blue,red,black,clear or pale,A,medium,clear,edge_loaded,edge_shadow,films,upper_right,blue,9,9 or more,light edge clogging,manual review,49
mpq_3806f7441097ca,mem_scene_00298,images/mem_scene_00298.png,bead_count,How many round bead-like microplastic particles are visible?,0-12,13-18,19-24,25 or more,A,medium,clear,edge_loaded,edge_shadow,films,upper_right,blue,9,0-12,light edge clogging,manual review,49
mpq_2e6c0a5580b659,mem_scene_00298,images/mem_scene_00298.png,clogging_state,Which membrane clogging pattern best describes this field?,open pores,light edge clogging,central mat clogging,patchy multi-zone clogging,B,medium,clear,edge_loaded,edge_shadow,films,upper_right,blue,9,9 or more,light edge clogging,manual review,49
mpq_3593c3bb83a279,mem_scene_00298,images/mem_scene_00298.png,qc_action,What is the best next triage action for this field of view?,count now,reimage focus,dilute and refilter,manual review,D,medium,clear,edge_loaded,edge_shadow,films,upper_right,blue,9,9 or more,light edge clogging,manual review,49
mpq_0a1df17bc7c649,mem_scene_00299,images/mem_scene_00299.png,dominant_particle_family,Which suspicious particle family is most common in this membrane field?,fibers,fragments,beads,films,D,hard,overloaded,diagonal_streak,standard,films,lower_right,blue,25,9 or more,open pores,dilute and refilter,104
mpq_d246656b61bd79,mem_scene_00299,images/mem_scene_00299.png,hotspot_quadrant,Which quadrant contains the densest suspicious-particle hotspot?,upper left,upper right,lower left,lower right,D,hard,overloaded,diagonal_streak,standard,films,lower_right,blue,25,9 or more,open pores,dilute and refilter,104
mpq_733b7ec9c8f9ba,mem_scene_00299,images/mem_scene_00299.png,fiber_tint,What tint is most common among the visible fibers?,blue,red,black,clear or pale,A,hard,overloaded,diagonal_streak,standard,films,lower_right,blue,25,9 or more,open pores,dilute and refilter,104
mpq_ff57f6b0790556,mem_scene_00299,images/mem_scene_00299.png,bead_count,How many round bead-like microplastic particles are visible?,0-12,13-18,19-24,25 or more,D,hard,overloaded,diagonal_streak,standard,films,lower_right,blue,25,25 or more,open pores,dilute and refilter,104
mpq_4559b3b14c7251,mem_scene_00299,images/mem_scene_00299.png,clogging_state,Which membrane clogging pattern best describes this field?,open pores,light edge clogging,central mat clogging,patchy multi-zone clogging,A,hard,overloaded,diagonal_streak,standard,films,lower_right,blue,25,9 or more,open pores,dilute and refilter,104
mpq_38113952406e3a,mem_scene_00299,images/mem_scene_00299.png,qc_action,What is the best next triage action for this field of view?,count now,reimage focus,dilute and refilter,manual review,C,hard,overloaded,diagonal_streak,standard,films,lower_right,blue,25,9 or more,open pores,dilute and refilter,104
mpq_e2dbdd0da64324,mem_scene_00300,images/mem_scene_00300.png,dominant_particle_family,Which suspicious particle family is most common in this membrane field?,fibers,fragments,beads,films,C,medium,clear,diagonal_streak,standard,beads,upper_left,black,26,9 or more,open pores,count now,49
mpq_3c7bc86d5c3dee,mem_scene_00300,images/mem_scene_00300.png,hotspot_quadrant,Which quadrant contains the densest suspicious-particle hotspot?,upper left,upper right,lower left,lower right,A,medium,clear,diagonal_streak,standard,beads,upper_left,black,26,9 or more,open pores,count now,49
mpq_1e5beaea839643,mem_scene_00300,images/mem_scene_00300.png,fiber_tint,What tint is most common among the visible fibers?,blue,red,black,clear or pale,C,medium,clear,diagonal_streak,standard,beads,upper_left,black,26,9 or more,open pores,count now,49
mpq_d7b53c77bcfd90,mem_scene_00300,images/mem_scene_00300.png,bead_count,How many round bead-like microplastic particles are visible?,0-12,13-18,19-24,25 or more,D,medium,clear,diagonal_streak,standard,beads,upper_left,black,26,25 or more,open pores,count now,49
mpq_d72a4f52d8735e,mem_scene_00300,images/mem_scene_00300.png,clogging_state,Which membrane clogging pattern best describes this field?,open pores,light edge clogging,central mat clogging,patchy multi-zone clogging,A,medium,clear,diagonal_streak,standard,beads,upper_left,black,26,9 or more,open pores,count now,49
mpq_972a2f63a78cbc,mem_scene_00300,images/mem_scene_00300.png,qc_action,What is the best next triage action for this field of view?,count now,reimage focus,dilute and refilter,manual review,A,medium,clear,diagonal_streak,standard,beads,upper_left,black,26,9 or more,open pores,count now,49
mpq_e3b2d4cecbdb85,mem_scene_00301,images/mem_scene_00301.png,dominant_particle_family,Which suspicious particle family is most common in this membrane field?,fibers,fragments,beads,films,D,hard,glare,edge_loaded,standard,films,lower_right,blue,25,9 or more,light edge clogging,reimage focus,102
mpq_3b718a1ebe533e,mem_scene_00301,images/mem_scene_00301.png,hotspot_quadrant,Which quadrant contains the densest suspicious-particle hotspot?,upper left,upper right,lower left,lower right,D,hard,glare,edge_loaded,standard,films,lower_right,blue,25,9 or more,light edge clogging,reimage focus,102
mpq_55f86784a7161b,mem_scene_00301,images/mem_scene_00301.png,fiber_tint,What tint is most common among the visible fibers?,blue,red,black,clear or pale,A,hard,glare,edge_loaded,standard,films,lower_right,blue,25,9 or more,light edge clogging,reimage focus,102
mpq_8b9717a959d269,mem_scene_00301,images/mem_scene_00301.png,bead_count,How many round bead-like microplastic particles are visible?,0-12,13-18,19-24,25 or more,D,hard,glare,edge_loaded,standard,films,lower_right,blue,25,25 or more,light edge clogging,reimage focus,102
mpq_8184ba783b0c86,mem_scene_00301,images/mem_scene_00301.png,clogging_state,Which membrane clogging pattern best describes this field?,open pores,light edge clogging,central mat clogging,patchy multi-zone clogging,B,hard,glare,edge_loaded,standard,films,lower_right,blue,25,9 or more,light edge clogging,reimage focus,102
mpq_d587773cd4fff1,mem_scene_00301,images/mem_scene_00301.png,qc_action,What is the best next triage action for this field of view?,count now,reimage focus,dilute and refilter,manual review,B,hard,glare,edge_loaded,standard,films,lower_right,blue,25,9 or more,light edge clogging,reimage focus,102
mpq_e59db068e9d979,mem_scene_00302,images/mem_scene_00302.png,dominant_particle_family,Which suspicious particle family is most common in this membrane field?,fibers,fragments,beads,films,A,hard,glare,ring_bias,standard,fibers,upper_right,blue,13,9 or more,patchy multi-zone clogging,reimage focus,78
mpq_7a80c642d05cfe,mem_scene_00302,images/mem_scene_00302.png,hotspot_quadrant,Which quadrant contains the densest suspicious-particle hotspot?,upper left,upper right,lower left,lower right,B,hard,glare,ring_bias,standard,fibers,upper_right,blue,13,9 or more,patchy multi-zone clogging,reimage focus,78
mpq_62ca0abfd716ae,mem_scene_00302,images/mem_scene_00302.png,fiber_tint,What tint is most common among the visible fibers?,blue,red,black,clear or pale,A,hard,glare,ring_bias,standard,fibers,upper_right,blue,13,9 or more,patchy multi-zone clogging,reimage focus,78
mpq_ca073dd51f0232,mem_scene_00302,images/mem_scene_00302.png,bead_count,How many round bead-like microplastic particles are visible?,0-12,13-18,19-24,25 or more,B,hard,glare,ring_bias,standard,fibers,upper_right,blue,13,13-18,patchy multi-zone clogging,reimage focus,78
mpq_7e84b6031ca14e,mem_scene_00302,images/mem_scene_00302.png,clogging_state,Which membrane clogging pattern best describes this field?,open pores,light edge clogging,central mat clogging,patchy multi-zone clogging,D,hard,glare,ring_bias,standard,fibers,upper_right,blue,13,9 or more,patchy multi-zone clogging,reimage focus,78
mpq_332205fd0aa7b9,mem_scene_00302,images/mem_scene_00302.png,qc_action,What is the best next triage action for this field of view?,count now,reimage focus,dilute and refilter,manual review,B,hard,glare,ring_bias,standard,fibers,upper_right,blue,13,9 or more,patchy multi-zone clogging,reimage focus,78
mpq_f070c267f273dd,mem_scene_00303,images/mem_scene_00303.png,dominant_particle_family,Which suspicious particle family is most common in this membrane field?,fibers,fragments,beads,films,C,medium,glare,diagonal_streak,standard,beads,upper_left,blue,37,9 or more,open pores,count now,72
mpq_997b1f0c277191,mem_scene_00303,images/mem_scene_00303.png,hotspot_quadrant,Which quadrant contains the densest suspicious-particle hotspot?,upper left,upper right,lower left,lower right,A,medium,glare,diagonal_streak,standard,beads,upper_left,blue,37,9 or more,open pores,count now,72
mpq_c89423ef628f35,mem_scene_00303,images/mem_scene_00303.png,fiber_tint,What tint is most common among the visible fibers?,blue,red,black,clear or pale,A,medium,glare,diagonal_streak,standard,beads,upper_left,blue,37,9 or more,open pores,count now,72
mpq_3ac5040e4eb6c6,mem_scene_00303,images/mem_scene_00303.png,bead_count,How many round bead-like microplastic particles are visible?,0-12,13-18,19-24,25 or more,D,medium,glare,diagonal_streak,standard,beads,upper_left,blue,37,25 or more,open pores,count now,72
mpq_842231b70b4989,mem_scene_00303,images/mem_scene_00303.png,clogging_state,Which membrane clogging pattern best describes this field?,open pores,light edge clogging,central mat clogging,patchy multi-zone clogging,A,medium,glare,diagonal_streak,standard,beads,upper_left,blue,37,9 or more,open pores,count now,72
mpq_b44f6a784f74a0,mem_scene_00303,images/mem_scene_00303.png,qc_action,What is the best next triage action for this field of view?,count now,reimage focus,dilute and refilter,manual review,B,medium,glare,diagonal_streak,standard,beads,upper_left,blue,37,9 or more,open pores,reimage focus,72
mpq_8323377cec3640,mem_scene_00304,images/mem_scene_00304.png,dominant_particle_family,Which suspicious particle family is most common in this membrane field?,fibers,fragments,beads,films,A,hard,low_contrast,centered,edge_shadow,fibers,upper_right,blue,20,9 or more,patchy multi-zone clogging,reimage focus,110
mpq_9e59ece0cd1e3a,mem_scene_00304,images/mem_scene_00304.png,hotspot_quadrant,Which quadrant contains the densest suspicious-particle hotspot?,upper left,upper right,lower left,lower right,B,hard,low_contrast,centered,edge_shadow,fibers,upper_right,blue,20,9 or more,patchy multi-zone clogging,reimage focus,110
mpq_16a35fc69998a7,mem_scene_00304,images/mem_scene_00304.png,fiber_tint,What tint is most common among the visible fibers?,blue,red,black,clear or pale,A,hard,low_contrast,centered,edge_shadow,fibers,upper_right,blue,20,9 or more,patchy multi-zone clogging,reimage focus,110
mpq_f757f428cfc1e8,mem_scene_00304,images/mem_scene_00304.png,bead_count,How many round bead-like microplastic particles are visible?,0-12,13-18,19-24,25 or more,C,hard,low_contrast,centered,edge_shadow,fibers,upper_right,blue,20,19-24,patchy multi-zone clogging,reimage focus,110
mpq_7b2242f968e688,mem_scene_00304,images/mem_scene_00304.png,clogging_state,Which membrane clogging pattern best describes this field?,open pores,light edge clogging,central mat clogging,patchy multi-zone clogging,D,hard,low_contrast,centered,edge_shadow,fibers,upper_right,blue,20,9 or more,patchy multi-zone clogging,reimage focus,110
mpq_49063410651f4d,mem_scene_00304,images/mem_scene_00304.png,qc_action,What is the best next triage action for this field of view?,count now,reimage focus,dilute and refilter,manual review,B,hard,low_contrast,centered,edge_shadow,fibers,upper_right,blue,20,9 or more,patchy multi-zone clogging,reimage focus,110
mpq_196df527653ec0,mem_scene_00305,images/mem_scene_00305.png,dominant_particle_family,Which suspicious particle family is most common in this membrane field?,fibers,fragments,beads,films,B,easy,clear,centered,blue_stain,fragments,upper_left,clear or pale,6,6-8,open pores,count now,43
mpq_ac03f0ebcdbd57,mem_scene_00305,images/mem_scene_00305.png,hotspot_quadrant,Which quadrant contains the densest suspicious-particle hotspot?,upper left,upper right,lower left,lower right,A,easy,clear,centered,blue_stain,fragments,upper_left,clear or pale,6,6-8,open pores,count now,43
mpq_e20eae0f530104,mem_scene_00305,images/mem_scene_00305.png,fiber_tint,What tint is most common among the visible fibers?,blue,red,black,clear or pale,D,easy,clear,centered,blue_stain,fragments,upper_left,clear or pale,6,6-8,open pores,count now,43
mpq_7d032c3e2235f3,mem_scene_00305,images/mem_scene_00305.png,bead_count,How many round bead-like microplastic particles are visible?,0-12,13-18,19-24,25 or more,A,easy,clear,centered,blue_stain,fragments,upper_left,clear or pale,6,0-12,open pores,count now,43
mpq_f3cd4ac49b6947,mem_scene_00305,images/mem_scene_00305.png,clogging_state,Which membrane clogging pattern best describes this field?,open pores,light edge clogging,central mat clogging,patchy multi-zone clogging,A,easy,clear,centered,blue_stain,fragments,upper_left,clear or pale,6,6-8,open pores,count now,43
mpq_2c4ded7bcf0d32,mem_scene_00305,images/mem_scene_00305.png,qc_action,What is the best next triage action for this field of view?,count now,reimage focus,dilute and refilter,manual review,A,easy,clear,centered,blue_stain,fragments,upper_left,clear or pale,6,6-8,open pores,count now,43
mpq_8f164955552ea8,mem_scene_00306,images/mem_scene_00306.png,dominant_particle_family,Which suspicious particle family is most common in this membrane field?,fibers,fragments,beads,films,C,medium,clear,diagonal_streak,standard,beads,upper_left,blue,31,9 or more,open pores,count now,55
mpq_f2212522941b91,mem_scene_00306,images/mem_scene_00306.png,hotspot_quadrant,Which quadrant contains the densest suspicious-particle hotspot?,upper left,upper right,lower left,lower right,A,medium,clear,diagonal_streak,standard,beads,upper_left,blue,31,9 or more,open pores,count now,55
mpq_380c2b942b016b,mem_scene_00306,images/mem_scene_00306.png,fiber_tint,What tint is most common among the visible fibers?,blue,red,black,clear or pale,A,medium,clear,diagonal_streak,standard,beads,upper_left,blue,31,9 or more,open pores,count now,55
mpq_81f0d9913b50b0,mem_scene_00306,images/mem_scene_00306.png,bead_count,How many round bead-like microplastic particles are visible?,0-12,13-18,19-24,25 or more,D,medium,clear,diagonal_streak,standard,beads,upper_left,blue,31,25 or more,open pores,count now,55
mpq_e2b931cd067af1,mem_scene_00306,images/mem_scene_00306.png,clogging_state,Which membrane clogging pattern best describes this field?,open pores,light edge clogging,central mat clogging,patchy multi-zone clogging,A,medium,clear,diagonal_streak,standard,beads,upper_left,blue,31,9 or more,open pores,count now,55
mpq_fba309e51029c6,mem_scene_00306,images/mem_scene_00306.png,qc_action,What is the best next triage action for this field of view?,count now,reimage focus,dilute and refilter,manual review,A,medium,clear,diagonal_streak,standard,beads,upper_left,blue,31,9 or more,open pores,count now,55
mpq_a6687afa82dce1,mem_scene_00307,images/mem_scene_00307.png,dominant_particle_family,Which suspicious particle family is most common in this membrane field?,fibers,fragments,beads,films,B,medium,clear,edge_loaded,standard,fragments,upper_right,black,11,9 or more,open pores,count now,74
mpq_66e7a6c06f325e,mem_scene_00307,images/mem_scene_00307.png,hotspot_quadrant,Which quadrant contains the densest suspicious-particle hotspot?,upper left,upper right,lower left,lower right,B,medium,clear,edge_loaded,standard,fragments,upper_right,black,11,9 or more,open pores,count now,74
mpq_aa1b1e651d7531,mem_scene_00307,images/mem_scene_00307.png,fiber_tint,What tint is most common among the visible fibers?,blue,red,black,clear or pale,C,medium,clear,edge_loaded,standard,fragments,upper_right,black,11,9 or more,open pores,count now,74
mpq_995f2369b82335,mem_scene_00307,images/mem_scene_00307.png,bead_count,How many round bead-like microplastic particles are visible?,0-12,13-18,19-24,25 or more,A,medium,clear,edge_loaded,standard,fragments,upper_right,black,11,0-12,open pores,count now,74
mpq_a59c0eafd56e2d,mem_scene_00307,images/mem_scene_00307.png,clogging_state,Which membrane clogging pattern best describes this field?,open pores,light edge clogging,central mat clogging,patchy multi-zone clogging,A,medium,clear,edge_loaded,standard,fragments,upper_right,black,11,9 or more,open pores,count now,74
mpq_d4147024d12d66,mem_scene_00307,images/mem_scene_00307.png,qc_action,What is the best next triage action for this field of view?,count now,reimage focus,dilute and refilter,manual review,A,medium,clear,edge_loaded,standard,fragments,upper_right,black,11,9 or more,open pores,count now,74
mpq_551bac8bcb3b0a,mem_scene_00308,images/mem_scene_00308.png,dominant_particle_family,Which suspicious particle family is most common in this membrane field?,fibers,fragments,beads,films,C,medium,glare,diagonal_streak,edge_shadow,beads,lower_right,blue,35,9 or more,patchy multi-zone clogging,manual review,71
mpq_98da87950fb0d8,mem_scene_00308,images/mem_scene_00308.png,hotspot_quadrant,Which quadrant contains the densest suspicious-particle hotspot?,upper left,upper right,lower left,lower right,D,medium,glare,diagonal_streak,edge_shadow,beads,lower_right,blue,35,9 or more,patchy multi-zone clogging,manual review,71
mpq_89844d79781dbd,mem_scene_00308,images/mem_scene_00308.png,fiber_tint,What tint is most common among the visible fibers?,blue,red,black,clear or pale,A,medium,glare,diagonal_streak,edge_shadow,beads,lower_right,blue,35,9 or more,patchy multi-zone clogging,manual review,71
mpq_64ed8b04be5eb5,mem_scene_00308,images/mem_scene_00308.png,bead_count,How many round bead-like microplastic particles are visible?,0-12,13-18,19-24,25 or more,D,medium,glare,diagonal_streak,edge_shadow,beads,lower_right,blue,35,25 or more,patchy multi-zone clogging,manual review,71
mpq_f1184ee4cdf251,mem_scene_00308,images/mem_scene_00308.png,clogging_state,Which membrane clogging pattern best describes this field?,open pores,light edge clogging,central mat clogging,patchy multi-zone clogging,D,medium,glare,diagonal_streak,edge_shadow,beads,lower_right,blue,35,9 or more,patchy multi-zone clogging,manual review,71
mpq_f1540ea91a9134,mem_scene_00308,images/mem_scene_00308.png,qc_action,What is the best next triage action for this field of view?,count now,reimage focus,dilute and refilter,manual review,B,medium,glare,diagonal_streak,edge_shadow,beads,lower_right,blue,35,9 or more,patchy multi-zone clogging,reimage focus,71
mpq_8d663dc566f4f7,mem_scene_00309,images/mem_scene_00309.png,dominant_particle_family,Which suspicious particle family is most common in this membrane field?,fibers,fragments,beads,films,D,medium,clear,centered,edge_shadow,films,upper_right,clear or pale,8,6-8,patchy multi-zone clogging,manual review,69
mpq_8b0d8d94e112d3,mem_scene_00309,images/mem_scene_00309.png,hotspot_quadrant,Which quadrant contains the densest suspicious-particle hotspot?,upper left,upper right,lower left,lower right,B,medium,clear,centered,edge_shadow,films,upper_right,clear or pale,8,6-8,patchy multi-zone clogging,manual review,69
mpq_4b8be6a2c0e832,mem_scene_00309,images/mem_scene_00309.png,fiber_tint,What tint is most common among the visible fibers?,blue,red,black,clear or pale,D,medium,clear,centered,edge_shadow,films,upper_right,clear or pale,8,6-8,patchy multi-zone clogging,manual review,69
mpq_f4786ce0a4a6e8,mem_scene_00309,images/mem_scene_00309.png,bead_count,How many round bead-like microplastic particles are visible?,0-12,13-18,19-24,25 or more,A,medium,clear,centered,edge_shadow,films,upper_right,clear or pale,8,0-12,patchy multi-zone clogging,manual review,69
mpq_5b2fd7ab3ed0c8,mem_scene_00309,images/mem_scene_00309.png,clogging_state,Which membrane clogging pattern best describes this field?,open pores,light edge clogging,central mat clogging,patchy multi-zone clogging,D,medium,clear,centered,edge_shadow,films,upper_right,clear or pale,8,6-8,patchy multi-zone clogging,manual review,69
mpq_4ebfc2c59740c3,mem_scene_00309,images/mem_scene_00309.png,qc_action,What is the best next triage action for this field of view?,count now,reimage focus,dilute and refilter,manual review,D,medium,clear,centered,edge_shadow,films,upper_right,clear or pale,8,6-8,patchy multi-zone clogging,manual review,69
mpq_f67a7c69782281,mem_scene_00310,images/mem_scene_00310.png,dominant_particle_family,Which suspicious particle family is most common in this membrane field?,fibers,fragments,beads,films,A,medium,biofilm,centered,standard,fibers,lower_right,black,4,3-5,open pores,manual review,48
mpq_a0f5b427011c2e,mem_scene_00310,images/mem_scene_00310.png,hotspot_quadrant,Which quadrant contains the densest suspicious-particle hotspot?,upper left,upper right,lower left,lower right,D,medium,biofilm,centered,standard,fibers,lower_right,black,4,3-5,open pores,manual review,48
mpq_7e154f8e704a89,mem_scene_00310,images/mem_scene_00310.png,fiber_tint,What tint is most common among the visible fibers?,blue,red,black,clear or pale,C,medium,biofilm,centered,standard,fibers,lower_right,black,4,3-5,open pores,manual review,48
mpq_7f3140830edba8,mem_scene_00310,images/mem_scene_00310.png,bead_count,How many round bead-like microplastic particles are visible?,0-12,13-18,19-24,25 or more,A,medium,biofilm,centered,standard,fibers,lower_right,black,4,0-12,open pores,manual review,48
mpq_4147fef8a1deba,mem_scene_00310,images/mem_scene_00310.png,clogging_state,Which membrane clogging pattern best describes this field?,open pores,light edge clogging,central mat clogging,patchy multi-zone clogging,A,medium,biofilm,centered,standard,fibers,lower_right,black,4,3-5,open pores,manual review,48
mpq_045b5d72fc47f1,mem_scene_00310,images/mem_scene_00310.png,qc_action,What is the best next triage action for this field of view?,count now,reimage focus,dilute and refilter,manual review,D,medium,biofilm,centered,standard,fibers,lower_right,black,4,3-5,open pores,manual review,48
mpq_7750246c9d3912,mem_scene_00311,images/mem_scene_00311.png,dominant_particle_family,Which suspicious particle family is most common in this membrane field?,fibers,fragments,beads,films,B,easy,overloaded,centered,standard,fragments,lower_right,red,11,9 or more,central mat clogging,dilute and refilter,38
mpq_40886f6da6d1aa,mem_scene_00311,images/mem_scene_00311.png,hotspot_quadrant,Which quadrant contains the densest suspicious-particle hotspot?,upper left,upper right,lower left,lower right,D,easy,overloaded,centered,standard,fragments,lower_right,red,11,9 or more,central mat clogging,dilute and refilter,38
mpq_16f6562c4f15fc,mem_scene_00311,images/mem_scene_00311.png,fiber_tint,What tint is most common among the visible fibers?,blue,red,black,clear or pale,B,easy,overloaded,centered,standard,fragments,lower_right,red,11,9 or more,central mat clogging,dilute and refilter,38
mpq_216f55df569519,mem_scene_00311,images/mem_scene_00311.png,bead_count,How many round bead-like microplastic particles are visible?,0-12,13-18,19-24,25 or more,A,easy,overloaded,centered,standard,fragments,lower_right,red,11,0-12,central mat clogging,dilute and refilter,38
mpq_630a4225476e80,mem_scene_00311,images/mem_scene_00311.png,clogging_state,Which membrane clogging pattern best describes this field?,open pores,light edge clogging,central mat clogging,patchy multi-zone clogging,C,easy,overloaded,centered,standard,fragments,lower_right,red,11,9 or more,central mat clogging,dilute and refilter,38
mpq_6ea5cbecfd0b29,mem_scene_00311,images/mem_scene_00311.png,qc_action,What is the best next triage action for this field of view?,count now,reimage focus,dilute and refilter,manual review,C,easy,overloaded,centered,standard,fragments,lower_right,red,11,9 or more,central mat clogging,dilute and refilter,38
mpq_5cc30a556c604b,mem_scene_00312,images/mem_scene_00312.png,dominant_particle_family,Which suspicious particle family is most common in this membrane field?,fibers,fragments,beads,films,A,hard,clear,centered,edge_shadow,fibers,lower_right,blue,20,9 or more,patchy multi-zone clogging,dilute and refilter,96
mpq_775f2445852d37,mem_scene_00312,images/mem_scene_00312.png,hotspot_quadrant,Which quadrant contains the densest suspicious-particle hotspot?,upper left,upper right,lower left,lower right,D,hard,clear,centered,edge_shadow,fibers,lower_right,blue,20,9 or more,patchy multi-zone clogging,dilute and refilter,96
mpq_6dfdbe90dce7a4,mem_scene_00312,images/mem_scene_00312.png,fiber_tint,What tint is most common among the visible fibers?,blue,red,black,clear or pale,A,hard,clear,centered,edge_shadow,fibers,lower_right,blue,20,9 or more,patchy multi-zone clogging,dilute and refilter,96
mpq_a4b552311a526b,mem_scene_00312,images/mem_scene_00312.png,bead_count,How many round bead-like microplastic particles are visible?,0-12,13-18,19-24,25 or more,C,hard,clear,centered,edge_shadow,fibers,lower_right,blue,20,19-24,patchy multi-zone clogging,dilute and refilter,96
mpq_548625871a93d8,mem_scene_00312,images/mem_scene_00312.png,clogging_state,Which membrane clogging pattern best describes this field?,open pores,light edge clogging,central mat clogging,patchy multi-zone clogging,D,hard,clear,centered,edge_shadow,fibers,lower_right,blue,20,9 or more,patchy multi-zone clogging,dilute and refilter,96
mpq_5edd9cd7f4b83b,mem_scene_00312,images/mem_scene_00312.png,qc_action,What is the best next triage action for this field of view?,count now,reimage focus,dilute and refilter,manual review,C,hard,clear,centered,edge_shadow,fibers,lower_right,blue,20,9 or more,patchy multi-zone clogging,dilute and refilter,96
mpq_c503d17dfcd01f,mem_scene_00313,images/mem_scene_00313.png,dominant_particle_family,Which suspicious particle family is most common in this membrane field?,fibers,fragments,beads,films,D,medium,biofilm,centered,standard,films,upper_left,black,12,9 or more,open pores,manual review,72
mpq_c07c9ed8edf849,mem_scene_00313,images/mem_scene_00313.png,hotspot_quadrant,Which quadrant contains the densest suspicious-particle hotspot?,upper left,upper right,lower left,lower right,A,medium,biofilm,centered,standard,films,upper_left,black,12,9 or more,open pores,manual review,72
mpq_5d93ba0110754a,mem_scene_00313,images/mem_scene_00313.png,fiber_tint,What tint is most common among the visible fibers?,blue,red,black,clear or pale,C,medium,biofilm,centered,standard,films,upper_left,black,12,9 or more,open pores,manual review,72
mpq_e35aea7d5da57d,mem_scene_00313,images/mem_scene_00313.png,bead_count,How many round bead-like microplastic particles are visible?,0-12,13-18,19-24,25 or more,A,medium,biofilm,centered,standard,films,upper_left,black,12,0-12,open pores,manual review,72
mpq_e98884f53ba24d,mem_scene_00313,images/mem_scene_00313.png,clogging_state,Which membrane clogging pattern best describes this field?,open pores,light edge clogging,central mat clogging,patchy multi-zone clogging,A,medium,biofilm,centered,standard,films,upper_left,black,12,9 or more,open pores,manual review,72
mpq_14f92482f4d1d9,mem_scene_00313,images/mem_scene_00313.png,qc_action,What is the best next triage action for this field of view?,count now,reimage focus,dilute and refilter,manual review,D,medium,biofilm,centered,standard,films,upper_left,black,12,9 or more,open pores,manual review,72
mpq_c14a244214a598,mem_scene_00314,images/mem_scene_00314.png,dominant_particle_family,Which suspicious particle family is most common in this membrane field?,fibers,fragments,beads,films,C,medium,glare,ring_bias,standard,beads,upper_right,red,26,9 or more,central mat clogging,count now,62
mpq_175d935a77aaa0,mem_scene_00314,images/mem_scene_00314.png,hotspot_quadrant,Which quadrant contains the densest suspicious-particle hotspot?,upper left,upper right,lower left,lower right,B,medium,glare,ring_bias,standard,beads,upper_right,red,26,9 or more,central mat clogging,count now,62
mpq_27146f317a06c7,mem_scene_00314,images/mem_scene_00314.png,fiber_tint,What tint is most common among the visible fibers?,blue,red,black,clear or pale,B,medium,glare,ring_bias,standard,beads,upper_right,red,26,9 or more,central mat clogging,count now,62
mpq_a3b903be1c95be,mem_scene_00314,images/mem_scene_00314.png,bead_count,How many round bead-like microplastic particles are visible?,0-12,13-18,19-24,25 or more,D,medium,glare,ring_bias,standard,beads,upper_right,red,26,25 or more,central mat clogging,count now,62
mpq_2c154f1ae639fd,mem_scene_00314,images/mem_scene_00314.png,clogging_state,Which membrane clogging pattern best describes this field?,open pores,light edge clogging,central mat clogging,patchy multi-zone clogging,C,medium,glare,ring_bias,standard,beads,upper_right,red,26,9 or more,central mat clogging,count now,62
mpq_6c05f328ed1f69,mem_scene_00314,images/mem_scene_00314.png,qc_action,What is the best next triage action for this field of view?,count now,reimage focus,dilute and refilter,manual review,B,medium,glare,ring_bias,standard,beads,upper_right,red,26,9 or more,central mat clogging,reimage focus,62
mpq_290ee73f6bd14f,mem_scene_00315,images/mem_scene_00315.png,dominant_particle_family,Which suspicious particle family is most common in this membrane field?,fibers,fragments,beads,films,A,hard,clear,edge_loaded,edge_shadow,fibers,upper_right,blue,23,9 or more,central mat clogging,dilute and refilter,118
mpq_ced49c48d41552,mem_scene_00315,images/mem_scene_00315.png,hotspot_quadrant,Which quadrant contains the densest suspicious-particle hotspot?,upper left,upper right,lower left,lower right,B,hard,clear,edge_loaded,edge_shadow,fibers,upper_right,blue,23,9 or more,central mat clogging,dilute and refilter,118
mpq_e7f408018743ac,mem_scene_00315,images/mem_scene_00315.png,fiber_tint,What tint is most common among the visible fibers?,blue,red,black,clear or pale,A,hard,clear,edge_loaded,edge_shadow,fibers,upper_right,blue,23,9 or more,central mat clogging,dilute and refilter,118
mpq_b8595f49e045b2,mem_scene_00315,images/mem_scene_00315.png,bead_count,How many round bead-like microplastic particles are visible?,0-12,13-18,19-24,25 or more,C,hard,clear,edge_loaded,edge_shadow,fibers,upper_right,blue,23,19-24,central mat clogging,dilute and refilter,118
mpq_4085149b1e8502,mem_scene_00315,images/mem_scene_00315.png,clogging_state,Which membrane clogging pattern best describes this field?,open pores,light edge clogging,central mat clogging,patchy multi-zone clogging,C,hard,clear,edge_loaded,edge_shadow,fibers,upper_right,blue,23,9 or more,central mat clogging,dilute and refilter,118
mpq_d2a457219b3302,mem_scene_00315,images/mem_scene_00315.png,qc_action,What is the best next triage action for this field of view?,count now,reimage focus,dilute and refilter,manual review,C,hard,clear,edge_loaded,edge_shadow,fibers,upper_right,blue,23,9 or more,central mat clogging,dilute and refilter,118
mpq_fecc4998131ddc,mem_scene_00316,images/mem_scene_00316.png,dominant_particle_family,Which suspicious particle family is most common in this membrane field?,fibers,fragments,beads,films,C,hard,clear,centered,standard,beads,upper_left,blue,44,9 or more,light edge clogging,count now,107
mpq_25d166a9867b7d,mem_scene_00316,images/mem_scene_00316.png,hotspot_quadrant,Which quadrant contains the densest suspicious-particle hotspot?,upper left,upper right,lower left,lower right,A,hard,clear,centered,standard,beads,upper_left,blue,44,9 or more,light edge clogging,count now,107
mpq_f3088ca1923733,mem_scene_00316,images/mem_scene_00316.png,fiber_tint,What tint is most common among the visible fibers?,blue,red,black,clear or pale,A,hard,clear,centered,standard,beads,upper_left,blue,44,9 or more,light edge clogging,count now,107
mpq_5e9a2d51c23f4a,mem_scene_00316,images/mem_scene_00316.png,bead_count,How many round bead-like microplastic particles are visible?,0-12,13-18,19-24,25 or more,D,hard,clear,centered,standard,beads,upper_left,blue,44,25 or more,light edge clogging,count now,107
mpq_ca2ff696e2170a,mem_scene_00316,images/mem_scene_00316.png,clogging_state,Which membrane clogging pattern best describes this field?,open pores,light edge clogging,central mat clogging,patchy multi-zone clogging,B,hard,clear,centered,standard,beads,upper_left,blue,44,9 or more,light edge clogging,count now,107
mpq_958114f40d7614,mem_scene_00316,images/mem_scene_00316.png,qc_action,What is the best next triage action for this field of view?,count now,reimage focus,dilute and refilter,manual review,A,hard,clear,centered,standard,beads,upper_left,blue,44,9 or more,light edge clogging,count now,107
mpq_7982cfa1b60ba9,mem_scene_00317,images/mem_scene_00317.png,dominant_particle_family,Which suspicious particle family is most common in this membrane field?,fibers,fragments,beads,films,C,easy,biofilm,ring_bias,standard,beads,lower_right,blue,17,9 or more,light edge clogging,manual review,37
mpq_89111c5d3509d8,mem_scene_00317,images/mem_scene_00317.png,hotspot_quadrant,Which quadrant contains the densest suspicious-particle hotspot?,upper left,upper right,lower left,lower right,D,easy,biofilm,ring_bias,standard,beads,lower_right,blue,17,9 or more,light edge clogging,manual review,37
mpq_241a2609f94319,mem_scene_00317,images/mem_scene_00317.png,fiber_tint,What tint is most common among the visible fibers?,blue,red,black,clear or pale,A,easy,biofilm,ring_bias,standard,beads,lower_right,blue,17,9 or more,light edge clogging,manual review,37
mpq_4fa1bbc61bc827,mem_scene_00317,images/mem_scene_00317.png,bead_count,How many round bead-like microplastic particles are visible?,0-12,13-18,19-24,25 or more,B,easy,biofilm,ring_bias,standard,beads,lower_right,blue,17,13-18,light edge clogging,manual review,37
mpq_2359679629b5af,mem_scene_00317,images/mem_scene_00317.png,clogging_state,Which membrane clogging pattern best describes this field?,open pores,light edge clogging,central mat clogging,patchy multi-zone clogging,B,easy,biofilm,ring_bias,standard,beads,lower_right,blue,17,9 or more,light edge clogging,manual review,37
mpq_cbbf53a22067fb,mem_scene_00317,images/mem_scene_00317.png,qc_action,What is the best next triage action for this field of view?,count now,reimage focus,dilute and refilter,manual review,D,easy,biofilm,ring_bias,standard,beads,lower_right,blue,17,9 or more,light edge clogging,manual review,37
mpq_64f460d33e24d8,mem_scene_00318,images/mem_scene_00318.png,dominant_particle_family,Which suspicious particle family is most common in this membrane field?,fibers,fragments,beads,films,C,medium,clear,centered,standard,beads,lower_right,clear or pale,29,9 or more,central mat clogging,count now,55
mpq_d38d33dc1e52d6,mem_scene_00318,images/mem_scene_00318.png,hotspot_quadrant,Which quadrant contains the densest suspicious-particle hotspot?,upper left,upper right,lower left,lower right,D,medium,clear,centered,standard,beads,lower_right,clear or pale,29,9 or more,central mat clogging,count now,55
mpq_1d195f4b319149,mem_scene_00318,images/mem_scene_00318.png,fiber_tint,What tint is most common among the visible fibers?,blue,red,black,clear or pale,D,medium,clear,centered,standard,beads,lower_right,clear or pale,29,9 or more,central mat clogging,count now,55
mpq_8656139e734260,mem_scene_00318,images/mem_scene_00318.png,bead_count,How many round bead-like microplastic particles are visible?,0-12,13-18,19-24,25 or more,D,medium,clear,centered,standard,beads,lower_right,clear or pale,29,25 or more,central mat clogging,count now,55
mpq_6141c3773c77ec,mem_scene_00318,images/mem_scene_00318.png,clogging_state,Which membrane clogging pattern best describes this field?,open pores,light edge clogging,central mat clogging,patchy multi-zone clogging,C,medium,clear,centered,standard,beads,lower_right,clear or pale,29,9 or more,central mat clogging,count now,55
mpq_ae92e53cb75f31,mem_scene_00318,images/mem_scene_00318.png,qc_action,What is the best next triage action for this field of view?,count now,reimage focus,dilute and refilter,manual review,A,medium,clear,centered,standard,beads,lower_right,clear or pale,29,9 or more,central mat clogging,count now,55
mpq_f7cee740cc801f,mem_scene_00319,images/mem_scene_00319.png,dominant_particle_family,Which suspicious particle family is most common in this membrane field?,fibers,fragments,beads,films,B,hard,overloaded,centered,edge_shadow,fragments,lower_right,red,14,9 or more,open pores,dilute and refilter,80
mpq_bcbc941e368b54,mem_scene_00319,images/mem_scene_00319.png,hotspot_quadrant,Which quadrant contains the densest suspicious-particle hotspot?,upper left,upper right,lower left,lower right,D,hard,overloaded,centered,edge_shadow,fragments,lower_right,red,14,9 or more,open pores,dilute and refilter,80
mpq_f0597d56d76d5d,mem_scene_00319,images/mem_scene_00319.png,fiber_tint,What tint is most common among the visible fibers?,blue,red,black,clear or pale,B,hard,overloaded,centered,edge_shadow,fragments,lower_right,red,14,9 or more,open pores,dilute and refilter,80
mpq_17f780392798a3,mem_scene_00319,images/mem_scene_00319.png,bead_count,How many round bead-like microplastic particles are visible?,0-12,13-18,19-24,25 or more,B,hard,overloaded,centered,edge_shadow,fragments,lower_right,red,14,13-18,open pores,dilute and refilter,80
mpq_9f33785f2ccb97,mem_scene_00319,images/mem_scene_00319.png,clogging_state,Which membrane clogging pattern best describes this field?,open pores,light edge clogging,central mat clogging,patchy multi-zone clogging,A,hard,overloaded,centered,edge_shadow,fragments,lower_right,red,14,9 or more,open pores,dilute and refilter,80
mpq_e0f041b6e92222,mem_scene_00319,images/mem_scene_00319.png,qc_action,What is the best next triage action for this field of view?,count now,reimage focus,dilute and refilter,manual review,C,hard,overloaded,centered,edge_shadow,fragments,lower_right,red,14,9 or more,open pores,dilute and refilter,80
mpq_922dbbd664824d,mem_scene_00320,images/mem_scene_00320.png,dominant_particle_family,Which suspicious particle family is most common in this membrane field?,fibers,fragments,beads,films,B,easy,overloaded,centered,standard,fragments,upper_right,black,10,9 or more,patchy multi-zone clogging,dilute and refilter,43
mpq_0ab535782f1f2e,mem_scene_00320,images/mem_scene_00320.png,hotspot_quadrant,Which quadrant contains the densest suspicious-particle hotspot?,upper left,upper right,lower left,lower right,B,easy,overloaded,centered,standard,fragments,upper_right,black,10,9 or more,patchy multi-zone clogging,dilute and refilter,43
mpq_96481874c3039e,mem_scene_00320,images/mem_scene_00320.png,fiber_tint,What tint is most common among the visible fibers?,blue,red,black,clear or pale,C,easy,overloaded,centered,standard,fragments,upper_right,black,10,9 or more,patchy multi-zone clogging,dilute and refilter,43
mpq_9cc42b67bdeb09,mem_scene_00320,images/mem_scene_00320.png,bead_count,How many round bead-like microplastic particles are visible?,0-12,13-18,19-24,25 or more,A,easy,overloaded,centered,standard,fragments,upper_right,black,10,0-12,patchy multi-zone clogging,dilute and refilter,43
mpq_9c87961bd3c17e,mem_scene_00320,images/mem_scene_00320.png,clogging_state,Which membrane clogging pattern best describes this field?,open pores,light edge clogging,central mat clogging,patchy multi-zone clogging,D,easy,overloaded,centered,standard,fragments,upper_right,black,10,9 or more,patchy multi-zone clogging,dilute and refilter,43
mpq_d243e4a0c24cbb,mem_scene_00320,images/mem_scene_00320.png,qc_action,What is the best next triage action for this field of view?,count now,reimage focus,dilute and refilter,manual review,C,easy,overloaded,centered,standard,fragments,upper_right,black,10,9 or more,patchy multi-zone clogging,dilute and refilter,43
mpq_0c4ebeeb42f120,mem_scene_00321,images/mem_scene_00321.png,dominant_particle_family,Which suspicious particle family is most common in this membrane field?,fibers,fragments,beads,films,A,easy,overloaded,centered,standard,fibers,lower_right,blue,9,9 or more,open pores,dilute and refilter,37
mpq_fac7bd4d886f82,mem_scene_00321,images/mem_scene_00321.png,hotspot_quadrant,Which quadrant contains the densest suspicious-particle hotspot?,upper left,upper right,lower left,lower right,D,easy,overloaded,centered,standard,fibers,lower_right,blue,9,9 or more,open pores,dilute and refilter,37
mpq_170cad5dec8c74,mem_scene_00321,images/mem_scene_00321.png,fiber_tint,What tint is most common among the visible fibers?,blue,red,black,clear or pale,A,easy,overloaded,centered,standard,fibers,lower_right,blue,9,9 or more,open pores,dilute and refilter,37
mpq_d833140bc72c96,mem_scene_00321,images/mem_scene_00321.png,bead_count,How many round bead-like microplastic particles are visible?,0-12,13-18,19-24,25 or more,A,easy,overloaded,centered,standard,fibers,lower_right,blue,9,0-12,open pores,dilute and refilter,37
mpq_3d672bda9cdd78,mem_scene_00321,images/mem_scene_00321.png,clogging_state,Which membrane clogging pattern best describes this field?,open pores,light edge clogging,central mat clogging,patchy multi-zone clogging,A,easy,overloaded,centered,standard,fibers,lower_right,blue,9,9 or more,open pores,dilute and refilter,37
mpq_0dbdf659c151b3,mem_scene_00321,images/mem_scene_00321.png,qc_action,What is the best next triage action for this field of view?,count now,reimage focus,dilute and refilter,manual review,C,easy,overloaded,centered,standard,fibers,lower_right,blue,9,9 or more,open pores,dilute and refilter,37
mpq_669f32a0cf0403,mem_scene_00322,images/mem_scene_00322.png,dominant_particle_family,Which suspicious particle family is most common in this membrane field?,fibers,fragments,beads,films,D,easy,clear,centered,standard,films,upper_left,clear or pale,7,6-8,light edge clogging,count now,33
mpq_8108270b39248e,mem_scene_00322,images/mem_scene_00322.png,hotspot_quadrant,Which quadrant contains the densest suspicious-particle hotspot?,upper left,upper right,lower left,lower right,A,easy,clear,centered,standard,films,upper_left,clear or pale,7,6-8,light edge clogging,count now,33
mpq_533bff299f8767,mem_scene_00322,images/mem_scene_00322.png,fiber_tint,What tint is most common among the visible fibers?,blue,red,black,clear or pale,D,easy,clear,centered,standard,films,upper_left,clear or pale,7,6-8,light edge clogging,count now,33
mpq_73991ad6e0cbdb,mem_scene_00322,images/mem_scene_00322.png,bead_count,How many round bead-like microplastic particles are visible?,0-12,13-18,19-24,25 or more,A,easy,clear,centered,standard,films,upper_left,clear or pale,7,0-12,light edge clogging,count now,33
mpq_498da2d7695595,mem_scene_00322,images/mem_scene_00322.png,clogging_state,Which membrane clogging pattern best describes this field?,open pores,light edge clogging,central mat clogging,patchy multi-zone clogging,B,easy,clear,centered,standard,films,upper_left,clear or pale,7,6-8,light edge clogging,count now,33
mpq_e0b24e14fdf3a7,mem_scene_00322,images/mem_scene_00322.png,qc_action,What is the best next triage action for this field of view?,count now,reimage focus,dilute and refilter,manual review,A,easy,clear,centered,standard,films,upper_left,clear or pale,7,6-8,light edge clogging,count now,33
mpq_eb47d6b6b6ed8e,mem_scene_00323,images/mem_scene_00323.png,dominant_particle_family,Which suspicious particle family is most common in this membrane field?,fibers,fragments,beads,films,B,hard,clear,edge_loaded,standard,fragments,upper_right,blue,18,9 or more,open pores,count now,119
mpq_1e67f1b4d8e309,mem_scene_00323,images/mem_scene_00323.png,hotspot_quadrant,Which quadrant contains the densest suspicious-particle hotspot?,upper left,upper right,lower left,lower right,B,hard,clear,edge_loaded,standard,fragments,upper_right,blue,18,9 or more,open pores,count now,119
mpq_aede42f97d0fba,mem_scene_00323,images/mem_scene_00323.png,fiber_tint,What tint is most common among the visible fibers?,blue,red,black,clear or pale,A,hard,clear,edge_loaded,standard,fragments,upper_right,blue,18,9 or more,open pores,count now,119
mpq_58a19421b7913f,mem_scene_00323,images/mem_scene_00323.png,bead_count,How many round bead-like microplastic particles are visible?,0-12,13-18,19-24,25 or more,B,hard,clear,edge_loaded,standard,fragments,upper_right,blue,18,13-18,open pores,count now,119
mpq_430a4ca8451136,mem_scene_00323,images/mem_scene_00323.png,clogging_state,Which membrane clogging pattern best describes this field?,open pores,light edge clogging,central mat clogging,patchy multi-zone clogging,A,hard,clear,edge_loaded,standard,fragments,upper_right,blue,18,9 or more,open pores,count now,119
mpq_ef6d7f86b38767,mem_scene_00323,images/mem_scene_00323.png,qc_action,What is the best next triage action for this field of view?,count now,reimage focus,dilute and refilter,manual review,A,hard,clear,edge_loaded,standard,fragments,upper_right,blue,18,9 or more,open pores,count now,119
mpq_c39c9dd79d137f,mem_scene_00324,images/mem_scene_00324.png,dominant_particle_family,Which suspicious particle family is most common in this membrane field?,fibers,fragments,beads,films,B,easy,low_contrast,ring_bias,bubble_ring,fragments,upper_right,blue,5,3-5,patchy multi-zone clogging,manual review,27
mpq_0ed3bf20bfb7ea,mem_scene_00324,images/mem_scene_00324.png,hotspot_quadrant,Which quadrant contains the densest suspicious-particle hotspot?,upper left,upper right,lower left,lower right,B,easy,low_contrast,ring_bias,bubble_ring,fragments,upper_right,blue,5,3-5,patchy multi-zone clogging,manual review,27
mpq_18ee48d708cc98,mem_scene_00324,images/mem_scene_00324.png,fiber_tint,What tint is most common among the visible fibers?,blue,red,black,clear or pale,A,easy,low_contrast,ring_bias,bubble_ring,fragments,upper_right,blue,5,3-5,patchy multi-zone clogging,manual review,27
mpq_1a643137628111,mem_scene_00324,images/mem_scene_00324.png,bead_count,How many round bead-like microplastic particles are visible?,0-12,13-18,19-24,25 or more,A,easy,low_contrast,ring_bias,bubble_ring,fragments,upper_right,blue,5,0-12,patchy multi-zone clogging,manual review,27
mpq_2baa5cb5ad1f14,mem_scene_00324,images/mem_scene_00324.png,clogging_state,Which membrane clogging pattern best describes this field?,open pores,light edge clogging,central mat clogging,patchy multi-zone clogging,D,easy,low_contrast,ring_bias,bubble_ring,fragments,upper_right,blue,5,3-5,patchy multi-zone clogging,manual review,27
mpq_5b9d9eac38f942,mem_scene_00324,images/mem_scene_00324.png,qc_action,What is the best next triage action for this field of view?,count now,reimage focus,dilute and refilter,manual review,B,easy,low_contrast,ring_bias,bubble_ring,fragments,upper_right,blue,5,3-5,patchy multi-zone clogging,reimage focus,27
mpq_f8fa002ebf03fb,mem_scene_00325,images/mem_scene_00325.png,dominant_particle_family,Which suspicious particle family is most common in this membrane field?,fibers,fragments,beads,films,C,hard,clear,diagonal_streak,edge_shadow,beads,lower_right,red,56,9 or more,open pores,manual review,118
mpq_14a4e511fa9fb8,mem_scene_00325,images/mem_scene_00325.png,hotspot_quadrant,Which quadrant contains the densest suspicious-particle hotspot?,upper left,upper right,lower left,lower right,D,hard,clear,diagonal_streak,edge_shadow,beads,lower_right,red,56,9 or more,open pores,manual review,118
mpq_4ad0ecc517ce3a,mem_scene_00325,images/mem_scene_00325.png,fiber_tint,What tint is most common among the visible fibers?,blue,red,black,clear or pale,B,hard,clear,diagonal_streak,edge_shadow,beads,lower_right,red,56,9 or more,open pores,manual review,118
mpq_ffe85b21d89fa6,mem_scene_00325,images/mem_scene_00325.png,bead_count,How many round bead-like microplastic particles are visible?,0-12,13-18,19-24,25 or more,D,hard,clear,diagonal_streak,edge_shadow,beads,lower_right,red,56,25 or more,open pores,manual review,118
mpq_704a2e1413ae15,mem_scene_00325,images/mem_scene_00325.png,clogging_state,Which membrane clogging pattern best describes this field?,open pores,light edge clogging,central mat clogging,patchy multi-zone clogging,A,hard,clear,diagonal_streak,edge_shadow,beads,lower_right,red,56,9 or more,open pores,manual review,118
mpq_6dc2cb89f1e039,mem_scene_00325,images/mem_scene_00325.png,qc_action,What is the best next triage action for this field of view?,count now,reimage focus,dilute and refilter,manual review,D,hard,clear,diagonal_streak,edge_shadow,beads,lower_right,red,56,9 or more,open pores,manual review,118
mpq_f467c007b8c5c5,mem_scene_00326,images/mem_scene_00326.png,dominant_particle_family,Which suspicious particle family is most common in this membrane field?,fibers,fragments,beads,films,B,hard,clear,diagonal_streak,standard,fragments,upper_right,blue,21,9 or more,open pores,count now,119
mpq_5002d373cf23c4,mem_scene_00326,images/mem_scene_00326.png,hotspot_quadrant,Which quadrant contains the densest suspicious-particle hotspot?,upper left,upper right,lower left,lower right,B,hard,clear,diagonal_streak,standard,fragments,upper_right,blue,21,9 or more,open pores,count now,119
mpq_306f55169fb044,mem_scene_00326,images/mem_scene_00326.png,fiber_tint,What tint is most common among the visible fibers?,blue,red,black,clear or pale,A,hard,clear,diagonal_streak,standard,fragments,upper_right,blue,21,9 or more,open pores,count now,119
mpq_4fb2feea9db912,mem_scene_00326,images/mem_scene_00326.png,bead_count,How many round bead-like microplastic particles are visible?,0-12,13-18,19-24,25 or more,C,hard,clear,diagonal_streak,standard,fragments,upper_right,blue,21,19-24,open pores,count now,119
mpq_19dd7eef89b662,mem_scene_00326,images/mem_scene_00326.png,clogging_state,Which membrane clogging pattern best describes this field?,open pores,light edge clogging,central mat clogging,patchy multi-zone clogging,A,hard,clear,diagonal_streak,standard,fragments,upper_right,blue,21,9 or more,open pores,count now,119
mpq_83e41f3f27ab1d,mem_scene_00326,images/mem_scene_00326.png,qc_action,What is the best next triage action for this field of view?,count now,reimage focus,dilute and refilter,manual review,A,hard,clear,diagonal_streak,standard,fragments,upper_right,blue,21,9 or more,open pores,count now,119
mpq_794ea3d3f12413,mem_scene_00327,images/mem_scene_00327.png,dominant_particle_family,Which suspicious particle family is most common in this membrane field?,fibers,fragments,beads,films,A,medium,biofilm,centered,standard,fibers,upper_left,clear or pale,11,9 or more,open pores,manual review,54
mpq_fb0bd9fc39bf48,mem_scene_00327,images/mem_scene_00327.png,hotspot_quadrant,Which quadrant contains the densest suspicious-particle hotspot?,upper left,upper right,lower left,lower right,A,medium,biofilm,centered,standard,fibers,upper_left,clear or pale,11,9 or more,open pores,manual review,54
mpq_635281fd304ec3,mem_scene_00327,images/mem_scene_00327.png,fiber_tint,What tint is most common among the visible fibers?,blue,red,black,clear or pale,D,medium,biofilm,centered,standard,fibers,upper_left,clear or pale,11,9 or more,open pores,manual review,54
mpq_8051709f807372,mem_scene_00327,images/mem_scene_00327.png,bead_count,How many round bead-like microplastic particles are visible?,0-12,13-18,19-24,25 or more,A,medium,biofilm,centered,standard,fibers,upper_left,clear or pale,11,0-12,open pores,manual review,54
mpq_20b7821497a6ef,mem_scene_00327,images/mem_scene_00327.png,clogging_state,Which membrane clogging pattern best describes this field?,open pores,light edge clogging,central mat clogging,patchy multi-zone clogging,A,medium,biofilm,centered,standard,fibers,upper_left,clear or pale,11,9 or more,open pores,manual review,54
mpq_e9fbef2185ce24,mem_scene_00327,images/mem_scene_00327.png,qc_action,What is the best next triage action for this field of view?,count now,reimage focus,dilute and refilter,manual review,D,medium,biofilm,centered,standard,fibers,upper_left,clear or pale,11,9 or more,open pores,manual review,54
mpq_3352c386f0ecf2,mem_scene_00328,images/mem_scene_00328.png,dominant_particle_family,Which suspicious particle family is most common in this membrane field?,fibers,fragments,beads,films,D,medium,low_contrast,diagonal_streak,standard,films,lower_right,blue,8,6-8,light edge clogging,count now,70
mpq_4cc40e5e4669f3,mem_scene_00328,images/mem_scene_00328.png,hotspot_quadrant,Which quadrant contains the densest suspicious-particle hotspot?,upper left,upper right,lower left,lower right,D,medium,low_contrast,diagonal_streak,standard,films,lower_right,blue,8,6-8,light edge clogging,count now,70
mpq_73270859c96ec0,mem_scene_00328,images/mem_scene_00328.png,fiber_tint,What tint is most common among the visible fibers?,blue,red,black,clear or pale,A,medium,low_contrast,diagonal_streak,standard,films,lower_right,blue,8,6-8,light edge clogging,count now,70
mpq_e95f347396b6e4,mem_scene_00328,images/mem_scene_00328.png,bead_count,How many round bead-like microplastic particles are visible?,0-12,13-18,19-24,25 or more,A,medium,low_contrast,diagonal_streak,standard,films,lower_right,blue,8,0-12,light edge clogging,count now,70
mpq_7c08453d01db10,mem_scene_00328,images/mem_scene_00328.png,clogging_state,Which membrane clogging pattern best describes this field?,open pores,light edge clogging,central mat clogging,patchy multi-zone clogging,B,medium,low_contrast,diagonal_streak,standard,films,lower_right,blue,8,6-8,light edge clogging,count now,70
mpq_17b104a8dfc635,mem_scene_00328,images/mem_scene_00328.png,qc_action,What is the best next triage action for this field of view?,count now,reimage focus,dilute and refilter,manual review,B,medium,low_contrast,diagonal_streak,standard,films,lower_right,blue,8,6-8,light edge clogging,reimage focus,70
mpq_84584f3e2dd1df,mem_scene_00329,images/mem_scene_00329.png,dominant_particle_family,Which suspicious particle family is most common in this membrane field?,fibers,fragments,beads,films,B,hard,biofilm,edge_loaded,standard,fragments,lower_left,blue,18,9 or more,central mat clogging,dilute and refilter,116
mpq_a0c7ab68ee8dbf,mem_scene_00329,images/mem_scene_00329.png,hotspot_quadrant,Which quadrant contains the densest suspicious-particle hotspot?,upper left,upper right,lower left,lower right,C,hard,biofilm,edge_loaded,standard,fragments,lower_left,blue,18,9 or more,central mat clogging,dilute and refilter,116
mpq_e492981df0d8bc,mem_scene_00329,images/mem_scene_00329.png,fiber_tint,What tint is most common among the visible fibers?,blue,red,black,clear or pale,A,hard,biofilm,edge_loaded,standard,fragments,lower_left,blue,18,9 or more,central mat clogging,dilute and refilter,116
mpq_326116af30a80c,mem_scene_00329,images/mem_scene_00329.png,bead_count,How many round bead-like microplastic particles are visible?,0-12,13-18,19-24,25 or more,B,hard,biofilm,edge_loaded,standard,fragments,lower_left,blue,18,13-18,central mat clogging,dilute and refilter,116
mpq_e82bfd1ff58735,mem_scene_00329,images/mem_scene_00329.png,clogging_state,Which membrane clogging pattern best describes this field?,open pores,light edge clogging,central mat clogging,patchy multi-zone clogging,C,hard,biofilm,edge_loaded,standard,fragments,lower_left,blue,18,9 or more,central mat clogging,dilute and refilter,116
mpq_7eba1b98a2da94,mem_scene_00329,images/mem_scene_00329.png,qc_action,What is the best next triage action for this field of view?,count now,reimage focus,dilute and refilter,manual review,C,hard,biofilm,edge_loaded,standard,fragments,lower_left,blue,18,9 or more,central mat clogging,dilute and refilter,116
mpq_6c33c0f417f65b,mem_scene_00330,images/mem_scene_00330.png,dominant_particle_family,Which suspicious particle family is most common in this membrane field?,fibers,fragments,beads,films,A,medium,biofilm,edge_loaded,blue_stain,fibers,lower_left,red,7,6-8,open pores,manual review,57
mpq_ab40fa0e48bee9,mem_scene_00330,images/mem_scene_00330.png,hotspot_quadrant,Which quadrant contains the densest suspicious-particle hotspot?,upper left,upper right,lower left,lower right,C,medium,biofilm,edge_loaded,blue_stain,fibers,lower_left,red,7,6-8,open pores,manual review,57
mpq_5b4518a3f37a10,mem_scene_00330,images/mem_scene_00330.png,fiber_tint,What tint is most common among the visible fibers?,blue,red,black,clear or pale,B,medium,biofilm,edge_loaded,blue_stain,fibers,lower_left,red,7,6-8,open pores,manual review,57
mpq_7ca8a43fec80d9,mem_scene_00330,images/mem_scene_00330.png,bead_count,How many round bead-like microplastic particles are visible?,0-12,13-18,19-24,25 or more,A,medium,biofilm,edge_loaded,blue_stain,fibers,lower_left,red,7,0-12,open pores,manual review,57
mpq_d48ed33f77cf13,mem_scene_00330,images/mem_scene_00330.png,clogging_state,Which membrane clogging pattern best describes this field?,open pores,light edge clogging,central mat clogging,patchy multi-zone clogging,A,medium,biofilm,edge_loaded,blue_stain,fibers,lower_left,red,7,6-8,open pores,manual review,57
mpq_c5d7cc0ab399f7,mem_scene_00330,images/mem_scene_00330.png,qc_action,What is the best next triage action for this field of view?,count now,reimage focus,dilute and refilter,manual review,D,medium,biofilm,edge_loaded,blue_stain,fibers,lower_left,red,7,6-8,open pores,manual review,57
mpq_a822eb6fe6e6e1,mem_scene_00331,images/mem_scene_00331.png,dominant_particle_family,Which suspicious particle family is most common in this membrane field?,fibers,fragments,beads,films,D,easy,low_contrast,centered,standard,films,upper_left,red,10,9 or more,light edge clogging,count now,42
mpq_a652bae2654c33,mem_scene_00331,images/mem_scene_00331.png,hotspot_quadrant,Which quadrant contains the densest suspicious-particle hotspot?,upper left,upper right,lower left,lower right,A,easy,low_contrast,centered,standard,films,upper_left,red,10,9 or more,light edge clogging,count now,42
mpq_6320d90823ebc0,mem_scene_00331,images/mem_scene_00331.png,fiber_tint,What tint is most common among the visible fibers?,blue,red,black,clear or pale,B,easy,low_contrast,centered,standard,films,upper_left,red,10,9 or more,light edge clogging,count now,42
mpq_433dbbf075ecaf,mem_scene_00331,images/mem_scene_00331.png,bead_count,How many round bead-like microplastic particles are visible?,0-12,13-18,19-24,25 or more,A,easy,low_contrast,centered,standard,films,upper_left,red,10,0-12,light edge clogging,count now,42
mpq_2cb3e893cacc47,mem_scene_00331,images/mem_scene_00331.png,clogging_state,Which membrane clogging pattern best describes this field?,open pores,light edge clogging,central mat clogging,patchy multi-zone clogging,B,easy,low_contrast,centered,standard,films,upper_left,red,10,9 or more,light edge clogging,count now,42
mpq_60f520ceed180b,mem_scene_00331,images/mem_scene_00331.png,qc_action,What is the best next triage action for this field of view?,count now,reimage focus,dilute and refilter,manual review,B,easy,low_contrast,centered,standard,films,upper_left,red,10,9 or more,light edge clogging,reimage focus,42
mpq_5e99dc8d426817,mem_scene_00332,images/mem_scene_00332.png,dominant_particle_family,Which suspicious particle family is most common in this membrane field?,fibers,fragments,beads,films,B,easy,glare,centered,standard,fragments,upper_left,black,11,9 or more,light edge clogging,count now,41
mpq_e428f39a98197e,mem_scene_00332,images/mem_scene_00332.png,hotspot_quadrant,Which quadrant contains the densest suspicious-particle hotspot?,upper left,upper right,lower left,lower right,A,easy,glare,centered,standard,fragments,upper_left,black,11,9 or more,light edge clogging,count now,41
mpq_ca7937edffad73,mem_scene_00332,images/mem_scene_00332.png,fiber_tint,What tint is most common among the visible fibers?,blue,red,black,clear or pale,C,easy,glare,centered,standard,fragments,upper_left,black,11,9 or more,light edge clogging,count now,41
mpq_db6ae1f824ebdc,mem_scene_00332,images/mem_scene_00332.png,bead_count,How many round bead-like microplastic particles are visible?,0-12,13-18,19-24,25 or more,A,easy,glare,centered,standard,fragments,upper_left,black,11,0-12,light edge clogging,count now,41
mpq_4011254d519b03,mem_scene_00332,images/mem_scene_00332.png,clogging_state,Which membrane clogging pattern best describes this field?,open pores,light edge clogging,central mat clogging,patchy multi-zone clogging,B,easy,glare,centered,standard,fragments,upper_left,black,11,9 or more,light edge clogging,count now,41
mpq_3ae4128c68a0ad,mem_scene_00332,images/mem_scene_00332.png,qc_action,What is the best next triage action for this field of view?,count now,reimage focus,dilute and refilter,manual review,B,easy,glare,centered,standard,fragments,upper_left,black,11,9 or more,light edge clogging,reimage focus,41
mpq_203d6b36524b3f,mem_scene_00333,images/mem_scene_00333.png,dominant_particle_family,Which suspicious particle family is most common in this membrane field?,fibers,fragments,beads,films,C,medium,clear,edge_loaded,blue_stain,beads,lower_right,blue,29,9 or more,patchy multi-zone clogging,count now,60
mpq_bbac3b4c7c1f2d,mem_scene_00333,images/mem_scene_00333.png,hotspot_quadrant,Which quadrant contains the densest suspicious-particle hotspot?,upper left,upper right,lower left,lower right,D,medium,clear,edge_loaded,blue_stain,beads,lower_right,blue,29,9 or more,patchy multi-zone clogging,count now,60
mpq_f640dc38df8c85,mem_scene_00333,images/mem_scene_00333.png,fiber_tint,What tint is most common among the visible fibers?,blue,red,black,clear or pale,A,medium,clear,edge_loaded,blue_stain,beads,lower_right,blue,29,9 or more,patchy multi-zone clogging,count now,60
mpq_23b99eafc89c08,mem_scene_00333,images/mem_scene_00333.png,bead_count,How many round bead-like microplastic particles are visible?,0-12,13-18,19-24,25 or more,D,medium,clear,edge_loaded,blue_stain,beads,lower_right,blue,29,25 or more,patchy multi-zone clogging,count now,60
mpq_dcb55e7ba33370,mem_scene_00333,images/mem_scene_00333.png,clogging_state,Which membrane clogging pattern best describes this field?,open pores,light edge clogging,central mat clogging,patchy multi-zone clogging,D,medium,clear,edge_loaded,blue_stain,beads,lower_right,blue,29,9 or more,patchy multi-zone clogging,count now,60
mpq_b443dfadfd4d91,mem_scene_00333,images/mem_scene_00333.png,qc_action,What is the best next triage action for this field of view?,count now,reimage focus,dilute and refilter,manual review,A,medium,clear,edge_loaded,blue_stain,beads,lower_right,blue,29,9 or more,patchy multi-zone clogging,count now,60
mpq_790f7cbf6ba904,mem_scene_00334,images/mem_scene_00334.png,dominant_particle_family,Which suspicious particle family is most common in this membrane field?,fibers,fragments,beads,films,B,medium,clear,centered,standard,fragments,upper_right,red,9,9 or more,central mat clogging,count now,49
mpq_6fcde7bc69bc03,mem_scene_00334,images/mem_scene_00334.png,hotspot_quadrant,Which quadrant contains the densest suspicious-particle hotspot?,upper left,upper right,lower left,lower right,B,medium,clear,centered,standard,fragments,upper_right,red,9,9 or more,central mat clogging,count now,49
mpq_82ceb8530b2f1e,mem_scene_00334,images/mem_scene_00334.png,fiber_tint,What tint is most common among the visible fibers?,blue,red,black,clear or pale,B,medium,clear,centered,standard,fragments,upper_right,red,9,9 or more,central mat clogging,count now,49
mpq_a1b053698a3377,mem_scene_00334,images/mem_scene_00334.png,bead_count,How many round bead-like microplastic particles are visible?,0-12,13-18,19-24,25 or more,A,medium,clear,centered,standard,fragments,upper_right,red,9,0-12,central mat clogging,count now,49
mpq_cd8a1acf702b68,mem_scene_00334,images/mem_scene_00334.png,clogging_state,Which membrane clogging pattern best describes this field?,open pores,light edge clogging,central mat clogging,patchy multi-zone clogging,C,medium,clear,centered,standard,fragments,upper_right,red,9,9 or more,central mat clogging,count now,49
mpq_db95229c94c2d4,mem_scene_00334,images/mem_scene_00334.png,qc_action,What is the best next triage action for this field of view?,count now,reimage focus,dilute and refilter,manual review,A,medium,clear,centered,standard,fragments,upper_right,red,9,9 or more,central mat clogging,count now,49
mpq_3c872bb878c1dc,mem_scene_00335,images/mem_scene_00335.png,dominant_particle_family,Which suspicious particle family is most common in this membrane field?,fibers,fragments,beads,films,B,hard,biofilm,centered,standard,fragments,upper_right,blue,16,9 or more,open pores,manual review,111
mpq_c465bbdc32f024,mem_scene_00335,images/mem_scene_00335.png,hotspot_quadrant,Which quadrant contains the densest suspicious-particle hotspot?,upper left,upper right,lower left,lower right,B,hard,biofilm,centered,standard,fragments,upper_right,blue,16,9 or more,open pores,manual review,111
mpq_35518bb7d8cd99,mem_scene_00335,images/mem_scene_00335.png,fiber_tint,What tint is most common among the visible fibers?,blue,red,black,clear or pale,A,hard,biofilm,centered,standard,fragments,upper_right,blue,16,9 or more,open pores,manual review,111
mpq_7e3a6735139c34,mem_scene_00335,images/mem_scene_00335.png,bead_count,How many round bead-like microplastic particles are visible?,0-12,13-18,19-24,25 or more,B,hard,biofilm,centered,standard,fragments,upper_right,blue,16,13-18,open pores,manual review,111
mpq_0579a331cfbfaa,mem_scene_00335,images/mem_scene_00335.png,clogging_state,Which membrane clogging pattern best describes this field?,open pores,light edge clogging,central mat clogging,patchy multi-zone clogging,A,hard,biofilm,centered,standard,fragments,upper_right,blue,16,9 or more,open pores,manual review,111
mpq_8c8ca4fa3cfeb5,mem_scene_00335,images/mem_scene_00335.png,qc_action,What is the best next triage action for this field of view?,count now,reimage focus,dilute and refilter,manual review,D,hard,biofilm,centered,standard,fragments,upper_right,blue,16,9 or more,open pores,manual review,111
mpq_009a702cec97eb,mem_scene_00336,images/mem_scene_00336.png,dominant_particle_family,Which suspicious particle family is most common in this membrane field?,fibers,fragments,beads,films,D,medium,glare,ring_bias,blue_stain,films,lower_left,blue,7,6-8,open pores,count now,67
mpq_22529c9d3b78b1,mem_scene_00336,images/mem_scene_00336.png,hotspot_quadrant,Which quadrant contains the densest suspicious-particle hotspot?,upper left,upper right,lower left,lower right,C,medium,glare,ring_bias,blue_stain,films,lower_left,blue,7,6-8,open pores,count now,67
mpq_8c5d1c40a18240,mem_scene_00336,images/mem_scene_00336.png,fiber_tint,What tint is most common among the visible fibers?,blue,red,black,clear or pale,A,medium,glare,ring_bias,blue_stain,films,lower_left,blue,7,6-8,open pores,count now,67
mpq_6603ba770d15b6,mem_scene_00336,images/mem_scene_00336.png,bead_count,How many round bead-like microplastic particles are visible?,0-12,13-18,19-24,25 or more,A,medium,glare,ring_bias,blue_stain,films,lower_left,blue,7,0-12,open pores,count now,67
mpq_a44817aec1c8ec,mem_scene_00336,images/mem_scene_00336.png,clogging_state,Which membrane clogging pattern best describes this field?,open pores,light edge clogging,central mat clogging,patchy multi-zone clogging,A,medium,glare,ring_bias,blue_stain,films,lower_left,blue,7,6-8,open pores,count now,67
mpq_afa546e089c6e4,mem_scene_00336,images/mem_scene_00336.png,qc_action,What is the best next triage action for this field of view?,count now,reimage focus,dilute and refilter,manual review,B,medium,glare,ring_bias,blue_stain,films,lower_left,blue,7,6-8,open pores,reimage focus,67
mpq_7783f31d3d35ea,mem_scene_00337,images/mem_scene_00337.png,dominant_particle_family,Which suspicious particle family is most common in this membrane field?,fibers,fragments,beads,films,C,medium,low_contrast,diagonal_streak,standard,beads,lower_right,blue,26,9 or more,light edge clogging,count now,75
mpq_fda1a2830fba7e,mem_scene_00337,images/mem_scene_00337.png,hotspot_quadrant,Which quadrant contains the densest suspicious-particle hotspot?,upper left,upper right,lower left,lower right,D,medium,low_contrast,diagonal_streak,standard,beads,lower_right,blue,26,9 or more,light edge clogging,count now,75
mpq_3aca85b2c5fc88,mem_scene_00337,images/mem_scene_00337.png,fiber_tint,What tint is most common among the visible fibers?,blue,red,black,clear or pale,A,medium,low_contrast,diagonal_streak,standard,beads,lower_right,blue,26,9 or more,light edge clogging,count now,75
mpq_4eabc1c4124962,mem_scene_00337,images/mem_scene_00337.png,bead_count,How many round bead-like microplastic particles are visible?,0-12,13-18,19-24,25 or more,D,medium,low_contrast,diagonal_streak,standard,beads,lower_right,blue,26,25 or more,light edge clogging,count now,75
mpq_5c7453b76bd985,mem_scene_00337,images/mem_scene_00337.png,clogging_state,Which membrane clogging pattern best describes this field?,open pores,light edge clogging,central mat clogging,patchy multi-zone clogging,B,medium,low_contrast,diagonal_streak,standard,beads,lower_right,blue,26,9 or more,light edge clogging,count now,75
mpq_290abd9e0f28a5,mem_scene_00337,images/mem_scene_00337.png,qc_action,What is the best next triage action for this field of view?,count now,reimage focus,dilute and refilter,manual review,B,medium,low_contrast,diagonal_streak,standard,beads,lower_right,blue,26,9 or more,light edge clogging,reimage focus,75
mpq_c29b6185c43bc5,mem_scene_00338,images/mem_scene_00338.png,dominant_particle_family,Which suspicious particle family is most common in this membrane field?,fibers,fragments,beads,films,C,medium,low_contrast,centered,standard,beads,lower_right,blue,25,9 or more,central mat clogging,count now,60
mpq_4652af1edd3954,mem_scene_00338,images/mem_scene_00338.png,hotspot_quadrant,Which quadrant contains the densest suspicious-particle hotspot?,upper left,upper right,lower left,lower right,D,medium,low_contrast,centered,standard,beads,lower_right,blue,25,9 or more,central mat clogging,count now,60
mpq_5316dcbb776ff5,mem_scene_00338,images/mem_scene_00338.png,fiber_tint,What tint is most common among the visible fibers?,blue,red,black,clear or pale,A,medium,low_contrast,centered,standard,beads,lower_right,blue,25,9 or more,central mat clogging,count now,60
mpq_779f10d5d35dd6,mem_scene_00338,images/mem_scene_00338.png,bead_count,How many round bead-like microplastic particles are visible?,0-12,13-18,19-24,25 or more,D,medium,low_contrast,centered,standard,beads,lower_right,blue,25,25 or more,central mat clogging,count now,60
mpq_67a8f969693f57,mem_scene_00338,images/mem_scene_00338.png,clogging_state,Which membrane clogging pattern best describes this field?,open pores,light edge clogging,central mat clogging,patchy multi-zone clogging,C,medium,low_contrast,centered,standard,beads,lower_right,blue,25,9 or more,central mat clogging,count now,60
mpq_5742faa1c5e176,mem_scene_00338,images/mem_scene_00338.png,qc_action,What is the best next triage action for this field of view?,count now,reimage focus,dilute and refilter,manual review,B,medium,low_contrast,centered,standard,beads,lower_right,blue,25,9 or more,central mat clogging,reimage focus,60
mpq_d50238c56a32a3,mem_scene_00339,images/mem_scene_00339.png,dominant_particle_family,Which suspicious particle family is most common in this membrane field?,fibers,fragments,beads,films,A,medium,clear,ring_bias,standard,fibers,upper_right,blue,9,9 or more,light edge clogging,count now,72
mpq_7bc7b569e3abdf,mem_scene_00339,images/mem_scene_00339.png,hotspot_quadrant,Which quadrant contains the densest suspicious-particle hotspot?,upper left,upper right,lower left,lower right,B,medium,clear,ring_bias,standard,fibers,upper_right,blue,9,9 or more,light edge clogging,count now,72
mpq_da12c324837787,mem_scene_00339,images/mem_scene_00339.png,fiber_tint,What tint is most common among the visible fibers?,blue,red,black,clear or pale,A,medium,clear,ring_bias,standard,fibers,upper_right,blue,9,9 or more,light edge clogging,count now,72
mpq_c74f3295d989c6,mem_scene_00339,images/mem_scene_00339.png,bead_count,How many round bead-like microplastic particles are visible?,0-12,13-18,19-24,25 or more,A,medium,clear,ring_bias,standard,fibers,upper_right,blue,9,0-12,light edge clogging,count now,72
mpq_869e601d0ca91b,mem_scene_00339,images/mem_scene_00339.png,clogging_state,Which membrane clogging pattern best describes this field?,open pores,light edge clogging,central mat clogging,patchy multi-zone clogging,B,medium,clear,ring_bias,standard,fibers,upper_right,blue,9,9 or more,light edge clogging,count now,72
mpq_bd009848db7c7d,mem_scene_00339,images/mem_scene_00339.png,qc_action,What is the best next triage action for this field of view?,count now,reimage focus,dilute and refilter,manual review,A,medium,clear,ring_bias,standard,fibers,upper_right,blue,9,9 or more,light edge clogging,count now,72
mpq_f5858a090667f5,mem_scene_00340,images/mem_scene_00340.png,dominant_particle_family,Which suspicious particle family is most common in this membrane field?,fibers,fragments,beads,films,B,easy,glare,centered,standard,fragments,upper_right,blue,11,9 or more,light edge clogging,count now,36
mpq_44aaf6c31fca0c,mem_scene_00340,images/mem_scene_00340.png,hotspot_quadrant,Which quadrant contains the densest suspicious-particle hotspot?,upper left,upper right,lower left,lower right,B,easy,glare,centered,standard,fragments,upper_right,blue,11,9 or more,light edge clogging,count now,36
mpq_37261cc7edc0b8,mem_scene_00340,images/mem_scene_00340.png,fiber_tint,What tint is most common among the visible fibers?,blue,red,black,clear or pale,A,easy,glare,centered,standard,fragments,upper_right,blue,11,9 or more,light edge clogging,count now,36
mpq_8b7d030f558527,mem_scene_00340,images/mem_scene_00340.png,bead_count,How many round bead-like microplastic particles are visible?,0-12,13-18,19-24,25 or more,A,easy,glare,centered,standard,fragments,upper_right,blue,11,0-12,light edge clogging,count now,36
mpq_c7e98b47dfca0f,mem_scene_00340,images/mem_scene_00340.png,clogging_state,Which membrane clogging pattern best describes this field?,open pores,light edge clogging,central mat clogging,patchy multi-zone clogging,B,easy,glare,centered,standard,fragments,upper_right,blue,11,9 or more,light edge clogging,count now,36
mpq_7e2906936c43f6,mem_scene_00340,images/mem_scene_00340.png,qc_action,What is the best next triage action for this field of view?,count now,reimage focus,dilute and refilter,manual review,B,easy,glare,centered,standard,fragments,upper_right,blue,11,9 or more,light edge clogging,reimage focus,36
mpq_9b6dcf33da0843,mem_scene_00341,images/mem_scene_00341.png,dominant_particle_family,Which suspicious particle family is most common in this membrane field?,fibers,fragments,beads,films,A,medium,low_contrast,centered,edge_shadow,fibers,lower_left,red,10,9 or more,patchy multi-zone clogging,manual review,62
mpq_d9cd763d0508b6,mem_scene_00341,images/mem_scene_00341.png,hotspot_quadrant,Which quadrant contains the densest suspicious-particle hotspot?,upper left,upper right,lower left,lower right,C,medium,low_contrast,centered,edge_shadow,fibers,lower_left,red,10,9 or more,patchy multi-zone clogging,manual review,62
mpq_5d8b252b10c6b5,mem_scene_00341,images/mem_scene_00341.png,fiber_tint,What tint is most common among the visible fibers?,blue,red,black,clear or pale,B,medium,low_contrast,centered,edge_shadow,fibers,lower_left,red,10,9 or more,patchy multi-zone clogging,manual review,62
mpq_35386f8f6e142e,mem_scene_00341,images/mem_scene_00341.png,bead_count,How many round bead-like microplastic particles are visible?,0-12,13-18,19-24,25 or more,A,medium,low_contrast,centered,edge_shadow,fibers,lower_left,red,10,0-12,patchy multi-zone clogging,manual review,62
mpq_16dada1a884af7,mem_scene_00341,images/mem_scene_00341.png,clogging_state,Which membrane clogging pattern best describes this field?,open pores,light edge clogging,central mat clogging,patchy multi-zone clogging,D,medium,low_contrast,centered,edge_shadow,fibers,lower_left,red,10,9 or more,patchy multi-zone clogging,manual review,62
mpq_2234b1ca2ecbbc,mem_scene_00341,images/mem_scene_00341.png,qc_action,What is the best next triage action for this field of view?,count now,reimage focus,dilute and refilter,manual review,B,medium,low_contrast,centered,edge_shadow,fibers,lower_left,red,10,9 or more,patchy multi-zone clogging,reimage focus,62
mpq_dbf637869a748f,mem_scene_00342,images/mem_scene_00342.png,dominant_particle_family,Which suspicious particle family is most common in this membrane field?,fibers,fragments,beads,films,A,hard,biofilm,diagonal_streak,edge_shadow,fibers,upper_left,blue,23,9 or more,open pores,manual review,113
mpq_ae91526a9a5083,mem_scene_00342,images/mem_scene_00342.png,hotspot_quadrant,Which quadrant contains the densest suspicious-particle hotspot?,upper left,upper right,lower left,lower right,A,hard,biofilm,diagonal_streak,edge_shadow,fibers,upper_left,blue,23,9 or more,open pores,manual review,113
mpq_8a77f7f970f7c7,mem_scene_00342,images/mem_scene_00342.png,fiber_tint,What tint is most common among the visible fibers?,blue,red,black,clear or pale,A,hard,biofilm,diagonal_streak,edge_shadow,fibers,upper_left,blue,23,9 or more,open pores,manual review,113
mpq_e6579bee53c132,mem_scene_00342,images/mem_scene_00342.png,bead_count,How many round bead-like microplastic particles are visible?,0-12,13-18,19-24,25 or more,C,hard,biofilm,diagonal_streak,edge_shadow,fibers,upper_left,blue,23,19-24,open pores,manual review,113
mpq_ffc3e4ccd3d903,mem_scene_00342,images/mem_scene_00342.png,clogging_state,Which membrane clogging pattern best describes this field?,open pores,light edge clogging,central mat clogging,patchy multi-zone clogging,A,hard,biofilm,diagonal_streak,edge_shadow,fibers,upper_left,blue,23,9 or more,open pores,manual review,113
mpq_8cde39d1ea79c4,mem_scene_00342,images/mem_scene_00342.png,qc_action,What is the best next triage action for this field of view?,count now,reimage focus,dilute and refilter,manual review,D,hard,biofilm,diagonal_streak,edge_shadow,fibers,upper_left,blue,23,9 or more,open pores,manual review,113
mpq_7e0e3dc1c6a07b,mem_scene_00343,images/mem_scene_00343.png,dominant_particle_family,Which suspicious particle family is most common in this membrane field?,fibers,fragments,beads,films,A,hard,clear,centered,standard,fibers,upper_right,red,17,9 or more,light edge clogging,count now,86
mpq_38d4536d13feff,mem_scene_00343,images/mem_scene_00343.png,hotspot_quadrant,Which quadrant contains the densest suspicious-particle hotspot?,upper left,upper right,lower left,lower right,B,hard,clear,centered,standard,fibers,upper_right,red,17,9 or more,light edge clogging,count now,86
mpq_97fdea1ce95b71,mem_scene_00343,images/mem_scene_00343.png,fiber_tint,What tint is most common among the visible fibers?,blue,red,black,clear or pale,B,hard,clear,centered,standard,fibers,upper_right,red,17,9 or more,light edge clogging,count now,86
mpq_f109e9522584be,mem_scene_00343,images/mem_scene_00343.png,bead_count,How many round bead-like microplastic particles are visible?,0-12,13-18,19-24,25 or more,B,hard,clear,centered,standard,fibers,upper_right,red,17,13-18,light edge clogging,count now,86
mpq_7b819a33f8cdd0,mem_scene_00343,images/mem_scene_00343.png,clogging_state,Which membrane clogging pattern best describes this field?,open pores,light edge clogging,central mat clogging,patchy multi-zone clogging,B,hard,clear,centered,standard,fibers,upper_right,red,17,9 or more,light edge clogging,count now,86
mpq_f44c4cd096ab8c,mem_scene_00343,images/mem_scene_00343.png,qc_action,What is the best next triage action for this field of view?,count now,reimage focus,dilute and refilter,manual review,A,hard,clear,centered,standard,fibers,upper_right,red,17,9 or more,light edge clogging,count now,86
mpq_8c980748a1c7da,mem_scene_00344,images/mem_scene_00344.png,dominant_particle_family,Which suspicious particle family is most common in this membrane field?,fibers,fragments,beads,films,C,hard,overloaded,edge_loaded,blue_stain,beads,upper_left,blue,59,9 or more,central mat clogging,dilute and refilter,119
mpq_c76e6da5b2515c,mem_scene_00344,images/mem_scene_00344.png,hotspot_quadrant,Which quadrant contains the densest suspicious-particle hotspot?,upper left,upper right,lower left,lower right,A,hard,overloaded,edge_loaded,blue_stain,beads,upper_left,blue,59,9 or more,central mat clogging,dilute and refilter,119
mpq_f0ed8168857276,mem_scene_00344,images/mem_scene_00344.png,fiber_tint,What tint is most common among the visible fibers?,blue,red,black,clear or pale,A,hard,overloaded,edge_loaded,blue_stain,beads,upper_left,blue,59,9 or more,central mat clogging,dilute and refilter,119
mpq_b95cf3a0549058,mem_scene_00344,images/mem_scene_00344.png,bead_count,How many round bead-like microplastic particles are visible?,0-12,13-18,19-24,25 or more,D,hard,overloaded,edge_loaded,blue_stain,beads,upper_left,blue,59,25 or more,central mat clogging,dilute and refilter,119
mpq_1cdc351aaccec8,mem_scene_00344,images/mem_scene_00344.png,clogging_state,Which membrane clogging pattern best describes this field?,open pores,light edge clogging,central mat clogging,patchy multi-zone clogging,C,hard,overloaded,edge_loaded,blue_stain,beads,upper_left,blue,59,9 or more,central mat clogging,dilute and refilter,119
mpq_f32a3c3ce47a33,mem_scene_00344,images/mem_scene_00344.png,qc_action,What is the best next triage action for this field of view?,count now,reimage focus,dilute and refilter,manual review,C,hard,overloaded,edge_loaded,blue_stain,beads,upper_left,blue,59,9 or more,central mat clogging,dilute and refilter,119
mpq_fea7cad45e80f4,mem_scene_00345,images/mem_scene_00345.png,dominant_particle_family,Which suspicious particle family is most common in this membrane field?,fibers,fragments,beads,films,B,hard,low_contrast,centered,standard,fragments,upper_left,blue,22,9 or more,open pores,reimage focus,120
mpq_688b0390ee57bc,mem_scene_00345,images/mem_scene_00345.png,hotspot_quadrant,Which quadrant contains the densest suspicious-particle hotspot?,upper left,upper right,lower left,lower right,A,hard,low_contrast,centered,standard,fragments,upper_left,blue,22,9 or more,open pores,reimage focus,120
mpq_1348e679f796eb,mem_scene_00345,images/mem_scene_00345.png,fiber_tint,What tint is most common among the visible fibers?,blue,red,black,clear or pale,A,hard,low_contrast,centered,standard,fragments,upper_left,blue,22,9 or more,open pores,reimage focus,120
mpq_9f094c92a78978,mem_scene_00345,images/mem_scene_00345.png,bead_count,How many round bead-like microplastic particles are visible?,0-12,13-18,19-24,25 or more,C,hard,low_contrast,centered,standard,fragments,upper_left,blue,22,19-24,open pores,reimage focus,120
mpq_008fe1f1b0eafe,mem_scene_00345,images/mem_scene_00345.png,clogging_state,Which membrane clogging pattern best describes this field?,open pores,light edge clogging,central mat clogging,patchy multi-zone clogging,A,hard,low_contrast,centered,standard,fragments,upper_left,blue,22,9 or more,open pores,reimage focus,120
mpq_f5a866158c64c0,mem_scene_00345,images/mem_scene_00345.png,qc_action,What is the best next triage action for this field of view?,count now,reimage focus,dilute and refilter,manual review,B,hard,low_contrast,centered,standard,fragments,upper_left,blue,22,9 or more,open pores,reimage focus,120
mpq_a4d64c3e48b06d,mem_scene_00346,images/mem_scene_00346.png,dominant_particle_family,Which suspicious particle family is most common in this membrane field?,fibers,fragments,beads,films,C,easy,clear,centered,standard,beads,upper_right,blue,12,9 or more,central mat clogging,count now,24
mpq_e06eb8276b2334,mem_scene_00346,images/mem_scene_00346.png,hotspot_quadrant,Which quadrant contains the densest suspicious-particle hotspot?,upper left,upper right,lower left,lower right,B,easy,clear,centered,standard,beads,upper_right,blue,12,9 or more,central mat clogging,count now,24
mpq_7e7e430418a28b,mem_scene_00346,images/mem_scene_00346.png,fiber_tint,What tint is most common among the visible fibers?,blue,red,black,clear or pale,A,easy,clear,centered,standard,beads,upper_right,blue,12,9 or more,central mat clogging,count now,24
mpq_91683eeb770d62,mem_scene_00346,images/mem_scene_00346.png,bead_count,How many round bead-like microplastic particles are visible?,0-12,13-18,19-24,25 or more,A,easy,clear,centered,standard,beads,upper_right,blue,12,0-12,central mat clogging,count now,24
mpq_6f9fa26ccfd177,mem_scene_00346,images/mem_scene_00346.png,clogging_state,Which membrane clogging pattern best describes this field?,open pores,light edge clogging,central mat clogging,patchy multi-zone clogging,C,easy,clear,centered,standard,beads,upper_right,blue,12,9 or more,central mat clogging,count now,24
mpq_b61cfb47726e44,mem_scene_00346,images/mem_scene_00346.png,qc_action,What is the best next triage action for this field of view?,count now,reimage focus,dilute and refilter,manual review,A,easy,clear,centered,standard,beads,upper_right,blue,12,9 or more,central mat clogging,count now,24
mpq_3f7e5ababde277,mem_scene_00347,images/mem_scene_00347.png,dominant_particle_family,Which suspicious particle family is most common in this membrane field?,fibers,fragments,beads,films,D,medium,glare,centered,blue_stain,films,upper_right,blue,6,6-8,central mat clogging,count now,48
mpq_fe9f8e06f8fba8,mem_scene_00347,images/mem_scene_00347.png,hotspot_quadrant,Which quadrant contains the densest suspicious-particle hotspot?,upper left,upper right,lower left,lower right,B,medium,glare,centered,blue_stain,films,upper_right,blue,6,6-8,central mat clogging,count now,48
mpq_15a5fe8b891062,mem_scene_00347,images/mem_scene_00347.png,fiber_tint,What tint is most common among the visible fibers?,blue,red,black,clear or pale,A,medium,glare,centered,blue_stain,films,upper_right,blue,6,6-8,central mat clogging,count now,48
mpq_fad195ba37e4a1,mem_scene_00347,images/mem_scene_00347.png,bead_count,How many round bead-like microplastic particles are visible?,0-12,13-18,19-24,25 or more,A,medium,glare,centered,blue_stain,films,upper_right,blue,6,0-12,central mat clogging,count now,48
mpq_941e4fb4d5ff9d,mem_scene_00347,images/mem_scene_00347.png,clogging_state,Which membrane clogging pattern best describes this field?,open pores,light edge clogging,central mat clogging,patchy multi-zone clogging,C,medium,glare,centered,blue_stain,films,upper_right,blue,6,6-8,central mat clogging,count now,48
mpq_75e19369af4b96,mem_scene_00347,images/mem_scene_00347.png,qc_action,What is the best next triage action for this field of view?,count now,reimage focus,dilute and refilter,manual review,B,medium,glare,centered,blue_stain,films,upper_right,blue,6,6-8,central mat clogging,reimage focus,48
mpq_6de23bde5d55fd,mem_scene_00348,images/mem_scene_00348.png,dominant_particle_family,Which suspicious particle family is most common in this membrane field?,fibers,fragments,beads,films,D,medium,glare,centered,standard,films,upper_left,clear or pale,11,9 or more,light edge clogging,count now,69
mpq_63e3dcfc3d9dfb,mem_scene_00348,images/mem_scene_00348.png,hotspot_quadrant,Which quadrant contains the densest suspicious-particle hotspot?,upper left,upper right,lower left,lower right,A,medium,glare,centered,standard,films,upper_left,clear or pale,11,9 or more,light edge clogging,count now,69
mpq_b1cd3b8e4321d3,mem_scene_00348,images/mem_scene_00348.png,fiber_tint,What tint is most common among the visible fibers?,blue,red,black,clear or pale,D,medium,glare,centered,standard,films,upper_left,clear or pale,11,9 or more,light edge clogging,count now,69
mpq_14a54e064268ad,mem_scene_00348,images/mem_scene_00348.png,bead_count,How many round bead-like microplastic particles are visible?,0-12,13-18,19-24,25 or more,A,medium,glare,centered,standard,films,upper_left,clear or pale,11,0-12,light edge clogging,count now,69
mpq_76135ea3674f09,mem_scene_00348,images/mem_scene_00348.png,clogging_state,Which membrane clogging pattern best describes this field?,open pores,light edge clogging,central mat clogging,patchy multi-zone clogging,B,medium,glare,centered,standard,films,upper_left,clear or pale,11,9 or more,light edge clogging,count now,69
mpq_3081429393e5d7,mem_scene_00348,images/mem_scene_00348.png,qc_action,What is the best next triage action for this field of view?,count now,reimage focus,dilute and refilter,manual review,B,medium,glare,centered,standard,films,upper_left,clear or pale,11,9 or more,light edge clogging,reimage focus,69
mpq_4426a934c50135,mem_scene_00349,images/mem_scene_00349.png,dominant_particle_family,Which suspicious particle family is most common in this membrane field?,fibers,fragments,beads,films,C,easy,clear,centered,bubble_ring,beads,lower_left,black,15,9 or more,open pores,manual review,40
mpq_4069157d2382bb,mem_scene_00349,images/mem_scene_00349.png,hotspot_quadrant,Which quadrant contains the densest suspicious-particle hotspot?,upper left,upper right,lower left,lower right,C,easy,clear,centered,bubble_ring,beads,lower_left,black,15,9 or more,open pores,manual review,40
mpq_3d38f94ead2676,mem_scene_00349,images/mem_scene_00349.png,fiber_tint,What tint is most common among the visible fibers?,blue,red,black,clear or pale,C,easy,clear,centered,bubble_ring,beads,lower_left,black,15,9 or more,open pores,manual review,40
mpq_c77b9e511246fd,mem_scene_00349,images/mem_scene_00349.png,bead_count,How many round bead-like microplastic particles are visible?,0-12,13-18,19-24,25 or more,B,easy,clear,centered,bubble_ring,beads,lower_left,black,15,13-18,open pores,manual review,40
mpq_999de2d404abf2,mem_scene_00349,images/mem_scene_00349.png,clogging_state,Which membrane clogging pattern best describes this field?,open pores,light edge clogging,central mat clogging,patchy multi-zone clogging,A,easy,clear,centered,bubble_ring,beads,lower_left,black,15,9 or more,open pores,manual review,40
mpq_08fcdad54e953b,mem_scene_00349,images/mem_scene_00349.png,qc_action,What is the best next triage action for this field of view?,count now,reimage focus,dilute and refilter,manual review,D,easy,clear,centered,bubble_ring,beads,lower_left,black,15,9 or more,open pores,manual review,40
mpq_a87d2e4ed65d6c,mem_scene_00350,images/mem_scene_00350.png,dominant_particle_family,Which suspicious particle family is most common in this membrane field?,fibers,fragments,beads,films,A,medium,overloaded,edge_loaded,standard,fibers,upper_right,blue,12,9 or more,light edge clogging,dilute and refilter,65
mpq_6002b09d23d7fa,mem_scene_00350,images/mem_scene_00350.png,hotspot_quadrant,Which quadrant contains the densest suspicious-particle hotspot?,upper left,upper right,lower left,lower right,B,medium,overloaded,edge_loaded,standard,fibers,upper_right,blue,12,9 or more,light edge clogging,dilute and refilter,65
mpq_56c6a68cc1acb6,mem_scene_00350,images/mem_scene_00350.png,fiber_tint,What tint is most common among the visible fibers?,blue,red,black,clear or pale,A,medium,overloaded,edge_loaded,standard,fibers,upper_right,blue,12,9 or more,light edge clogging,dilute and refilter,65
mpq_f18a322fb0c01f,mem_scene_00350,images/mem_scene_00350.png,bead_count,How many round bead-like microplastic particles are visible?,0-12,13-18,19-24,25 or more,A,medium,overloaded,edge_loaded,standard,fibers,upper_right,blue,12,0-12,light edge clogging,dilute and refilter,65
mpq_115d67e8b61705,mem_scene_00350,images/mem_scene_00350.png,clogging_state,Which membrane clogging pattern best describes this field?,open pores,light edge clogging,central mat clogging,patchy multi-zone clogging,B,medium,overloaded,edge_loaded,standard,fibers,upper_right,blue,12,9 or more,light edge clogging,dilute and refilter,65
mpq_47a586a8e51e69,mem_scene_00350,images/mem_scene_00350.png,qc_action,What is the best next triage action for this field of view?,count now,reimage focus,dilute and refilter,manual review,C,medium,overloaded,edge_loaded,standard,fibers,upper_right,blue,12,9 or more,light edge clogging,dilute and refilter,65
mpq_da7cff06205b99,mem_scene_00351,images/mem_scene_00351.png,dominant_particle_family,Which suspicious particle family is most common in this membrane field?,fibers,fragments,beads,films,C,easy,glare,centered,standard,beads,upper_left,blue,15,9 or more,open pores,count now,28
mpq_c114b65d501e2c,mem_scene_00351,images/mem_scene_00351.png,hotspot_quadrant,Which quadrant contains the densest suspicious-particle hotspot?,upper left,upper right,lower left,lower right,A,easy,glare,centered,standard,beads,upper_left,blue,15,9 or more,open pores,count now,28
mpq_51b970ea0abf4f,mem_scene_00351,images/mem_scene_00351.png,fiber_tint,What tint is most common among the visible fibers?,blue,red,black,clear or pale,A,easy,glare,centered,standard,beads,upper_left,blue,15,9 or more,open pores,count now,28
mpq_2e3716b1a8940f,mem_scene_00351,images/mem_scene_00351.png,bead_count,How many round bead-like microplastic particles are visible?,0-12,13-18,19-24,25 or more,B,easy,glare,centered,standard,beads,upper_left,blue,15,13-18,open pores,count now,28
mpq_45e647e69fc314,mem_scene_00351,images/mem_scene_00351.png,clogging_state,Which membrane clogging pattern best describes this field?,open pores,light edge clogging,central mat clogging,patchy multi-zone clogging,A,easy,glare,centered,standard,beads,upper_left,blue,15,9 or more,open pores,count now,28
mpq_9dcf51f4d126ec,mem_scene_00351,images/mem_scene_00351.png,qc_action,What is the best next triage action for this field of view?,count now,reimage focus,dilute and refilter,manual review,B,easy,glare,centered,standard,beads,upper_left,blue,15,9 or more,open pores,reimage focus,28
mpq_3813672b4b2be7,mem_scene_00352,images/mem_scene_00352.png,dominant_particle_family,Which suspicious particle family is most common in this membrane field?,fibers,fragments,beads,films,C,medium,overloaded,centered,standard,beads,lower_right,black,34,9 or more,central mat clogging,dilute and refilter,71
mpq_2c4a2c6f0f8f8f,mem_scene_00352,images/mem_scene_00352.png,hotspot_quadrant,Which quadrant contains the densest suspicious-particle hotspot?,upper left,upper right,lower left,lower right,D,medium,overloaded,centered,standard,beads,lower_right,black,34,9 or more,central mat clogging,dilute and refilter,71
mpq_bb51adbd5aa8f5,mem_scene_00352,images/mem_scene_00352.png,fiber_tint,What tint is most common among the visible fibers?,blue,red,black,clear or pale,C,medium,overloaded,centered,standard,beads,lower_right,black,34,9 or more,central mat clogging,dilute and refilter,71
mpq_954f52c678ffc4,mem_scene_00352,images/mem_scene_00352.png,bead_count,How many round bead-like microplastic particles are visible?,0-12,13-18,19-24,25 or more,D,medium,overloaded,centered,standard,beads,lower_right,black,34,25 or more,central mat clogging,dilute and refilter,71
mpq_3c4a59f0a711d9,mem_scene_00352,images/mem_scene_00352.png,clogging_state,Which membrane clogging pattern best describes this field?,open pores,light edge clogging,central mat clogging,patchy multi-zone clogging,C,medium,overloaded,centered,standard,beads,lower_right,black,34,9 or more,central mat clogging,dilute and refilter,71
mpq_4256c678f9985a,mem_scene_00352,images/mem_scene_00352.png,qc_action,What is the best next triage action for this field of view?,count now,reimage focus,dilute and refilter,manual review,C,medium,overloaded,centered,standard,beads,lower_right,black,34,9 or more,central mat clogging,dilute and refilter,71
mpq_aeaa7bdfccfce7,mem_scene_00353,images/mem_scene_00353.png,dominant_particle_family,Which suspicious particle family is most common in this membrane field?,fibers,fragments,beads,films,D,medium,clear,ring_bias,standard,films,lower_right,red,8,6-8,central mat clogging,count now,68
mpq_0b23509a2b2466,mem_scene_00353,images/mem_scene_00353.png,hotspot_quadrant,Which quadrant contains the densest suspicious-particle hotspot?,upper left,upper right,lower left,lower right,D,medium,clear,ring_bias,standard,films,lower_right,red,8,6-8,central mat clogging,count now,68
mpq_f4b37b621c3748,mem_scene_00353,images/mem_scene_00353.png,fiber_tint,What tint is most common among the visible fibers?,blue,red,black,clear or pale,B,medium,clear,ring_bias,standard,films,lower_right,red,8,6-8,central mat clogging,count now,68
mpq_e8792cd8fedfcf,mem_scene_00353,images/mem_scene_00353.png,bead_count,How many round bead-like microplastic particles are visible?,0-12,13-18,19-24,25 or more,A,medium,clear,ring_bias,standard,films,lower_right,red,8,0-12,central mat clogging,count now,68
mpq_f18f6702b88116,mem_scene_00353,images/mem_scene_00353.png,clogging_state,Which membrane clogging pattern best describes this field?,open pores,light edge clogging,central mat clogging,patchy multi-zone clogging,C,medium,clear,ring_bias,standard,films,lower_right,red,8,6-8,central mat clogging,count now,68
mpq_ccc141f4b397cb,mem_scene_00353,images/mem_scene_00353.png,qc_action,What is the best next triage action for this field of view?,count now,reimage focus,dilute and refilter,manual review,A,medium,clear,ring_bias,standard,films,lower_right,red,8,6-8,central mat clogging,count now,68
mpq_e426e315d34475,mem_scene_00354,images/mem_scene_00354.png,dominant_particle_family,Which suspicious particle family is most common in this membrane field?,fibers,fragments,beads,films,C,medium,biofilm,ring_bias,blue_stain,beads,lower_left,blue,27,9 or more,open pores,manual review,65
mpq_5b81b29a53a9c1,mem_scene_00354,images/mem_scene_00354.png,hotspot_quadrant,Which quadrant contains the densest suspicious-particle hotspot?,upper left,upper right,lower left,lower right,C,medium,biofilm,ring_bias,blue_stain,beads,lower_left,blue,27,9 or more,open pores,manual review,65
mpq_346a25f217bcd5,mem_scene_00354,images/mem_scene_00354.png,fiber_tint,What tint is most common among the visible fibers?,blue,red,black,clear or pale,A,medium,biofilm,ring_bias,blue_stain,beads,lower_left,blue,27,9 or more,open pores,manual review,65
mpq_43e0ce2f1251f4,mem_scene_00354,images/mem_scene_00354.png,bead_count,How many round bead-like microplastic particles are visible?,0-12,13-18,19-24,25 or more,D,medium,biofilm,ring_bias,blue_stain,beads,lower_left,blue,27,25 or more,open pores,manual review,65
mpq_6b879105e303b2,mem_scene_00354,images/mem_scene_00354.png,clogging_state,Which membrane clogging pattern best describes this field?,open pores,light edge clogging,central mat clogging,patchy multi-zone clogging,A,medium,biofilm,ring_bias,blue_stain,beads,lower_left,blue,27,9 or more,open pores,manual review,65
mpq_c316e72226598f,mem_scene_00354,images/mem_scene_00354.png,qc_action,What is the best next triage action for this field of view?,count now,reimage focus,dilute and refilter,manual review,D,medium,biofilm,ring_bias,blue_stain,beads,lower_left,blue,27,9 or more,open pores,manual review,65
mpq_97cc332740587f,mem_scene_00355,images/mem_scene_00355.png,dominant_particle_family,Which suspicious particle family is most common in this membrane field?,fibers,fragments,beads,films,C,hard,clear,centered,standard,beads,upper_right,blue,29,9 or more,central mat clogging,dilute and refilter,94
mpq_340e27a35cd17d,mem_scene_00355,images/mem_scene_00355.png,hotspot_quadrant,Which quadrant contains the densest suspicious-particle hotspot?,upper left,upper right,lower left,lower right,B,hard,clear,centered,standard,beads,upper_right,blue,29,9 or more,central mat clogging,dilute and refilter,94
mpq_3b37524f1a2bd3,mem_scene_00355,images/mem_scene_00355.png,fiber_tint,What tint is most common among the visible fibers?,blue,red,black,clear or pale,A,hard,clear,centered,standard,beads,upper_right,blue,29,9 or more,central mat clogging,dilute and refilter,94
mpq_0a021413eeb7f9,mem_scene_00355,images/mem_scene_00355.png,bead_count,How many round bead-like microplastic particles are visible?,0-12,13-18,19-24,25 or more,D,hard,clear,centered,standard,beads,upper_right,blue,29,25 or more,central mat clogging,dilute and refilter,94
mpq_1aba16d01b2930,mem_scene_00355,images/mem_scene_00355.png,clogging_state,Which membrane clogging pattern best describes this field?,open pores,light edge clogging,central mat clogging,patchy multi-zone clogging,C,hard,clear,centered,standard,beads,upper_right,blue,29,9 or more,central mat clogging,dilute and refilter,94
mpq_e3922f6b425bed,mem_scene_00355,images/mem_scene_00355.png,qc_action,What is the best next triage action for this field of view?,count now,reimage focus,dilute and refilter,manual review,C,hard,clear,centered,standard,beads,upper_right,blue,29,9 or more,central mat clogging,dilute and refilter,94
mpq_167854ef75899d,mem_scene_00356,images/mem_scene_00356.png,dominant_particle_family,Which suspicious particle family is most common in this membrane field?,fibers,fragments,beads,films,B,hard,biofilm,centered,edge_shadow,fragments,upper_left,blue,21,9 or more,open pores,manual review,92
mpq_07b16be4b1dd99,mem_scene_00356,images/mem_scene_00356.png,hotspot_quadrant,Which quadrant contains the densest suspicious-particle hotspot?,upper left,upper right,lower left,lower right,A,hard,biofilm,centered,edge_shadow,fragments,upper_left,blue,21,9 or more,open pores,manual review,92
mpq_5e9cd6e6e17ea2,mem_scene_00356,images/mem_scene_00356.png,fiber_tint,What tint is most common among the visible fibers?,blue,red,black,clear or pale,A,hard,biofilm,centered,edge_shadow,fragments,upper_left,blue,21,9 or more,open pores,manual review,92
mpq_c287414ad359f5,mem_scene_00356,images/mem_scene_00356.png,bead_count,How many round bead-like microplastic particles are visible?,0-12,13-18,19-24,25 or more,C,hard,biofilm,centered,edge_shadow,fragments,upper_left,blue,21,19-24,open pores,manual review,92
mpq_41e282ab69c728,mem_scene_00356,images/mem_scene_00356.png,clogging_state,Which membrane clogging pattern best describes this field?,open pores,light edge clogging,central mat clogging,patchy multi-zone clogging,A,hard,biofilm,centered,edge_shadow,fragments,upper_left,blue,21,9 or more,open pores,manual review,92
mpq_030d54fdcbf0d2,mem_scene_00356,images/mem_scene_00356.png,qc_action,What is the best next triage action for this field of view?,count now,reimage focus,dilute and refilter,manual review,D,hard,biofilm,centered,edge_shadow,fragments,upper_left,blue,21,9 or more,open pores,manual review,92
mpq_9dece203b167e1,mem_scene_00357,images/mem_scene_00357.png,dominant_particle_family,Which suspicious particle family is most common in this membrane field?,fibers,fragments,beads,films,B,medium,clear,centered,standard,fragments,lower_left,clear or pale,10,9 or more,light edge clogging,count now,69
mpq_959ea505437235,mem_scene_00357,images/mem_scene_00357.png,hotspot_quadrant,Which quadrant contains the densest suspicious-particle hotspot?,upper left,upper right,lower left,lower right,C,medium,clear,centered,standard,fragments,lower_left,clear or pale,10,9 or more,light edge clogging,count now,69
mpq_3f0c9e3d233ddf,mem_scene_00357,images/mem_scene_00357.png,fiber_tint,What tint is most common among the visible fibers?,blue,red,black,clear or pale,D,medium,clear,centered,standard,fragments,lower_left,clear or pale,10,9 or more,light edge clogging,count now,69
mpq_eaae03305078a5,mem_scene_00357,images/mem_scene_00357.png,bead_count,How many round bead-like microplastic particles are visible?,0-12,13-18,19-24,25 or more,A,medium,clear,centered,standard,fragments,lower_left,clear or pale,10,0-12,light edge clogging,count now,69
mpq_16e8c1ea1b5b90,mem_scene_00357,images/mem_scene_00357.png,clogging_state,Which membrane clogging pattern best describes this field?,open pores,light edge clogging,central mat clogging,patchy multi-zone clogging,B,medium,clear,centered,standard,fragments,lower_left,clear or pale,10,9 or more,light edge clogging,count now,69
mpq_80fc9c84a2e503,mem_scene_00357,images/mem_scene_00357.png,qc_action,What is the best next triage action for this field of view?,count now,reimage focus,dilute and refilter,manual review,A,medium,clear,centered,standard,fragments,lower_left,clear or pale,10,9 or more,light edge clogging,count now,69
mpq_5206196cbb5b9f,mem_scene_00358,images/mem_scene_00358.png,dominant_particle_family,Which suspicious particle family is most common in this membrane field?,fibers,fragments,beads,films,C,medium,biofilm,edge_loaded,blue_stain,beads,lower_right,red,34,9 or more,light edge clogging,manual review,69
mpq_d778bd4977bd04,mem_scene_00358,images/mem_scene_00358.png,hotspot_quadrant,Which quadrant contains the densest suspicious-particle hotspot?,upper left,upper right,lower left,lower right,D,medium,biofilm,edge_loaded,blue_stain,beads,lower_right,red,34,9 or more,light edge clogging,manual review,69
mpq_4b0c9557a45c36,mem_scene_00358,images/mem_scene_00358.png,fiber_tint,What tint is most common among the visible fibers?,blue,red,black,clear or pale,B,medium,biofilm,edge_loaded,blue_stain,beads,lower_right,red,34,9 or more,light edge clogging,manual review,69
mpq_090dccca909962,mem_scene_00358,images/mem_scene_00358.png,bead_count,How many round bead-like microplastic particles are visible?,0-12,13-18,19-24,25 or more,D,medium,biofilm,edge_loaded,blue_stain,beads,lower_right,red,34,25 or more,light edge clogging,manual review,69
mpq_d30ed8bbb197bd,mem_scene_00358,images/mem_scene_00358.png,clogging_state,Which membrane clogging pattern best describes this field?,open pores,light edge clogging,central mat clogging,patchy multi-zone clogging,B,medium,biofilm,edge_loaded,blue_stain,beads,lower_right,red,34,9 or more,light edge clogging,manual review,69
mpq_7efc9a1874295e,mem_scene_00358,images/mem_scene_00358.png,qc_action,What is the best next triage action for this field of view?,count now,reimage focus,dilute and refilter,manual review,D,medium,biofilm,edge_loaded,blue_stain,beads,lower_right,red,34,9 or more,light edge clogging,manual review,69
mpq_859441e750aa42,mem_scene_00359,images/mem_scene_00359.png,dominant_particle_family,Which suspicious particle family is most common in this membrane field?,fibers,fragments,beads,films,A,medium,overloaded,centered,standard,fibers,upper_right,red,14,9 or more,open pores,dilute and refilter,49
mpq_04c576f0187406,mem_scene_00359,images/mem_scene_00359.png,hotspot_quadrant,Which quadrant contains the densest suspicious-particle hotspot?,upper left,upper right,lower left,lower right,B,medium,overloaded,centered,standard,fibers,upper_right,red,14,9 or more,open pores,dilute and refilter,49
mpq_2a1255843264d2,mem_scene_00359,images/mem_scene_00359.png,fiber_tint,What tint is most common among the visible fibers?,blue,red,black,clear or pale,B,medium,overloaded,centered,standard,fibers,upper_right,red,14,9 or more,open pores,dilute and refilter,49
mpq_f64e307d66bc21,mem_scene_00359,images/mem_scene_00359.png,bead_count,How many round bead-like microplastic particles are visible?,0-12,13-18,19-24,25 or more,B,medium,overloaded,centered,standard,fibers,upper_right,red,14,13-18,open pores,dilute and refilter,49
mpq_0da04ab04bd273,mem_scene_00359,images/mem_scene_00359.png,clogging_state,Which membrane clogging pattern best describes this field?,open pores,light edge clogging,central mat clogging,patchy multi-zone clogging,A,medium,overloaded,centered,standard,fibers,upper_right,red,14,9 or more,open pores,dilute and refilter,49
mpq_75e0f06ffe92d3,mem_scene_00359,images/mem_scene_00359.png,qc_action,What is the best next triage action for this field of view?,count now,reimage focus,dilute and refilter,manual review,C,medium,overloaded,centered,standard,fibers,upper_right,red,14,9 or more,open pores,dilute and refilter,49
mpq_a593273c30c666,mem_scene_00360,images/mem_scene_00360.png,dominant_particle_family,Which suspicious particle family is most common in this membrane field?,fibers,fragments,beads,films,B,easy,clear,centered,bubble_ring,fragments,upper_left,black,9,9 or more,patchy multi-zone clogging,manual review,42
mpq_e4cbc4b2ec5cc4,mem_scene_00360,images/mem_scene_00360.png,hotspot_quadrant,Which quadrant contains the densest suspicious-particle hotspot?,upper left,upper right,lower left,lower right,A,easy,clear,centered,bubble_ring,fragments,upper_left,black,9,9 or more,patchy multi-zone clogging,manual review,42
mpq_91b85a8db19b14,mem_scene_00360,images/mem_scene_00360.png,fiber_tint,What tint is most common among the visible fibers?,blue,red,black,clear or pale,C,easy,clear,centered,bubble_ring,fragments,upper_left,black,9,9 or more,patchy multi-zone clogging,manual review,42
mpq_a571a1cb7e2d6c,mem_scene_00360,images/mem_scene_00360.png,bead_count,How many round bead-like microplastic particles are visible?,0-12,13-18,19-24,25 or more,A,easy,clear,centered,bubble_ring,fragments,upper_left,black,9,0-12,patchy multi-zone clogging,manual review,42
mpq_8a3615e9dc97ac,mem_scene_00360,images/mem_scene_00360.png,clogging_state,Which membrane clogging pattern best describes this field?,open pores,light edge clogging,central mat clogging,patchy multi-zone clogging,D,easy,clear,centered,bubble_ring,fragments,upper_left,black,9,9 or more,patchy multi-zone clogging,manual review,42
mpq_b48268aef0faee,mem_scene_00360,images/mem_scene_00360.png,qc_action,What is the best next triage action for this field of view?,count now,reimage focus,dilute and refilter,manual review,D,easy,clear,centered,bubble_ring,fragments,upper_left,black,9,9 or more,patchy multi-zone clogging,manual review,42
mpq_a2327db855911b,mem_scene_00361,images/mem_scene_00361.png,dominant_particle_family,Which suspicious particle family is most common in this membrane field?,fibers,fragments,beads,films,B,easy,low_contrast,edge_loaded,standard,fragments,lower_right,black,8,6-8,patchy multi-zone clogging,count now,38
mpq_68b7589819e1c6,mem_scene_00361,images/mem_scene_00361.png,hotspot_quadrant,Which quadrant contains the densest suspicious-particle hotspot?,upper left,upper right,lower left,lower right,D,easy,low_contrast,edge_loaded,standard,fragments,lower_right,black,8,6-8,patchy multi-zone clogging,count now,38
mpq_6a2d6e79875f35,mem_scene_00361,images/mem_scene_00361.png,fiber_tint,What tint is most common among the visible fibers?,blue,red,black,clear or pale,C,easy,low_contrast,edge_loaded,standard,fragments,lower_right,black,8,6-8,patchy multi-zone clogging,count now,38
mpq_5546a62ad1c4d3,mem_scene_00361,images/mem_scene_00361.png,bead_count,How many round bead-like microplastic particles are visible?,0-12,13-18,19-24,25 or more,A,easy,low_contrast,edge_loaded,standard,fragments,lower_right,black,8,0-12,patchy multi-zone clogging,count now,38
mpq_bfd2741f5fe8bc,mem_scene_00361,images/mem_scene_00361.png,clogging_state,Which membrane clogging pattern best describes this field?,open pores,light edge clogging,central mat clogging,patchy multi-zone clogging,D,easy,low_contrast,edge_loaded,standard,fragments,lower_right,black,8,6-8,patchy multi-zone clogging,count now,38
mpq_bca5ca9863dc5f,mem_scene_00361,images/mem_scene_00361.png,qc_action,What is the best next triage action for this field of view?,count now,reimage focus,dilute and refilter,manual review,B,easy,low_contrast,edge_loaded,standard,fragments,lower_right,black,8,6-8,patchy multi-zone clogging,reimage focus,38
mpq_edb0439eca76e1,mem_scene_00362,images/mem_scene_00362.png,dominant_particle_family,Which suspicious particle family is most common in this membrane field?,fibers,fragments,beads,films,A,medium,biofilm,centered,bubble_ring,fibers,upper_right,blue,13,9 or more,central mat clogging,manual review,64
mpq_428664b595277d,mem_scene_00362,images/mem_scene_00362.png,hotspot_quadrant,Which quadrant contains the densest suspicious-particle hotspot?,upper left,upper right,lower left,lower right,B,medium,biofilm,centered,bubble_ring,fibers,upper_right,blue,13,9 or more,central mat clogging,manual review,64
mpq_fbeb392d3fd31a,mem_scene_00362,images/mem_scene_00362.png,fiber_tint,What tint is most common among the visible fibers?,blue,red,black,clear or pale,A,medium,biofilm,centered,bubble_ring,fibers,upper_right,blue,13,9 or more,central mat clogging,manual review,64
mpq_764781db0f6916,mem_scene_00362,images/mem_scene_00362.png,bead_count,How many round bead-like microplastic particles are visible?,0-12,13-18,19-24,25 or more,B,medium,biofilm,centered,bubble_ring,fibers,upper_right,blue,13,13-18,central mat clogging,manual review,64
mpq_d5a4327ee4526b,mem_scene_00362,images/mem_scene_00362.png,clogging_state,Which membrane clogging pattern best describes this field?,open pores,light edge clogging,central mat clogging,patchy multi-zone clogging,C,medium,biofilm,centered,bubble_ring,fibers,upper_right,blue,13,9 or more,central mat clogging,manual review,64
mpq_908aa621546ab0,mem_scene_00362,images/mem_scene_00362.png,qc_action,What is the best next triage action for this field of view?,count now,reimage focus,dilute and refilter,manual review,D,medium,biofilm,centered,bubble_ring,fibers,upper_right,blue,13,9 or more,central mat clogging,manual review,64
mpq_09b142e5482318,mem_scene_00363,images/mem_scene_00363.png,dominant_particle_family,Which suspicious particle family is most common in this membrane field?,fibers,fragments,beads,films,A,medium,low_contrast,ring_bias,bubble_ring,fibers,upper_left,blue,9,9 or more,central mat clogging,manual review,49
mpq_04adb3ce9077d0,mem_scene_00363,images/mem_scene_00363.png,hotspot_quadrant,Which quadrant contains the densest suspicious-particle hotspot?,upper left,upper right,lower left,lower right,A,medium,low_contrast,ring_bias,bubble_ring,fibers,upper_left,blue,9,9 or more,central mat clogging,manual review,49
mpq_f429ab7b4a91c2,mem_scene_00363,images/mem_scene_00363.png,fiber_tint,What tint is most common among the visible fibers?,blue,red,black,clear or pale,A,medium,low_contrast,ring_bias,bubble_ring,fibers,upper_left,blue,9,9 or more,central mat clogging,manual review,49
mpq_26141ceb1aaa1a,mem_scene_00363,images/mem_scene_00363.png,bead_count,How many round bead-like microplastic particles are visible?,0-12,13-18,19-24,25 or more,A,medium,low_contrast,ring_bias,bubble_ring,fibers,upper_left,blue,9,0-12,central mat clogging,manual review,49
mpq_85789016cf994b,mem_scene_00363,images/mem_scene_00363.png,clogging_state,Which membrane clogging pattern best describes this field?,open pores,light edge clogging,central mat clogging,patchy multi-zone clogging,C,medium,low_contrast,ring_bias,bubble_ring,fibers,upper_left,blue,9,9 or more,central mat clogging,manual review,49
mpq_bd3a01f69bb61b,mem_scene_00363,images/mem_scene_00363.png,qc_action,What is the best next triage action for this field of view?,count now,reimage focus,dilute and refilter,manual review,B,medium,low_contrast,ring_bias,bubble_ring,fibers,upper_left,blue,9,9 or more,central mat clogging,reimage focus,49
mpq_a56af587a487af,mem_scene_00364,images/mem_scene_00364.png,dominant_particle_family,Which suspicious particle family is most common in this membrane field?,fibers,fragments,beads,films,A,medium,glare,ring_bias,standard,fibers,upper_left,blue,11,9 or more,light edge clogging,count now,75
mpq_b50d6d7ba4e0db,mem_scene_00364,images/mem_scene_00364.png,hotspot_quadrant,Which quadrant contains the densest suspicious-particle hotspot?,upper left,upper right,lower left,lower right,A,medium,glare,ring_bias,standard,fibers,upper_left,blue,11,9 or more,light edge clogging,count now,75
mpq_f0cd209a7b9af4,mem_scene_00364,images/mem_scene_00364.png,fiber_tint,What tint is most common among the visible fibers?,blue,red,black,clear or pale,A,medium,glare,ring_bias,standard,fibers,upper_left,blue,11,9 or more,light edge clogging,count now,75
mpq_165cd412016c56,mem_scene_00364,images/mem_scene_00364.png,bead_count,How many round bead-like microplastic particles are visible?,0-12,13-18,19-24,25 or more,A,medium,glare,ring_bias,standard,fibers,upper_left,blue,11,0-12,light edge clogging,count now,75
mpq_fb5c848e4d8dcf,mem_scene_00364,images/mem_scene_00364.png,clogging_state,Which membrane clogging pattern best describes this field?,open pores,light edge clogging,central mat clogging,patchy multi-zone clogging,B,medium,glare,ring_bias,standard,fibers,upper_left,blue,11,9 or more,light edge clogging,count now,75
mpq_4097d9ea9ac44d,mem_scene_00364,images/mem_scene_00364.png,qc_action,What is the best next triage action for this field of view?,count now,reimage focus,dilute and refilter,manual review,B,medium,glare,ring_bias,standard,fibers,upper_left,blue,11,9 or more,light edge clogging,reimage focus,75
mpq_c1b9a04ccc83ad,mem_scene_00365,images/mem_scene_00365.png,dominant_particle_family,Which suspicious particle family is most common in this membrane field?,fibers,fragments,beads,films,D,hard,clear,centered,standard,films,lower_right,red,14,9 or more,patchy multi-zone clogging,dilute and refilter,97
mpq_213eda3126a8c2,mem_scene_00365,images/mem_scene_00365.png,hotspot_quadrant,Which quadrant contains the densest suspicious-particle hotspot?,upper left,upper right,lower left,lower right,D,hard,clear,centered,standard,films,lower_right,red,14,9 or more,patchy multi-zone clogging,dilute and refilter,97
mpq_ee422a1ef9a1dc,mem_scene_00365,images/mem_scene_00365.png,fiber_tint,What tint is most common among the visible fibers?,blue,red,black,clear or pale,B,hard,clear,centered,standard,films,lower_right,red,14,9 or more,patchy multi-zone clogging,dilute and refilter,97
mpq_035f0418f755a8,mem_scene_00365,images/mem_scene_00365.png,bead_count,How many round bead-like microplastic particles are visible?,0-12,13-18,19-24,25 or more,B,hard,clear,centered,standard,films,lower_right,red,14,13-18,patchy multi-zone clogging,dilute and refilter,97
mpq_978f6745a5c6f6,mem_scene_00365,images/mem_scene_00365.png,clogging_state,Which membrane clogging pattern best describes this field?,open pores,light edge clogging,central mat clogging,patchy multi-zone clogging,D,hard,clear,centered,standard,films,lower_right,red,14,9 or more,patchy multi-zone clogging,dilute and refilter,97
mpq_202b282a5e4752,mem_scene_00365,images/mem_scene_00365.png,qc_action,What is the best next triage action for this field of view?,count now,reimage focus,dilute and refilter,manual review,C,hard,clear,centered,standard,films,lower_right,red,14,9 or more,patchy multi-zone clogging,dilute and refilter,97
mpq_1e52bcbe0ae41b,mem_scene_00366,images/mem_scene_00366.png,dominant_particle_family,Which suspicious particle family is most common in this membrane field?,fibers,fragments,beads,films,A,medium,low_contrast,centered,standard,fibers,upper_left,blue,8,6-8,central mat clogging,count now,64
mpq_17e60c5fcb453b,mem_scene_00366,images/mem_scene_00366.png,hotspot_quadrant,Which quadrant contains the densest suspicious-particle hotspot?,upper left,upper right,lower left,lower right,A,medium,low_contrast,centered,standard,fibers,upper_left,blue,8,6-8,central mat clogging,count now,64
mpq_1adae795d37b88,mem_scene_00366,images/mem_scene_00366.png,fiber_tint,What tint is most common among the visible fibers?,blue,red,black,clear or pale,A,medium,low_contrast,centered,standard,fibers,upper_left,blue,8,6-8,central mat clogging,count now,64
mpq_8e160a31287bb3,mem_scene_00366,images/mem_scene_00366.png,bead_count,How many round bead-like microplastic particles are visible?,0-12,13-18,19-24,25 or more,A,medium,low_contrast,centered,standard,fibers,upper_left,blue,8,0-12,central mat clogging,count now,64
mpq_70aa7a521b6c36,mem_scene_00366,images/mem_scene_00366.png,clogging_state,Which membrane clogging pattern best describes this field?,open pores,light edge clogging,central mat clogging,patchy multi-zone clogging,C,medium,low_contrast,centered,standard,fibers,upper_left,blue,8,6-8,central mat clogging,count now,64
mpq_0e88edfce8c4b3,mem_scene_00366,images/mem_scene_00366.png,qc_action,What is the best next triage action for this field of view?,count now,reimage focus,dilute and refilter,manual review,B,medium,low_contrast,centered,standard,fibers,upper_left,blue,8,6-8,central mat clogging,reimage focus,64
mpq_72536d68f89ed8,mem_scene_00367,images/mem_scene_00367.png,dominant_particle_family,Which suspicious particle family is most common in this membrane field?,fibers,fragments,beads,films,A,medium,biofilm,edge_loaded,standard,fibers,lower_right,blue,14,9 or more,open pores,manual review,64
mpq_d445ad7bcd2d68,mem_scene_00367,images/mem_scene_00367.png,hotspot_quadrant,Which quadrant contains the densest suspicious-particle hotspot?,upper left,upper right,lower left,lower right,D,medium,biofilm,edge_loaded,standard,fibers,lower_right,blue,14,9 or more,open pores,manual review,64
mpq_5590f24da21976,mem_scene_00367,images/mem_scene_00367.png,fiber_tint,What tint is most common among the visible fibers?,blue,red,black,clear or pale,A,medium,biofilm,edge_loaded,standard,fibers,lower_right,blue,14,9 or more,open pores,manual review,64
mpq_9b7cedac648439,mem_scene_00367,images/mem_scene_00367.png,bead_count,How many round bead-like microplastic particles are visible?,0-12,13-18,19-24,25 or more,B,medium,biofilm,edge_loaded,standard,fibers,lower_right,blue,14,13-18,open pores,manual review,64
mpq_8105f35cf599af,mem_scene_00367,images/mem_scene_00367.png,clogging_state,Which membrane clogging pattern best describes this field?,open pores,light edge clogging,central mat clogging,patchy multi-zone clogging,A,medium,biofilm,edge_loaded,standard,fibers,lower_right,blue,14,9 or more,open pores,manual review,64
mpq_ea9c14e70e5fb6,mem_scene_00367,images/mem_scene_00367.png,qc_action,What is the best next triage action for this field of view?,count now,reimage focus,dilute and refilter,manual review,D,medium,biofilm,edge_loaded,standard,fibers,lower_right,blue,14,9 or more,open pores,manual review,64
mpq_2083796fe5c355,mem_scene_00368,images/mem_scene_00368.png,dominant_particle_family,Which suspicious particle family is most common in this membrane field?,fibers,fragments,beads,films,C,medium,overloaded,diagonal_streak,blue_stain,beads,lower_left,blue,22,9 or more,open pores,dilute and refilter,57
mpq_a81f070cdc95e7,mem_scene_00368,images/mem_scene_00368.png,hotspot_quadrant,Which quadrant contains the densest suspicious-particle hotspot?,upper left,upper right,lower left,lower right,C,medium,overloaded,diagonal_streak,blue_stain,beads,lower_left,blue,22,9 or more,open pores,dilute and refilter,57
mpq_5b425174519663,mem_scene_00368,images/mem_scene_00368.png,fiber_tint,What tint is most common among the visible fibers?,blue,red,black,clear or pale,A,medium,overloaded,diagonal_streak,blue_stain,beads,lower_left,blue,22,9 or more,open pores,dilute and refilter,57
mpq_b70caafffce411,mem_scene_00368,images/mem_scene_00368.png,bead_count,How many round bead-like microplastic particles are visible?,0-12,13-18,19-24,25 or more,C,medium,overloaded,diagonal_streak,blue_stain,beads,lower_left,blue,22,19-24,open pores,dilute and refilter,57
mpq_02d99b4564836e,mem_scene_00368,images/mem_scene_00368.png,clogging_state,Which membrane clogging pattern best describes this field?,open pores,light edge clogging,central mat clogging,patchy multi-zone clogging,A,medium,overloaded,diagonal_streak,blue_stain,beads,lower_left,blue,22,9 or more,open pores,dilute and refilter,57
mpq_8b9950816917f5,mem_scene_00368,images/mem_scene_00368.png,qc_action,What is the best next triage action for this field of view?,count now,reimage focus,dilute and refilter,manual review,C,medium,overloaded,diagonal_streak,blue_stain,beads,lower_left,blue,22,9 or more,open pores,dilute and refilter,57
mpq_367c7112efecfc,mem_scene_00369,images/mem_scene_00369.png,dominant_particle_family,Which suspicious particle family is most common in this membrane field?,fibers,fragments,beads,films,D,medium,glare,edge_loaded,standard,films,upper_left,clear or pale,11,9 or more,light edge clogging,count now,55
mpq_ac12dc3b26d353,mem_scene_00369,images/mem_scene_00369.png,hotspot_quadrant,Which quadrant contains the densest suspicious-particle hotspot?,upper left,upper right,lower left,lower right,A,medium,glare,edge_loaded,standard,films,upper_left,clear or pale,11,9 or more,light edge clogging,count now,55
mpq_21e7fcbd4693a9,mem_scene_00369,images/mem_scene_00369.png,fiber_tint,What tint is most common among the visible fibers?,blue,red,black,clear or pale,D,medium,glare,edge_loaded,standard,films,upper_left,clear or pale,11,9 or more,light edge clogging,count now,55
mpq_e243fe6e5abc2d,mem_scene_00369,images/mem_scene_00369.png,bead_count,How many round bead-like microplastic particles are visible?,0-12,13-18,19-24,25 or more,A,medium,glare,edge_loaded,standard,films,upper_left,clear or pale,11,0-12,light edge clogging,count now,55
mpq_f52f443dc7f03c,mem_scene_00369,images/mem_scene_00369.png,clogging_state,Which membrane clogging pattern best describes this field?,open pores,light edge clogging,central mat clogging,patchy multi-zone clogging,B,medium,glare,edge_loaded,standard,films,upper_left,clear or pale,11,9 or more,light edge clogging,count now,55
mpq_4e7b3eed7bd61a,mem_scene_00369,images/mem_scene_00369.png,qc_action,What is the best next triage action for this field of view?,count now,reimage focus,dilute and refilter,manual review,B,medium,glare,edge_loaded,standard,films,upper_left,clear or pale,11,9 or more,light edge clogging,reimage focus,55
mpq_7e1e7d3889089c,mem_scene_00370,images/mem_scene_00370.png,dominant_particle_family,Which suspicious particle family is most common in this membrane field?,fibers,fragments,beads,films,B,hard,clear,edge_loaded,standard,fragments,lower_right,blue,26,9 or more,open pores,count now,92
mpq_7005f213e30ddf,mem_scene_00370,images/mem_scene_00370.png,hotspot_quadrant,Which quadrant contains the densest suspicious-particle hotspot?,upper left,upper right,lower left,lower right,D,hard,clear,edge_loaded,standard,fragments,lower_right,blue,26,9 or more,open pores,count now,92
mpq_aab9cdbe1b3fc8,mem_scene_00370,images/mem_scene_00370.png,fiber_tint,What tint is most common among the visible fibers?,blue,red,black,clear or pale,A,hard,clear,edge_loaded,standard,fragments,lower_right,blue,26,9 or more,open pores,count now,92
mpq_31c08c6060e81f,mem_scene_00370,images/mem_scene_00370.png,bead_count,How many round bead-like microplastic particles are visible?,0-12,13-18,19-24,25 or more,D,hard,clear,edge_loaded,standard,fragments,lower_right,blue,26,25 or more,open pores,count now,92
mpq_9a1e8f4349bf10,mem_scene_00370,images/mem_scene_00370.png,clogging_state,Which membrane clogging pattern best describes this field?,open pores,light edge clogging,central mat clogging,patchy multi-zone clogging,A,hard,clear,edge_loaded,standard,fragments,lower_right,blue,26,9 or more,open pores,count now,92
mpq_b1bdeb932245c4,mem_scene_00370,images/mem_scene_00370.png,qc_action,What is the best next triage action for this field of view?,count now,reimage focus,dilute and refilter,manual review,A,hard,clear,edge_loaded,standard,fragments,lower_right,blue,26,9 or more,open pores,count now,92
mpq_2dacddf2284165,mem_scene_00371,images/mem_scene_00371.png,dominant_particle_family,Which suspicious particle family is most common in this membrane field?,fibers,fragments,beads,films,B,easy,biofilm,edge_loaded,standard,fragments,lower_left,blue,4,3-5,light edge clogging,manual review,37
mpq_471ba3d7d6674c,mem_scene_00371,images/mem_scene_00371.png,hotspot_quadrant,Which quadrant contains the densest suspicious-particle hotspot?,upper left,upper right,lower left,lower right,C,easy,biofilm,edge_loaded,standard,fragments,lower_left,blue,4,3-5,light edge clogging,manual review,37
mpq_89318ae3f8e7c6,mem_scene_00371,images/mem_scene_00371.png,fiber_tint,What tint is most common among the visible fibers?,blue,red,black,clear or pale,A,easy,biofilm,edge_loaded,standard,fragments,lower_left,blue,4,3-5,light edge clogging,manual review,37
mpq_ee236648f7387d,mem_scene_00371,images/mem_scene_00371.png,bead_count,How many round bead-like microplastic particles are visible?,0-12,13-18,19-24,25 or more,A,easy,biofilm,edge_loaded,standard,fragments,lower_left,blue,4,0-12,light edge clogging,manual review,37
mpq_dc56cd9dd975cd,mem_scene_00371,images/mem_scene_00371.png,clogging_state,Which membrane clogging pattern best describes this field?,open pores,light edge clogging,central mat clogging,patchy multi-zone clogging,B,easy,biofilm,edge_loaded,standard,fragments,lower_left,blue,4,3-5,light edge clogging,manual review,37
mpq_ad7cbb7ec113dc,mem_scene_00371,images/mem_scene_00371.png,qc_action,What is the best next triage action for this field of view?,count now,reimage focus,dilute and refilter,manual review,D,easy,biofilm,edge_loaded,standard,fragments,lower_left,blue,4,3-5,light edge clogging,manual review,37
mpq_86ce86d7685ec3,mem_scene_00372,images/mem_scene_00372.png,dominant_particle_family,Which suspicious particle family is most common in this membrane field?,fibers,fragments,beads,films,A,medium,low_contrast,centered,edge_shadow,fibers,upper_right,blue,11,9 or more,open pores,manual review,62
mpq_5386d6b266f07e,mem_scene_00372,images/mem_scene_00372.png,hotspot_quadrant,Which quadrant contains the densest suspicious-particle hotspot?,upper left,upper right,lower left,lower right,B,medium,low_contrast,centered,edge_shadow,fibers,upper_right,blue,11,9 or more,open pores,manual review,62
mpq_faa2aaab29cf9c,mem_scene_00372,images/mem_scene_00372.png,fiber_tint,What tint is most common among the visible fibers?,blue,red,black,clear or pale,A,medium,low_contrast,centered,edge_shadow,fibers,upper_right,blue,11,9 or more,open pores,manual review,62
mpq_8eb52064eec215,mem_scene_00372,images/mem_scene_00372.png,bead_count,How many round bead-like microplastic particles are visible?,0-12,13-18,19-24,25 or more,A,medium,low_contrast,centered,edge_shadow,fibers,upper_right,blue,11,0-12,open pores,manual review,62
mpq_29eb77737a42a6,mem_scene_00372,images/mem_scene_00372.png,clogging_state,Which membrane clogging pattern best describes this field?,open pores,light edge clogging,central mat clogging,patchy multi-zone clogging,A,medium,low_contrast,centered,edge_shadow,fibers,upper_right,blue,11,9 or more,open pores,manual review,62
mpq_ae04191061aa9b,mem_scene_00372,images/mem_scene_00372.png,qc_action,What is the best next triage action for this field of view?,count now,reimage focus,dilute and refilter,manual review,B,medium,low_contrast,centered,edge_shadow,fibers,upper_right,blue,11,9 or more,open pores,reimage focus,62
mpq_991fbcc50f8fde,mem_scene_00373,images/mem_scene_00373.png,dominant_particle_family,Which suspicious particle family is most common in this membrane field?,fibers,fragments,beads,films,D,easy,clear,edge_loaded,bubble_ring,films,upper_right,black,6,6-8,patchy multi-zone clogging,manual review,26
mpq_5613e6d9672f7d,mem_scene_00373,images/mem_scene_00373.png,hotspot_quadrant,Which quadrant contains the densest suspicious-particle hotspot?,upper left,upper right,lower left,lower right,B,easy,clear,edge_loaded,bubble_ring,films,upper_right,black,6,6-8,patchy multi-zone clogging,manual review,26
mpq_e328867a0bd786,mem_scene_00373,images/mem_scene_00373.png,fiber_tint,What tint is most common among the visible fibers?,blue,red,black,clear or pale,C,easy,clear,edge_loaded,bubble_ring,films,upper_right,black,6,6-8,patchy multi-zone clogging,manual review,26
mpq_c3f77f3896e89a,mem_scene_00373,images/mem_scene_00373.png,bead_count,How many round bead-like microplastic particles are visible?,0-12,13-18,19-24,25 or more,A,easy,clear,edge_loaded,bubble_ring,films,upper_right,black,6,0-12,patchy multi-zone clogging,manual review,26
mpq_401a148d4d27b2,mem_scene_00373,images/mem_scene_00373.png,clogging_state,Which membrane clogging pattern best describes this field?,open pores,light edge clogging,central mat clogging,patchy multi-zone clogging,D,easy,clear,edge_loaded,bubble_ring,films,upper_right,black,6,6-8,patchy multi-zone clogging,manual review,26
mpq_2499d8cd25b6f5,mem_scene_00373,images/mem_scene_00373.png,qc_action,What is the best next triage action for this field of view?,count now,reimage focus,dilute and refilter,manual review,D,easy,clear,edge_loaded,bubble_ring,films,upper_right,black,6,6-8,patchy multi-zone clogging,manual review,26
mpq_b76b2e53e00b9d,mem_scene_00374,images/mem_scene_00374.png,dominant_particle_family,Which suspicious particle family is most common in this membrane field?,fibers,fragments,beads,films,B,hard,glare,edge_loaded,edge_shadow,fragments,upper_left,blue,23,9 or more,patchy multi-zone clogging,reimage focus,94
mpq_6bd82d383b52e2,mem_scene_00374,images/mem_scene_00374.png,hotspot_quadrant,Which quadrant contains the densest suspicious-particle hotspot?,upper left,upper right,lower left,lower right,A,hard,glare,edge_loaded,edge_shadow,fragments,upper_left,blue,23,9 or more,patchy multi-zone clogging,reimage focus,94
mpq_6424f10e757f48,mem_scene_00374,images/mem_scene_00374.png,fiber_tint,What tint is most common among the visible fibers?,blue,red,black,clear or pale,A,hard,glare,edge_loaded,edge_shadow,fragments,upper_left,blue,23,9 or more,patchy multi-zone clogging,reimage focus,94
mpq_df0ce564cf8c9e,mem_scene_00374,images/mem_scene_00374.png,bead_count,How many round bead-like microplastic particles are visible?,0-12,13-18,19-24,25 or more,C,hard,glare,edge_loaded,edge_shadow,fragments,upper_left,blue,23,19-24,patchy multi-zone clogging,reimage focus,94
mpq_3c5c0d2a4bd944,mem_scene_00374,images/mem_scene_00374.png,clogging_state,Which membrane clogging pattern best describes this field?,open pores,light edge clogging,central mat clogging,patchy multi-zone clogging,D,hard,glare,edge_loaded,edge_shadow,fragments,upper_left,blue,23,9 or more,patchy multi-zone clogging,reimage focus,94
mpq_7527c287d5507a,mem_scene_00374,images/mem_scene_00374.png,qc_action,What is the best next triage action for this field of view?,count now,reimage focus,dilute and refilter,manual review,B,hard,glare,edge_loaded,edge_shadow,fragments,upper_left,blue,23,9 or more,patchy multi-zone clogging,reimage focus,94
mpq_ca527569092cd8,mem_scene_00375,images/mem_scene_00375.png,dominant_particle_family,Which suspicious particle family is most common in this membrane field?,fibers,fragments,beads,films,B,medium,glare,ring_bias,bubble_ring,fragments,lower_left,blue,13,9 or more,patchy multi-zone clogging,manual review,72
mpq_e6ae07460652a3,mem_scene_00375,images/mem_scene_00375.png,hotspot_quadrant,Which quadrant contains the densest suspicious-particle hotspot?,upper left,upper right,lower left,lower right,C,medium,glare,ring_bias,bubble_ring,fragments,lower_left,blue,13,9 or more,patchy multi-zone clogging,manual review,72
mpq_dd4b5254b761fd,mem_scene_00375,images/mem_scene_00375.png,fiber_tint,What tint is most common among the visible fibers?,blue,red,black,clear or pale,A,medium,glare,ring_bias,bubble_ring,fragments,lower_left,blue,13,9 or more,patchy multi-zone clogging,manual review,72
mpq_2b473a85df34f8,mem_scene_00375,images/mem_scene_00375.png,bead_count,How many round bead-like microplastic particles are visible?,0-12,13-18,19-24,25 or more,B,medium,glare,ring_bias,bubble_ring,fragments,lower_left,blue,13,13-18,patchy multi-zone clogging,manual review,72
mpq_7891c044a3e2fe,mem_scene_00375,images/mem_scene_00375.png,clogging_state,Which membrane clogging pattern best describes this field?,open pores,light edge clogging,central mat clogging,patchy multi-zone clogging,D,medium,glare,ring_bias,bubble_ring,fragments,lower_left,blue,13,9 or more,patchy multi-zone clogging,manual review,72
mpq_e18a27cc6a3e4d,mem_scene_00375,images/mem_scene_00375.png,qc_action,What is the best next triage action for this field of view?,count now,reimage focus,dilute and refilter,manual review,B,medium,glare,ring_bias,bubble_ring,fragments,lower_left,blue,13,9 or more,patchy multi-zone clogging,reimage focus,72
mpq_f766a7e93f4e98,mem_scene_00376,images/mem_scene_00376.png,dominant_particle_family,Which suspicious particle family is most common in this membrane field?,fibers,fragments,beads,films,C,hard,overloaded,centered,standard,beads,lower_left,red,41,9 or more,light edge clogging,dilute and refilter,106
mpq_0d47ce34e17f30,mem_scene_00376,images/mem_scene_00376.png,hotspot_quadrant,Which quadrant contains the densest suspicious-particle hotspot?,upper left,upper right,lower left,lower right,C,hard,overloaded,centered,standard,beads,lower_left,red,41,9 or more,light edge clogging,dilute and refilter,106
mpq_7ffbf8cce95bc1,mem_scene_00376,images/mem_scene_00376.png,fiber_tint,What tint is most common among the visible fibers?,blue,red,black,clear or pale,B,hard,overloaded,centered,standard,beads,lower_left,red,41,9 or more,light edge clogging,dilute and refilter,106
mpq_220707c687877b,mem_scene_00376,images/mem_scene_00376.png,bead_count,How many round bead-like microplastic particles are visible?,0-12,13-18,19-24,25 or more,D,hard,overloaded,centered,standard,beads,lower_left,red,41,25 or more,light edge clogging,dilute and refilter,106
mpq_d5f474c48809b9,mem_scene_00376,images/mem_scene_00376.png,clogging_state,Which membrane clogging pattern best describes this field?,open pores,light edge clogging,central mat clogging,patchy multi-zone clogging,B,hard,overloaded,centered,standard,beads,lower_left,red,41,9 or more,light edge clogging,dilute and refilter,106
mpq_38d27fb8802874,mem_scene_00376,images/mem_scene_00376.png,qc_action,What is the best next triage action for this field of view?,count now,reimage focus,dilute and refilter,manual review,C,hard,overloaded,centered,standard,beads,lower_left,red,41,9 or more,light edge clogging,dilute and refilter,106
mpq_50ed13955cee43,mem_scene_00377,images/mem_scene_00377.png,dominant_particle_family,Which suspicious particle family is most common in this membrane field?,fibers,fragments,beads,films,C,easy,clear,centered,standard,beads,lower_right,clear or pale,17,9 or more,central mat clogging,count now,40
mpq_dec7ca3e3389d8,mem_scene_00377,images/mem_scene_00377.png,hotspot_quadrant,Which quadrant contains the densest suspicious-particle hotspot?,upper left,upper right,lower left,lower right,D,easy,clear,centered,standard,beads,lower_right,clear or pale,17,9 or more,central mat clogging,count now,40
mpq_b6f565d4bff7d7,mem_scene_00377,images/mem_scene_00377.png,fiber_tint,What tint is most common among the visible fibers?,blue,red,black,clear or pale,D,easy,clear,centered,standard,beads,lower_right,clear or pale,17,9 or more,central mat clogging,count now,40
mpq_4edb0c6da9240e,mem_scene_00377,images/mem_scene_00377.png,bead_count,How many round bead-like microplastic particles are visible?,0-12,13-18,19-24,25 or more,B,easy,clear,centered,standard,beads,lower_right,clear or pale,17,13-18,central mat clogging,count now,40
mpq_f03dae8c140ad2,mem_scene_00377,images/mem_scene_00377.png,clogging_state,Which membrane clogging pattern best describes this field?,open pores,light edge clogging,central mat clogging,patchy multi-zone clogging,C,easy,clear,centered,standard,beads,lower_right,clear or pale,17,9 or more,central mat clogging,count now,40
mpq_99dbb3a9345ed0,mem_scene_00377,images/mem_scene_00377.png,qc_action,What is the best next triage action for this field of view?,count now,reimage focus,dilute and refilter,manual review,A,easy,clear,centered,standard,beads,lower_right,clear or pale,17,9 or more,central mat clogging,count now,40
mpq_274c7be7acaa4a,mem_scene_00378,images/mem_scene_00378.png,dominant_particle_family,Which suspicious particle family is most common in this membrane field?,fibers,fragments,beads,films,D,easy,overloaded,centered,edge_shadow,films,upper_right,red,5,3-5,open pores,dilute and refilter,41
mpq_e87ab9620400b3,mem_scene_00378,images/mem_scene_00378.png,hotspot_quadrant,Which quadrant contains the densest suspicious-particle hotspot?,upper left,upper right,lower left,lower right,B,easy,overloaded,centered,edge_shadow,films,upper_right,red,5,3-5,open pores,dilute and refilter,41
mpq_9d67e44afdf1cc,mem_scene_00378,images/mem_scene_00378.png,fiber_tint,What tint is most common among the visible fibers?,blue,red,black,clear or pale,B,easy,overloaded,centered,edge_shadow,films,upper_right,red,5,3-5,open pores,dilute and refilter,41
mpq_ebb6d7e8ed7035,mem_scene_00378,images/mem_scene_00378.png,bead_count,How many round bead-like microplastic particles are visible?,0-12,13-18,19-24,25 or more,A,easy,overloaded,centered,edge_shadow,films,upper_right,red,5,0-12,open pores,dilute and refilter,41
mpq_4b33c76e1b753d,mem_scene_00378,images/mem_scene_00378.png,clogging_state,Which membrane clogging pattern best describes this field?,open pores,light edge clogging,central mat clogging,patchy multi-zone clogging,A,easy,overloaded,centered,edge_shadow,films,upper_right,red,5,3-5,open pores,dilute and refilter,41
mpq_6aed11e2872caa,mem_scene_00378,images/mem_scene_00378.png,qc_action,What is the best next triage action for this field of view?,count now,reimage focus,dilute and refilter,manual review,C,easy,overloaded,centered,edge_shadow,films,upper_right,red,5,3-5,open pores,dilute and refilter,41
mpq_b00e2992f091e4,mem_scene_00379,images/mem_scene_00379.png,dominant_particle_family,Which suspicious particle family is most common in this membrane field?,fibers,fragments,beads,films,B,easy,biofilm,centered,standard,fragments,lower_right,blue,8,6-8,central mat clogging,manual review,43
mpq_3db3a583c61b7a,mem_scene_00379,images/mem_scene_00379.png,hotspot_quadrant,Which quadrant contains the densest suspicious-particle hotspot?,upper left,upper right,lower left,lower right,D,easy,biofilm,centered,standard,fragments,lower_right,blue,8,6-8,central mat clogging,manual review,43
mpq_3b60dd412aae41,mem_scene_00379,images/mem_scene_00379.png,fiber_tint,What tint is most common among the visible fibers?,blue,red,black,clear or pale,A,easy,biofilm,centered,standard,fragments,lower_right,blue,8,6-8,central mat clogging,manual review,43
mpq_910c62a1fadeb6,mem_scene_00379,images/mem_scene_00379.png,bead_count,How many round bead-like microplastic particles are visible?,0-12,13-18,19-24,25 or more,A,easy,biofilm,centered,standard,fragments,lower_right,blue,8,0-12,central mat clogging,manual review,43
mpq_b039f16cd879b6,mem_scene_00379,images/mem_scene_00379.png,clogging_state,Which membrane clogging pattern best describes this field?,open pores,light edge clogging,central mat clogging,patchy multi-zone clogging,C,easy,biofilm,centered,standard,fragments,lower_right,blue,8,6-8,central mat clogging,manual review,43
mpq_f79ba26ddede9d,mem_scene_00379,images/mem_scene_00379.png,qc_action,What is the best next triage action for this field of view?,count now,reimage focus,dilute and refilter,manual review,D,easy,biofilm,centered,standard,fragments,lower_right,blue,8,6-8,central mat clogging,manual review,43
mpq_a886bbafe404a7,mem_scene_00380,images/mem_scene_00380.png,dominant_particle_family,Which suspicious particle family is most common in this membrane field?,fibers,fragments,beads,films,C,hard,overloaded,ring_bias,edge_shadow,beads,lower_left,blue,43,9 or more,central mat clogging,dilute and refilter,87
mpq_1834ff6697bd44,mem_scene_00380,images/mem_scene_00380.png,hotspot_quadrant,Which quadrant contains the densest suspicious-particle hotspot?,upper left,upper right,lower left,lower right,C,hard,overloaded,ring_bias,edge_shadow,beads,lower_left,blue,43,9 or more,central mat clogging,dilute and refilter,87
mpq_7188435a00d2ee,mem_scene_00380,images/mem_scene_00380.png,fiber_tint,What tint is most common among the visible fibers?,blue,red,black,clear or pale,A,hard,overloaded,ring_bias,edge_shadow,beads,lower_left,blue,43,9 or more,central mat clogging,dilute and refilter,87
mpq_6fcbd9266138cb,mem_scene_00380,images/mem_scene_00380.png,bead_count,How many round bead-like microplastic particles are visible?,0-12,13-18,19-24,25 or more,D,hard,overloaded,ring_bias,edge_shadow,beads,lower_left,blue,43,25 or more,central mat clogging,dilute and refilter,87
mpq_0758040e52e974,mem_scene_00380,images/mem_scene_00380.png,clogging_state,Which membrane clogging pattern best describes this field?,open pores,light edge clogging,central mat clogging,patchy multi-zone clogging,C,hard,overloaded,ring_bias,edge_shadow,beads,lower_left,blue,43,9 or more,central mat clogging,dilute and refilter,87
mpq_b5ddead23aacde,mem_scene_00380,images/mem_scene_00380.png,qc_action,What is the best next triage action for this field of view?,count now,reimage focus,dilute and refilter,manual review,C,hard,overloaded,ring_bias,edge_shadow,beads,lower_left,blue,43,9 or more,central mat clogging,dilute and refilter,87
mpq_677f083debdf7d,mem_scene_00381,images/mem_scene_00381.png,dominant_particle_family,Which suspicious particle family is most common in this membrane field?,fibers,fragments,beads,films,B,hard,glare,centered,standard,fragments,lower_left,black,18,9 or more,open pores,reimage focus,94
mpq_0eb668589eff7f,mem_scene_00381,images/mem_scene_00381.png,hotspot_quadrant,Which quadrant contains the densest suspicious-particle hotspot?,upper left,upper right,lower left,lower right,C,hard,glare,centered,standard,fragments,lower_left,black,18,9 or more,open pores,reimage focus,94
mpq_240c0859559aca,mem_scene_00381,images/mem_scene_00381.png,fiber_tint,What tint is most common among the visible fibers?,blue,red,black,clear or pale,C,hard,glare,centered,standard,fragments,lower_left,black,18,9 or more,open pores,reimage focus,94
mpq_ca1410e6c5ff9f,mem_scene_00381,images/mem_scene_00381.png,bead_count,How many round bead-like microplastic particles are visible?,0-12,13-18,19-24,25 or more,B,hard,glare,centered,standard,fragments,lower_left,black,18,13-18,open pores,reimage focus,94
mpq_d5b82a6b1f07ab,mem_scene_00381,images/mem_scene_00381.png,clogging_state,Which membrane clogging pattern best describes this field?,open pores,light edge clogging,central mat clogging,patchy multi-zone clogging,A,hard,glare,centered,standard,fragments,lower_left,black,18,9 or more,open pores,reimage focus,94
mpq_4e06c5e3543673,mem_scene_00381,images/mem_scene_00381.png,qc_action,What is the best next triage action for this field of view?,count now,reimage focus,dilute and refilter,manual review,B,hard,glare,centered,standard,fragments,lower_left,black,18,9 or more,open pores,reimage focus,94
mpq_be65917b282b77,mem_scene_00382,images/mem_scene_00382.png,dominant_particle_family,Which suspicious particle family is most common in this membrane field?,fibers,fragments,beads,films,B,medium,overloaded,centered,standard,fragments,upper_right,blue,8,6-8,patchy multi-zone clogging,dilute and refilter,66
mpq_471d6f394a570e,mem_scene_00382,images/mem_scene_00382.png,hotspot_quadrant,Which quadrant contains the densest suspicious-particle hotspot?,upper left,upper right,lower left,lower right,B,medium,overloaded,centered,standard,fragments,upper_right,blue,8,6-8,patchy multi-zone clogging,dilute and refilter,66
mpq_91888ae5e00e2c,mem_scene_00382,images/mem_scene_00382.png,fiber_tint,What tint is most common among the visible fibers?,blue,red,black,clear or pale,A,medium,overloaded,centered,standard,fragments,upper_right,blue,8,6-8,patchy multi-zone clogging,dilute and refilter,66
mpq_0fed33bead9016,mem_scene_00382,images/mem_scene_00382.png,bead_count,How many round bead-like microplastic particles are visible?,0-12,13-18,19-24,25 or more,A,medium,overloaded,centered,standard,fragments,upper_right,blue,8,0-12,patchy multi-zone clogging,dilute and refilter,66
mpq_7c74420497ec12,mem_scene_00382,images/mem_scene_00382.png,clogging_state,Which membrane clogging pattern best describes this field?,open pores,light edge clogging,central mat clogging,patchy multi-zone clogging,D,medium,overloaded,centered,standard,fragments,upper_right,blue,8,6-8,patchy multi-zone clogging,dilute and refilter,66
mpq_faa02a7ecb1204,mem_scene_00382,images/mem_scene_00382.png,qc_action,What is the best next triage action for this field of view?,count now,reimage focus,dilute and refilter,manual review,C,medium,overloaded,centered,standard,fragments,upper_right,blue,8,6-8,patchy multi-zone clogging,dilute and refilter,66
mpq_230984352e9668,mem_scene_00383,images/mem_scene_00383.png,dominant_particle_family,Which suspicious particle family is most common in this membrane field?,fibers,fragments,beads,films,D,easy,clear,ring_bias,standard,films,lower_left,blue,7,6-8,patchy multi-zone clogging,count now,31
mpq_0dc4d0c8717e9a,mem_scene_00383,images/mem_scene_00383.png,hotspot_quadrant,Which quadrant contains the densest suspicious-particle hotspot?,upper left,upper right,lower left,lower right,C,easy,clear,ring_bias,standard,films,lower_left,blue,7,6-8,patchy multi-zone clogging,count now,31
mpq_e072cad35018f0,mem_scene_00383,images/mem_scene_00383.png,fiber_tint,What tint is most common among the visible fibers?,blue,red,black,clear or pale,A,easy,clear,ring_bias,standard,films,lower_left,blue,7,6-8,patchy multi-zone clogging,count now,31
mpq_1d75681c5daead,mem_scene_00383,images/mem_scene_00383.png,bead_count,How many round bead-like microplastic particles are visible?,0-12,13-18,19-24,25 or more,A,easy,clear,ring_bias,standard,films,lower_left,blue,7,0-12,patchy multi-zone clogging,count now,31
mpq_2f7a41d74d87cf,mem_scene_00383,images/mem_scene_00383.png,clogging_state,Which membrane clogging pattern best describes this field?,open pores,light edge clogging,central mat clogging,patchy multi-zone clogging,D,easy,clear,ring_bias,standard,films,lower_left,blue,7,6-8,patchy multi-zone clogging,count now,31
mpq_81caa3cbc9e3c6,mem_scene_00383,images/mem_scene_00383.png,qc_action,What is the best next triage action for this field of view?,count now,reimage focus,dilute and refilter,manual review,A,easy,clear,ring_bias,standard,films,lower_left,blue,7,6-8,patchy multi-zone clogging,count now,31
mpq_a485563ec6b70c,mem_scene_00384,images/mem_scene_00384.png,dominant_particle_family,Which suspicious particle family is most common in this membrane field?,fibers,fragments,beads,films,A,easy,glare,edge_loaded,bubble_ring,fibers,upper_right,blue,4,3-5,open pores,manual review,27
mpq_23b65755b0fb60,mem_scene_00384,images/mem_scene_00384.png,hotspot_quadrant,Which quadrant contains the densest suspicious-particle hotspot?,upper left,upper right,lower left,lower right,B,easy,glare,edge_loaded,bubble_ring,fibers,upper_right,blue,4,3-5,open pores,manual review,27
mpq_8827542215cf96,mem_scene_00384,images/mem_scene_00384.png,fiber_tint,What tint is most common among the visible fibers?,blue,red,black,clear or pale,A,easy,glare,edge_loaded,bubble_ring,fibers,upper_right,blue,4,3-5,open pores,manual review,27
mpq_de1ed8070d92da,mem_scene_00384,images/mem_scene_00384.png,bead_count,How many round bead-like microplastic particles are visible?,0-12,13-18,19-24,25 or more,A,easy,glare,edge_loaded,bubble_ring,fibers,upper_right,blue,4,0-12,open pores,manual review,27
mpq_5a072ca5dce09b,mem_scene_00384,images/mem_scene_00384.png,clogging_state,Which membrane clogging pattern best describes this field?,open pores,light edge clogging,central mat clogging,patchy multi-zone clogging,A,easy,glare,edge_loaded,bubble_ring,fibers,upper_right,blue,4,3-5,open pores,manual review,27
mpq_d602770db86ba8,mem_scene_00384,images/mem_scene_00384.png,qc_action,What is the best next triage action for this field of view?,count now,reimage focus,dilute and refilter,manual review,B,easy,glare,edge_loaded,bubble_ring,fibers,upper_right,blue,4,3-5,open pores,reimage focus,27
mpq_f69a0827fe41ee,mem_scene_00385,images/mem_scene_00385.png,dominant_particle_family,Which suspicious particle family is most common in this membrane field?,fibers,fragments,beads,films,C,hard,overloaded,centered,standard,beads,upper_left,clear or pale,47,9 or more,patchy multi-zone clogging,dilute and refilter,108
mpq_028fdc5ff937dc,mem_scene_00385,images/mem_scene_00385.png,hotspot_quadrant,Which quadrant contains the densest suspicious-particle hotspot?,upper left,upper right,lower left,lower right,A,hard,overloaded,centered,standard,beads,upper_left,clear or pale,47,9 or more,patchy multi-zone clogging,dilute and refilter,108
mpq_ecafe4c29de341,mem_scene_00385,images/mem_scene_00385.png,fiber_tint,What tint is most common among the visible fibers?,blue,red,black,clear or pale,D,hard,overloaded,centered,standard,beads,upper_left,clear or pale,47,9 or more,patchy multi-zone clogging,dilute and refilter,108
mpq_01085ac4f7185d,mem_scene_00385,images/mem_scene_00385.png,bead_count,How many round bead-like microplastic particles are visible?,0-12,13-18,19-24,25 or more,D,hard,overloaded,centered,standard,beads,upper_left,clear or pale,47,25 or more,patchy multi-zone clogging,dilute and refilter,108
mpq_4f13553c79bbb1,mem_scene_00385,images/mem_scene_00385.png,clogging_state,Which membrane clogging pattern best describes this field?,open pores,light edge clogging,central mat clogging,patchy multi-zone clogging,D,hard,overloaded,centered,standard,beads,upper_left,clear or pale,47,9 or more,patchy multi-zone clogging,dilute and refilter,108
mpq_27ab7a0ccc75d5,mem_scene_00385,images/mem_scene_00385.png,qc_action,What is the best next triage action for this field of view?,count now,reimage focus,dilute and refilter,manual review,C,hard,overloaded,centered,standard,beads,upper_left,clear or pale,47,9 or more,patchy multi-zone clogging,dilute and refilter,108
mpq_56b2937116c03d,mem_scene_00386,images/mem_scene_00386.png,dominant_particle_family,Which suspicious particle family is most common in this membrane field?,fibers,fragments,beads,films,D,easy,clear,edge_loaded,standard,films,lower_left,clear or pale,7,6-8,patchy multi-zone clogging,count now,30
mpq_fa645d6d8f02a5,mem_scene_00386,images/mem_scene_00386.png,hotspot_quadrant,Which quadrant contains the densest suspicious-particle hotspot?,upper left,upper right,lower left,lower right,C,easy,clear,edge_loaded,standard,films,lower_left,clear or pale,7,6-8,patchy multi-zone clogging,count now,30
mpq_91f94e3e2c470a,mem_scene_00386,images/mem_scene_00386.png,fiber_tint,What tint is most common among the visible fibers?,blue,red,black,clear or pale,D,easy,clear,edge_loaded,standard,films,lower_left,clear or pale,7,6-8,patchy multi-zone clogging,count now,30
mpq_12a4e9ecc93576,mem_scene_00386,images/mem_scene_00386.png,bead_count,How many round bead-like microplastic particles are visible?,0-12,13-18,19-24,25 or more,A,easy,clear,edge_loaded,standard,films,lower_left,clear or pale,7,0-12,patchy multi-zone clogging,count now,30
mpq_19d2d20937336b,mem_scene_00386,images/mem_scene_00386.png,clogging_state,Which membrane clogging pattern best describes this field?,open pores,light edge clogging,central mat clogging,patchy multi-zone clogging,D,easy,clear,edge_loaded,standard,films,lower_left,clear or pale,7,6-8,patchy multi-zone clogging,count now,30
mpq_e712784003d3e6,mem_scene_00386,images/mem_scene_00386.png,qc_action,What is the best next triage action for this field of view?,count now,reimage focus,dilute and refilter,manual review,A,easy,clear,edge_loaded,standard,films,lower_left,clear or pale,7,6-8,patchy multi-zone clogging,count now,30
mpq_28ae950caa3ff3,mem_scene_00387,images/mem_scene_00387.png,dominant_particle_family,Which suspicious particle family is most common in this membrane field?,fibers,fragments,beads,films,D,easy,overloaded,edge_loaded,standard,films,upper_right,clear or pale,3,3-5,open pores,dilute and refilter,26
mpq_f39596ee689758,mem_scene_00387,images/mem_scene_00387.png,hotspot_quadrant,Which quadrant contains the densest suspicious-particle hotspot?,upper left,upper right,lower left,lower right,B,easy,overloaded,edge_loaded,standard,films,upper_right,clear or pale,3,3-5,open pores,dilute and refilter,26
mpq_c674afc88675f6,mem_scene_00387,images/mem_scene_00387.png,fiber_tint,What tint is most common among the visible fibers?,blue,red,black,clear or pale,D,easy,overloaded,edge_loaded,standard,films,upper_right,clear or pale,3,3-5,open pores,dilute and refilter,26
mpq_12a20f66e83589,mem_scene_00387,images/mem_scene_00387.png,bead_count,How many round bead-like microplastic particles are visible?,0-12,13-18,19-24,25 or more,A,easy,overloaded,edge_loaded,standard,films,upper_right,clear or pale,3,0-12,open pores,dilute and refilter,26
mpq_b2f36507c6a198,mem_scene_00387,images/mem_scene_00387.png,clogging_state,Which membrane clogging pattern best describes this field?,open pores,light edge clogging,central mat clogging,patchy multi-zone clogging,A,easy,overloaded,edge_loaded,standard,films,upper_right,clear or pale,3,3-5,open pores,dilute and refilter,26
mpq_b957bf612ed877,mem_scene_00387,images/mem_scene_00387.png,qc_action,What is the best next triage action for this field of view?,count now,reimage focus,dilute and refilter,manual review,C,easy,overloaded,edge_loaded,standard,films,upper_right,clear or pale,3,3-5,open pores,dilute and refilter,26
mpq_064500fdbfe864,mem_scene_00388,images/mem_scene_00388.png,dominant_particle_family,Which suspicious particle family is most common in this membrane field?,fibers,fragments,beads,films,D,easy,clear,centered,standard,films,upper_left,blue,5,3-5,central mat clogging,count now,42
mpq_747ce516765365,mem_scene_00388,images/mem_scene_00388.png,hotspot_quadrant,Which quadrant contains the densest suspicious-particle hotspot?,upper left,upper right,lower left,lower right,A,easy,clear,centered,standard,films,upper_left,blue,5,3-5,central mat clogging,count now,42
mpq_29df5fe09e24c4,mem_scene_00388,images/mem_scene_00388.png,fiber_tint,What tint is most common among the visible fibers?,blue,red,black,clear or pale,A,easy,clear,centered,standard,films,upper_left,blue,5,3-5,central mat clogging,count now,42
mpq_9c64f71b53023a,mem_scene_00388,images/mem_scene_00388.png,bead_count,How many round bead-like microplastic particles are visible?,0-12,13-18,19-24,25 or more,A,easy,clear,centered,standard,films,upper_left,blue,5,0-12,central mat clogging,count now,42
mpq_3680c6ae66bb17,mem_scene_00388,images/mem_scene_00388.png,clogging_state,Which membrane clogging pattern best describes this field?,open pores,light edge clogging,central mat clogging,patchy multi-zone clogging,C,easy,clear,centered,standard,films,upper_left,blue,5,3-5,central mat clogging,count now,42
mpq_592493100bc06f,mem_scene_00388,images/mem_scene_00388.png,qc_action,What is the best next triage action for this field of view?,count now,reimage focus,dilute and refilter,manual review,A,easy,clear,centered,standard,films,upper_left,blue,5,3-5,central mat clogging,count now,42
mpq_d7e4a54a983544,mem_scene_00389,images/mem_scene_00389.png,dominant_particle_family,Which suspicious particle family is most common in this membrane field?,fibers,fragments,beads,films,B,easy,biofilm,centered,standard,fragments,lower_left,blue,9,9 or more,open pores,manual review,40
mpq_515a82e602c8e4,mem_scene_00389,images/mem_scene_00389.png,hotspot_quadrant,Which quadrant contains the densest suspicious-particle hotspot?,upper left,upper right,lower left,lower right,C,easy,biofilm,centered,standard,fragments,lower_left,blue,9,9 or more,open pores,manual review,40
mpq_ef1863e24b43e9,mem_scene_00389,images/mem_scene_00389.png,fiber_tint,What tint is most common among the visible fibers?,blue,red,black,clear or pale,A,easy,biofilm,centered,standard,fragments,lower_left,blue,9,9 or more,open pores,manual review,40
mpq_aeb8e6f4f1c2da,mem_scene_00389,images/mem_scene_00389.png,bead_count,How many round bead-like microplastic particles are visible?,0-12,13-18,19-24,25 or more,A,easy,biofilm,centered,standard,fragments,lower_left,blue,9,0-12,open pores,manual review,40
mpq_3f20bd321ec5db,mem_scene_00389,images/mem_scene_00389.png,clogging_state,Which membrane clogging pattern best describes this field?,open pores,light edge clogging,central mat clogging,patchy multi-zone clogging,A,easy,biofilm,centered,standard,fragments,lower_left,blue,9,9 or more,open pores,manual review,40
mpq_c66fe6aa1f5cc6,mem_scene_00389,images/mem_scene_00389.png,qc_action,What is the best next triage action for this field of view?,count now,reimage focus,dilute and refilter,manual review,D,easy,biofilm,centered,standard,fragments,lower_left,blue,9,9 or more,open pores,manual review,40
mpq_dd9ffd85929aa4,mem_scene_00390,images/mem_scene_00390.png,dominant_particle_family,Which suspicious particle family is most common in this membrane field?,fibers,fragments,beads,films,A,hard,biofilm,ring_bias,standard,fibers,lower_right,clear or pale,15,9 or more,open pores,manual review,97
mpq_c30453b36c1b6f,mem_scene_00390,images/mem_scene_00390.png,hotspot_quadrant,Which quadrant contains the densest suspicious-particle hotspot?,upper left,upper right,lower left,lower right,D,hard,biofilm,ring_bias,standard,fibers,lower_right,clear or pale,15,9 or more,open pores,manual review,97
mpq_247cd7574d9024,mem_scene_00390,images/mem_scene_00390.png,fiber_tint,What tint is most common among the visible fibers?,blue,red,black,clear or pale,D,hard,biofilm,ring_bias,standard,fibers,lower_right,clear or pale,15,9 or more,open pores,manual review,97
mpq_c5afe82e4f682b,mem_scene_00390,images/mem_scene_00390.png,bead_count,How many round bead-like microplastic particles are visible?,0-12,13-18,19-24,25 or more,B,hard,biofilm,ring_bias,standard,fibers,lower_right,clear or pale,15,13-18,open pores,manual review,97
mpq_ee68d6d821184e,mem_scene_00390,images/mem_scene_00390.png,clogging_state,Which membrane clogging pattern best describes this field?,open pores,light edge clogging,central mat clogging,patchy multi-zone clogging,A,hard,biofilm,ring_bias,standard,fibers,lower_right,clear or pale,15,9 or more,open pores,manual review,97
mpq_69716f78eed72d,mem_scene_00390,images/mem_scene_00390.png,qc_action,What is the best next triage action for this field of view?,count now,reimage focus,dilute and refilter,manual review,D,hard,biofilm,ring_bias,standard,fibers,lower_right,clear or pale,15,9 or more,open pores,manual review,97
mpq_a5289098c55aff,mem_scene_00391,images/mem_scene_00391.png,dominant_particle_family,Which suspicious particle family is most common in this membrane field?,fibers,fragments,beads,films,B,medium,biofilm,edge_loaded,blue_stain,fragments,upper_left,black,11,9 or more,open pores,manual review,66
mpq_bbbf56990c7cdd,mem_scene_00391,images/mem_scene_00391.png,hotspot_quadrant,Which quadrant contains the densest suspicious-particle hotspot?,upper left,upper right,lower left,lower right,A,medium,biofilm,edge_loaded,blue_stain,fragments,upper_left,black,11,9 or more,open pores,manual review,66
mpq_ab7b6ee7649efa,mem_scene_00391,images/mem_scene_00391.png,fiber_tint,What tint is most common among the visible fibers?,blue,red,black,clear or pale,C,medium,biofilm,edge_loaded,blue_stain,fragments,upper_left,black,11,9 or more,open pores,manual review,66
mpq_2f3c6f8e0db9e8,mem_scene_00391,images/mem_scene_00391.png,bead_count,How many round bead-like microplastic particles are visible?,0-12,13-18,19-24,25 or more,A,medium,biofilm,edge_loaded,blue_stain,fragments,upper_left,black,11,0-12,open pores,manual review,66
mpq_c6159a474d9be1,mem_scene_00391,images/mem_scene_00391.png,clogging_state,Which membrane clogging pattern best describes this field?,open pores,light edge clogging,central mat clogging,patchy multi-zone clogging,A,medium,biofilm,edge_loaded,blue_stain,fragments,upper_left,black,11,9 or more,open pores,manual review,66
mpq_f3f1c477e3f936,mem_scene_00391,images/mem_scene_00391.png,qc_action,What is the best next triage action for this field of view?,count now,reimage focus,dilute and refilter,manual review,D,medium,biofilm,edge_loaded,blue_stain,fragments,upper_left,black,11,9 or more,open pores,manual review,66
mpq_0530b30fa5313c,mem_scene_00392,images/mem_scene_00392.png,dominant_particle_family,Which suspicious particle family is most common in this membrane field?,fibers,fragments,beads,films,A,hard,low_contrast,centered,standard,fibers,lower_right,blue,20,9 or more,light edge clogging,reimage focus,108
mpq_aa0ba313b9ca87,mem_scene_00392,images/mem_scene_00392.png,hotspot_quadrant,Which quadrant contains the densest suspicious-particle hotspot?,upper left,upper right,lower left,lower right,D,hard,low_contrast,centered,standard,fibers,lower_right,blue,20,9 or more,light edge clogging,reimage focus,108
mpq_405f3591a42370,mem_scene_00392,images/mem_scene_00392.png,fiber_tint,What tint is most common among the visible fibers?,blue,red,black,clear or pale,A,hard,low_contrast,centered,standard,fibers,lower_right,blue,20,9 or more,light edge clogging,reimage focus,108
mpq_3437bdff687f35,mem_scene_00392,images/mem_scene_00392.png,bead_count,How many round bead-like microplastic particles are visible?,0-12,13-18,19-24,25 or more,C,hard,low_contrast,centered,standard,fibers,lower_right,blue,20,19-24,light edge clogging,reimage focus,108
mpq_2dd492bc0ac12b,mem_scene_00392,images/mem_scene_00392.png,clogging_state,Which membrane clogging pattern best describes this field?,open pores,light edge clogging,central mat clogging,patchy multi-zone clogging,B,hard,low_contrast,centered,standard,fibers,lower_right,blue,20,9 or more,light edge clogging,reimage focus,108
mpq_b0b237cc2fe5a5,mem_scene_00392,images/mem_scene_00392.png,qc_action,What is the best next triage action for this field of view?,count now,reimage focus,dilute and refilter,manual review,B,hard,low_contrast,centered,standard,fibers,lower_right,blue,20,9 or more,light edge clogging,reimage focus,108
mpq_6a0e33e406028e,mem_scene_00393,images/mem_scene_00393.png,dominant_particle_family,Which suspicious particle family is most common in this membrane field?,fibers,fragments,beads,films,C,hard,glare,diagonal_streak,blue_stain,beads,lower_right,red,33,9 or more,open pores,reimage focus,109
mpq_34ee7fdb48d097,mem_scene_00393,images/mem_scene_00393.png,hotspot_quadrant,Which quadrant contains the densest suspicious-particle hotspot?,upper left,upper right,lower left,lower right,D,hard,glare,diagonal_streak,blue_stain,beads,lower_right,red,33,9 or more,open pores,reimage focus,109
mpq_f8edc014b146d9,mem_scene_00393,images/mem_scene_00393.png,fiber_tint,What tint is most common among the visible fibers?,blue,red,black,clear or pale,B,hard,glare,diagonal_streak,blue_stain,beads,lower_right,red,33,9 or more,open pores,reimage focus,109
mpq_ed9d2dbcbb3186,mem_scene_00393,images/mem_scene_00393.png,bead_count,How many round bead-like microplastic particles are visible?,0-12,13-18,19-24,25 or more,D,hard,glare,diagonal_streak,blue_stain,beads,lower_right,red,33,25 or more,open pores,reimage focus,109
mpq_676aac3c8edfdc,mem_scene_00393,images/mem_scene_00393.png,clogging_state,Which membrane clogging pattern best describes this field?,open pores,light edge clogging,central mat clogging,patchy multi-zone clogging,A,hard,glare,diagonal_streak,blue_stain,beads,lower_right,red,33,9 or more,open pores,reimage focus,109
mpq_f929869512ecf1,mem_scene_00393,images/mem_scene_00393.png,qc_action,What is the best next triage action for this field of view?,count now,reimage focus,dilute and refilter,manual review,B,hard,glare,diagonal_streak,blue_stain,beads,lower_right,red,33,9 or more,open pores,reimage focus,109
mpq_edfda4ab6dc28e,mem_scene_00394,images/mem_scene_00394.png,dominant_particle_family,Which suspicious particle family is most common in this membrane field?,fibers,fragments,beads,films,C,medium,clear,centered,standard,beads,upper_left,red,21,9 or more,patchy multi-zone clogging,count now,51
mpq_be3fa5f36921cf,mem_scene_00394,images/mem_scene_00394.png,hotspot_quadrant,Which quadrant contains the densest suspicious-particle hotspot?,upper left,upper right,lower left,lower right,A,medium,clear,centered,standard,beads,upper_left,red,21,9 or more,patchy multi-zone clogging,count now,51
mpq_0e70aea6bc2dde,mem_scene_00394,images/mem_scene_00394.png,fiber_tint,What tint is most common among the visible fibers?,blue,red,black,clear or pale,B,medium,clear,centered,standard,beads,upper_left,red,21,9 or more,patchy multi-zone clogging,count now,51
mpq_a2aead0144b531,mem_scene_00394,images/mem_scene_00394.png,bead_count,How many round bead-like microplastic particles are visible?,0-12,13-18,19-24,25 or more,C,medium,clear,centered,standard,beads,upper_left,red,21,19-24,patchy multi-zone clogging,count now,51
mpq_55bec7e64ec309,mem_scene_00394,images/mem_scene_00394.png,clogging_state,Which membrane clogging pattern best describes this field?,open pores,light edge clogging,central mat clogging,patchy multi-zone clogging,D,medium,clear,centered,standard,beads,upper_left,red,21,9 or more,patchy multi-zone clogging,count now,51
mpq_2a65c2b1c15600,mem_scene_00394,images/mem_scene_00394.png,qc_action,What is the best next triage action for this field of view?,count now,reimage focus,dilute and refilter,manual review,A,medium,clear,centered,standard,beads,upper_left,red,21,9 or more,patchy multi-zone clogging,count now,51
mpq_f007f3fa6cafc2,mem_scene_00395,images/mem_scene_00395.png,dominant_particle_family,Which suspicious particle family is most common in this membrane field?,fibers,fragments,beads,films,B,easy,clear,centered,edge_shadow,fragments,lower_left,blue,10,9 or more,light edge clogging,manual review,35
mpq_8067af77a81dad,mem_scene_00395,images/mem_scene_00395.png,hotspot_quadrant,Which quadrant contains the densest suspicious-particle hotspot?,upper left,upper right,lower left,lower right,C,easy,clear,centered,edge_shadow,fragments,lower_left,blue,10,9 or more,light edge clogging,manual review,35
mpq_7d669cc6df1a05,mem_scene_00395,images/mem_scene_00395.png,fiber_tint,What tint is most common among the visible fibers?,blue,red,black,clear or pale,A,easy,clear,centered,edge_shadow,fragments,lower_left,blue,10,9 or more,light edge clogging,manual review,35
mpq_d4378b9cacf581,mem_scene_00395,images/mem_scene_00395.png,bead_count,How many round bead-like microplastic particles are visible?,0-12,13-18,19-24,25 or more,A,easy,clear,centered,edge_shadow,fragments,lower_left,blue,10,0-12,light edge clogging,manual review,35
mpq_b98f37f9a0ec58,mem_scene_00395,images/mem_scene_00395.png,clogging_state,Which membrane clogging pattern best describes this field?,open pores,light edge clogging,central mat clogging,patchy multi-zone clogging,B,easy,clear,centered,edge_shadow,fragments,lower_left,blue,10,9 or more,light edge clogging,manual review,35
mpq_efd83234584967,mem_scene_00395,images/mem_scene_00395.png,qc_action,What is the best next triage action for this field of view?,count now,reimage focus,dilute and refilter,manual review,D,easy,clear,centered,edge_shadow,fragments,lower_left,blue,10,9 or more,light edge clogging,manual review,35
mpq_c4f4c6d7c80107,mem_scene_00396,images/mem_scene_00396.png,dominant_particle_family,Which suspicious particle family is most common in this membrane field?,fibers,fragments,beads,films,B,medium,clear,edge_loaded,standard,fragments,upper_right,red,9,9 or more,light edge clogging,count now,60
mpq_0273fa6079d86e,mem_scene_00396,images/mem_scene_00396.png,hotspot_quadrant,Which quadrant contains the densest suspicious-particle hotspot?,upper left,upper right,lower left,lower right,B,medium,clear,edge_loaded,standard,fragments,upper_right,red,9,9 or more,light edge clogging,count now,60
mpq_ac9e9a21d71312,mem_scene_00396,images/mem_scene_00396.png,fiber_tint,What tint is most common among the visible fibers?,blue,red,black,clear or pale,B,medium,clear,edge_loaded,standard,fragments,upper_right,red,9,9 or more,light edge clogging,count now,60
mpq_257adbba546e06,mem_scene_00396,images/mem_scene_00396.png,bead_count,How many round bead-like microplastic particles are visible?,0-12,13-18,19-24,25 or more,A,medium,clear,edge_loaded,standard,fragments,upper_right,red,9,0-12,light edge clogging,count now,60
mpq_7616b07c6568a2,mem_scene_00396,images/mem_scene_00396.png,clogging_state,Which membrane clogging pattern best describes this field?,open pores,light edge clogging,central mat clogging,patchy multi-zone clogging,B,medium,clear,edge_loaded,standard,fragments,upper_right,red,9,9 or more,light edge clogging,count now,60
mpq_f8e72daf19646d,mem_scene_00396,images/mem_scene_00396.png,qc_action,What is the best next triage action for this field of view?,count now,reimage focus,dilute and refilter,manual review,A,medium,clear,edge_loaded,standard,fragments,upper_right,red,9,9 or more,light edge clogging,count now,60
mpq_c1e8ac5c8344d2,mem_scene_00397,images/mem_scene_00397.png,dominant_particle_family,Which suspicious particle family is most common in this membrane field?,fibers,fragments,beads,films,A,medium,biofilm,centered,standard,fibers,upper_left,blue,15,9 or more,central mat clogging,manual review,60
mpq_0500de84e70b9e,mem_scene_00397,images/mem_scene_00397.png,hotspot_quadrant,Which quadrant contains the densest suspicious-particle hotspot?,upper left,upper right,lower left,lower right,A,medium,biofilm,centered,standard,fibers,upper_left,blue,15,9 or more,central mat clogging,manual review,60
mpq_6fe222bd2b286a,mem_scene_00397,images/mem_scene_00397.png,fiber_tint,What tint is most common among the visible fibers?,blue,red,black,clear or pale,A,medium,biofilm,centered,standard,fibers,upper_left,blue,15,9 or more,central mat clogging,manual review,60
mpq_7cb3beace13898,mem_scene_00397,images/mem_scene_00397.png,bead_count,How many round bead-like microplastic particles are visible?,0-12,13-18,19-24,25 or more,B,medium,biofilm,centered,standard,fibers,upper_left,blue,15,13-18,central mat clogging,manual review,60
mpq_5bb9c566c6ba76,mem_scene_00397,images/mem_scene_00397.png,clogging_state,Which membrane clogging pattern best describes this field?,open pores,light edge clogging,central mat clogging,patchy multi-zone clogging,C,medium,biofilm,centered,standard,fibers,upper_left,blue,15,9 or more,central mat clogging,manual review,60
mpq_8bec743af8ad02,mem_scene_00397,images/mem_scene_00397.png,qc_action,What is the best next triage action for this field of view?,count now,reimage focus,dilute and refilter,manual review,D,medium,biofilm,centered,standard,fibers,upper_left,blue,15,9 or more,central mat clogging,manual review,60
mpq_a6b7f517f02b43,mem_scene_00398,images/mem_scene_00398.png,dominant_particle_family,Which suspicious particle family is most common in this membrane field?,fibers,fragments,beads,films,D,hard,clear,centered,standard,films,upper_left,blue,20,9 or more,central mat clogging,dilute and refilter,104
mpq_4c866c553b1d8e,mem_scene_00398,images/mem_scene_00398.png,hotspot_quadrant,Which quadrant contains the densest suspicious-particle hotspot?,upper left,upper right,lower left,lower right,A,hard,clear,centered,standard,films,upper_left,blue,20,9 or more,central mat clogging,dilute and refilter,104
mpq_246b70cc0532d5,mem_scene_00398,images/mem_scene_00398.png,fiber_tint,What tint is most common among the visible fibers?,blue,red,black,clear or pale,A,hard,clear,centered,standard,films,upper_left,blue,20,9 or more,central mat clogging,dilute and refilter,104
mpq_4c4be7f7fba83e,mem_scene_00398,images/mem_scene_00398.png,bead_count,How many round bead-like microplastic particles are visible?,0-12,13-18,19-24,25 or more,C,hard,clear,centered,standard,films,upper_left,blue,20,19-24,central mat clogging,dilute and refilter,104
mpq_db5fdc64b2879f,mem_scene_00398,images/mem_scene_00398.png,clogging_state,Which membrane clogging pattern best describes this field?,open pores,light edge clogging,central mat clogging,patchy multi-zone clogging,C,hard,clear,centered,standard,films,upper_left,blue,20,9 or more,central mat clogging,dilute and refilter,104
mpq_4fe3dd1c7b7c0e,mem_scene_00398,images/mem_scene_00398.png,qc_action,What is the best next triage action for this field of view?,count now,reimage focus,dilute and refilter,manual review,C,hard,clear,centered,standard,films,upper_left,blue,20,9 or more,central mat clogging,dilute and refilter,104
mpq_5aa382dc962c5f,mem_scene_00399,images/mem_scene_00399.png,dominant_particle_family,Which suspicious particle family is most common in this membrane field?,fibers,fragments,beads,films,B,hard,overloaded,diagonal_streak,standard,fragments,lower_left,black,20,9 or more,patchy multi-zone clogging,dilute and refilter,84
mpq_7c0b400b5cd292,mem_scene_00399,images/mem_scene_00399.png,hotspot_quadrant,Which quadrant contains the densest suspicious-particle hotspot?,upper left,upper right,lower left,lower right,C,hard,overloaded,diagonal_streak,standard,fragments,lower_left,black,20,9 or more,patchy multi-zone clogging,dilute and refilter,84
mpq_200828ceee8bd1,mem_scene_00399,images/mem_scene_00399.png,fiber_tint,What tint is most common among the visible fibers?,blue,red,black,clear or pale,C,hard,overloaded,diagonal_streak,standard,fragments,lower_left,black,20,9 or more,patchy multi-zone clogging,dilute and refilter,84
mpq_068005cc1cd229,mem_scene_00399,images/mem_scene_00399.png,bead_count,How many round bead-like microplastic particles are visible?,0-12,13-18,19-24,25 or more,C,hard,overloaded,diagonal_streak,standard,fragments,lower_left,black,20,19-24,patchy multi-zone clogging,dilute and refilter,84
mpq_3f32019f9ab87f,mem_scene_00399,images/mem_scene_00399.png,clogging_state,Which membrane clogging pattern best describes this field?,open pores,light edge clogging,central mat clogging,patchy multi-zone clogging,D,hard,overloaded,diagonal_streak,standard,fragments,lower_left,black,20,9 or more,patchy multi-zone clogging,dilute and refilter,84
mpq_98f905e5f6a6e1,mem_scene_00399,images/mem_scene_00399.png,qc_action,What is the best next triage action for this field of view?,count now,reimage focus,dilute and refilter,manual review,C,hard,overloaded,diagonal_streak,standard,fragments,lower_left,black,20,9 or more,patchy multi-zone clogging,dilute and refilter,84
mpq_7fd211f94bd94f,mem_scene_00400,images/mem_scene_00400.png,dominant_particle_family,Which suspicious particle family is most common in this membrane field?,fibers,fragments,beads,films,A,hard,clear,centered,standard,fibers,lower_left,black,23,9 or more,patchy multi-zone clogging,dilute and refilter,120
mpq_f60a32e7bdeed2,mem_scene_00400,images/mem_scene_00400.png,hotspot_quadrant,Which quadrant contains the densest suspicious-particle hotspot?,upper left,upper right,lower left,lower right,C,hard,clear,centered,standard,fibers,lower_left,black,23,9 or more,patchy multi-zone clogging,dilute and refilter,120
mpq_848a300ca66ee9,mem_scene_00400,images/mem_scene_00400.png,fiber_tint,What tint is most common among the visible fibers?,blue,red,black,clear or pale,C,hard,clear,centered,standard,fibers,lower_left,black,23,9 or more,patchy multi-zone clogging,dilute and refilter,120
mpq_fc3ddb625d97a4,mem_scene_00400,images/mem_scene_00400.png,bead_count,How many round bead-like microplastic particles are visible?,0-12,13-18,19-24,25 or more,C,hard,clear,centered,standard,fibers,lower_left,black,23,19-24,patchy multi-zone clogging,dilute and refilter,120
mpq_95a15ec71a6266,mem_scene_00400,images/mem_scene_00400.png,clogging_state,Which membrane clogging pattern best describes this field?,open pores,light edge clogging,central mat clogging,patchy multi-zone clogging,D,hard,clear,centered,standard,fibers,lower_left,black,23,9 or more,patchy multi-zone clogging,dilute and refilter,120
mpq_f49bb77e6c19bd,mem_scene_00400,images/mem_scene_00400.png,qc_action,What is the best next triage action for this field of view?,count now,reimage focus,dilute and refilter,manual review,C,hard,clear,centered,standard,fibers,lower_left,black,23,9 or more,patchy multi-zone clogging,dilute and refilter,120
mpq_08c7191eb1e87f,mem_scene_00401,images/mem_scene_00401.png,dominant_particle_family,Which suspicious particle family is most common in this membrane field?,fibers,fragments,beads,films,B,hard,clear,centered,standard,fragments,lower_left,blue,27,9 or more,open pores,count now,115
mpq_6636233ed38dab,mem_scene_00401,images/mem_scene_00401.png,hotspot_quadrant,Which quadrant contains the densest suspicious-particle hotspot?,upper left,upper right,lower left,lower right,C,hard,clear,centered,standard,fragments,lower_left,blue,27,9 or more,open pores,count now,115
mpq_ab17eb62363908,mem_scene_00401,images/mem_scene_00401.png,fiber_tint,What tint is most common among the visible fibers?,blue,red,black,clear or pale,A,hard,clear,centered,standard,fragments,lower_left,blue,27,9 or more,open pores,count now,115
mpq_63a0327ba25327,mem_scene_00401,images/mem_scene_00401.png,bead_count,How many round bead-like microplastic particles are visible?,0-12,13-18,19-24,25 or more,D,hard,clear,centered,standard,fragments,lower_left,blue,27,25 or more,open pores,count now,115
mpq_5f95b21072991a,mem_scene_00401,images/mem_scene_00401.png,clogging_state,Which membrane clogging pattern best describes this field?,open pores,light edge clogging,central mat clogging,patchy multi-zone clogging,A,hard,clear,centered,standard,fragments,lower_left,blue,27,9 or more,open pores,count now,115
mpq_aad62b4bdd18e7,mem_scene_00401,images/mem_scene_00401.png,qc_action,What is the best next triage action for this field of view?,count now,reimage focus,dilute and refilter,manual review,A,hard,clear,centered,standard,fragments,lower_left,blue,27,9 or more,open pores,count now,115
mpq_9ca41807545aa7,mem_scene_00402,images/mem_scene_00402.png,dominant_particle_family,Which suspicious particle family is most common in this membrane field?,fibers,fragments,beads,films,A,medium,clear,centered,standard,fibers,upper_left,blue,7,6-8,light edge clogging,count now,72
mpq_37a16389db4331,mem_scene_00402,images/mem_scene_00402.png,hotspot_quadrant,Which quadrant contains the densest suspicious-particle hotspot?,upper left,upper right,lower left,lower right,A,medium,clear,centered,standard,fibers,upper_left,blue,7,6-8,light edge clogging,count now,72
mpq_5bfac9e572e3c7,mem_scene_00402,images/mem_scene_00402.png,fiber_tint,What tint is most common among the visible fibers?,blue,red,black,clear or pale,A,medium,clear,centered,standard,fibers,upper_left,blue,7,6-8,light edge clogging,count now,72
mpq_688549ab609f50,mem_scene_00402,images/mem_scene_00402.png,bead_count,How many round bead-like microplastic particles are visible?,0-12,13-18,19-24,25 or more,A,medium,clear,centered,standard,fibers,upper_left,blue,7,0-12,light edge clogging,count now,72
mpq_9c3e39927d198c,mem_scene_00402,images/mem_scene_00402.png,clogging_state,Which membrane clogging pattern best describes this field?,open pores,light edge clogging,central mat clogging,patchy multi-zone clogging,B,medium,clear,centered,standard,fibers,upper_left,blue,7,6-8,light edge clogging,count now,72
mpq_ef83d75a0a2b22,mem_scene_00402,images/mem_scene_00402.png,qc_action,What is the best next triage action for this field of view?,count now,reimage focus,dilute and refilter,manual review,A,medium,clear,centered,standard,fibers,upper_left,blue,7,6-8,light edge clogging,count now,72
mpq_0dee73d4c07029,mem_scene_00403,images/mem_scene_00403.png,dominant_particle_family,Which suspicious particle family is most common in this membrane field?,fibers,fragments,beads,films,D,medium,clear,centered,blue_stain,films,lower_left,blue,10,9 or more,open pores,count now,59
mpq_67f334ae00f64f,mem_scene_00403,images/mem_scene_00403.png,hotspot_quadrant,Which quadrant contains the densest suspicious-particle hotspot?,upper left,upper right,lower left,lower right,C,medium,clear,centered,blue_stain,films,lower_left,blue,10,9 or more,open pores,count now,59
mpq_00aaa909dd1e21,mem_scene_00403,images/mem_scene_00403.png,fiber_tint,What tint is most common among the visible fibers?,blue,red,black,clear or pale,A,medium,clear,centered,blue_stain,films,lower_left,blue,10,9 or more,open pores,count now,59
mpq_8ea3b1bdebfd32,mem_scene_00403,images/mem_scene_00403.png,bead_count,How many round bead-like microplastic particles are visible?,0-12,13-18,19-24,25 or more,A,medium,clear,centered,blue_stain,films,lower_left,blue,10,0-12,open pores,count now,59
mpq_729f417322f8b9,mem_scene_00403,images/mem_scene_00403.png,clogging_state,Which membrane clogging pattern best describes this field?,open pores,light edge clogging,central mat clogging,patchy multi-zone clogging,A,medium,clear,centered,blue_stain,films,lower_left,blue,10,9 or more,open pores,count now,59
mpq_8dc3c1f173fb16,mem_scene_00403,images/mem_scene_00403.png,qc_action,What is the best next triage action for this field of view?,count now,reimage focus,dilute and refilter,manual review,A,medium,clear,centered,blue_stain,films,lower_left,blue,10,9 or more,open pores,count now,59
mpq_fec518e95cd071,mem_scene_00404,images/mem_scene_00404.png,dominant_particle_family,Which suspicious particle family is most common in this membrane field?,fibers,fragments,beads,films,A,medium,clear,centered,bubble_ring,fibers,lower_left,blue,12,9 or more,light edge clogging,manual review,58
mpq_5cb31bd6afd778,mem_scene_00404,images/mem_scene_00404.png,hotspot_quadrant,Which quadrant contains the densest suspicious-particle hotspot?,upper left,upper right,lower left,lower right,C,medium,clear,centered,bubble_ring,fibers,lower_left,blue,12,9 or more,light edge clogging,manual review,58
mpq_693354cfea3322,mem_scene_00404,images/mem_scene_00404.png,fiber_tint,What tint is most common among the visible fibers?,blue,red,black,clear or pale,A,medium,clear,centered,bubble_ring,fibers,lower_left,blue,12,9 or more,light edge clogging,manual review,58
mpq_6b9d5f35c7c797,mem_scene_00404,images/mem_scene_00404.png,bead_count,How many round bead-like microplastic particles are visible?,0-12,13-18,19-24,25 or more,A,medium,clear,centered,bubble_ring,fibers,lower_left,blue,12,0-12,light edge clogging,manual review,58
mpq_3b7e8a063033e9,mem_scene_00404,images/mem_scene_00404.png,clogging_state,Which membrane clogging pattern best describes this field?,open pores,light edge clogging,central mat clogging,patchy multi-zone clogging,B,medium,clear,centered,bubble_ring,fibers,lower_left,blue,12,9 or more,light edge clogging,manual review,58
mpq_5978c545941baf,mem_scene_00404,images/mem_scene_00404.png,qc_action,What is the best next triage action for this field of view?,count now,reimage focus,dilute and refilter,manual review,D,medium,clear,centered,bubble_ring,fibers,lower_left,blue,12,9 or more,light edge clogging,manual review,58
mpq_ee0b3d6b6779f7,mem_scene_00405,images/mem_scene_00405.png,dominant_particle_family,Which suspicious particle family is most common in this membrane field?,fibers,fragments,beads,films,C,medium,overloaded,centered,blue_stain,beads,lower_right,clear or pale,24,9 or more,light edge clogging,dilute and refilter,56
mpq_2b37f38fcbdf54,mem_scene_00405,images/mem_scene_00405.png,hotspot_quadrant,Which quadrant contains the densest suspicious-particle hotspot?,upper left,upper right,lower left,lower right,D,medium,overloaded,centered,blue_stain,beads,lower_right,clear or pale,24,9 or more,light edge clogging,dilute and refilter,56
mpq_5b8f857960c096,mem_scene_00405,images/mem_scene_00405.png,fiber_tint,What tint is most common among the visible fibers?,blue,red,black,clear or pale,D,medium,overloaded,centered,blue_stain,beads,lower_right,clear or pale,24,9 or more,light edge clogging,dilute and refilter,56
mpq_438503cc2c96a5,mem_scene_00405,images/mem_scene_00405.png,bead_count,How many round bead-like microplastic particles are visible?,0-12,13-18,19-24,25 or more,C,medium,overloaded,centered,blue_stain,beads,lower_right,clear or pale,24,19-24,light edge clogging,dilute and refilter,56
mpq_c8ae15fe2bd1e9,mem_scene_00405,images/mem_scene_00405.png,clogging_state,Which membrane clogging pattern best describes this field?,open pores,light edge clogging,central mat clogging,patchy multi-zone clogging,B,medium,overloaded,centered,blue_stain,beads,lower_right,clear or pale,24,9 or more,light edge clogging,dilute and refilter,56
mpq_5eb4e1ad2cb573,mem_scene_00405,images/mem_scene_00405.png,qc_action,What is the best next triage action for this field of view?,count now,reimage focus,dilute and refilter,manual review,C,medium,overloaded,centered,blue_stain,beads,lower_right,clear or pale,24,9 or more,light edge clogging,dilute and refilter,56
mpq_60552ed06ac39f,mem_scene_00406,images/mem_scene_00406.png,dominant_particle_family,Which suspicious particle family is most common in this membrane field?,fibers,fragments,beads,films,B,medium,clear,centered,standard,fragments,lower_right,black,13,9 or more,central mat clogging,count now,71
mpq_d79ea83f691679,mem_scene_00406,images/mem_scene_00406.png,hotspot_quadrant,Which quadrant contains the densest suspicious-particle hotspot?,upper left,upper right,lower left,lower right,D,medium,clear,centered,standard,fragments,lower_right,black,13,9 or more,central mat clogging,count now,71
mpq_26b0a07174c4b4,mem_scene_00406,images/mem_scene_00406.png,fiber_tint,What tint is most common among the visible fibers?,blue,red,black,clear or pale,C,medium,clear,centered,standard,fragments,lower_right,black,13,9 or more,central mat clogging,count now,71
mpq_1bb802cb7bd09a,mem_scene_00406,images/mem_scene_00406.png,bead_count,How many round bead-like microplastic particles are visible?,0-12,13-18,19-24,25 or more,B,medium,clear,centered,standard,fragments,lower_right,black,13,13-18,central mat clogging,count now,71
mpq_ce7237d0123ca5,mem_scene_00406,images/mem_scene_00406.png,clogging_state,Which membrane clogging pattern best describes this field?,open pores,light edge clogging,central mat clogging,patchy multi-zone clogging,C,medium,clear,centered,standard,fragments,lower_right,black,13,9 or more,central mat clogging,count now,71
mpq_b65a5985f99111,mem_scene_00406,images/mem_scene_00406.png,qc_action,What is the best next triage action for this field of view?,count now,reimage focus,dilute and refilter,manual review,A,medium,clear,centered,standard,fragments,lower_right,black,13,9 or more,central mat clogging,count now,71
mpq_7f73f8cda3f256,mem_scene_00407,images/mem_scene_00407.png,dominant_particle_family,Which suspicious particle family is most common in this membrane field?,fibers,fragments,beads,films,B,medium,clear,centered,standard,fragments,lower_right,blue,14,9 or more,patchy multi-zone clogging,count now,70
mpq_db1c539ede4d60,mem_scene_00407,images/mem_scene_00407.png,hotspot_quadrant,Which quadrant contains the densest suspicious-particle hotspot?,upper left,upper right,lower left,lower right,D,medium,clear,centered,standard,fragments,lower_right,blue,14,9 or more,patchy multi-zone clogging,count now,70
mpq_076b484115445a,mem_scene_00407,images/mem_scene_00407.png,fiber_tint,What tint is most common among the visible fibers?,blue,red,black,clear or pale,A,medium,clear,centered,standard,fragments,lower_right,blue,14,9 or more,patchy multi-zone clogging,count now,70
mpq_85c175d4e50254,mem_scene_00407,images/mem_scene_00407.png,bead_count,How many round bead-like microplastic particles are visible?,0-12,13-18,19-24,25 or more,B,medium,clear,centered,standard,fragments,lower_right,blue,14,13-18,patchy multi-zone clogging,count now,70
mpq_57cf11ff6ffe8b,mem_scene_00407,images/mem_scene_00407.png,clogging_state,Which membrane clogging pattern best describes this field?,open pores,light edge clogging,central mat clogging,patchy multi-zone clogging,D,medium,clear,centered,standard,fragments,lower_right,blue,14,9 or more,patchy multi-zone clogging,count now,70
mpq_8970aaaf6a4245,mem_scene_00407,images/mem_scene_00407.png,qc_action,What is the best next triage action for this field of view?,count now,reimage focus,dilute and refilter,manual review,A,medium,clear,centered,standard,fragments,lower_right,blue,14,9 or more,patchy multi-zone clogging,count now,70
mpq_44fc13c844e792,mem_scene_00408,images/mem_scene_00408.png,dominant_particle_family,Which suspicious particle family is most common in this membrane field?,fibers,fragments,beads,films,B,easy,low_contrast,diagonal_streak,standard,fragments,upper_right,red,4,3-5,patchy multi-zone clogging,count now,30
mpq_15628015a46f46,mem_scene_00408,images/mem_scene_00408.png,hotspot_quadrant,Which quadrant contains the densest suspicious-particle hotspot?,upper left,upper right,lower left,lower right,B,easy,low_contrast,diagonal_streak,standard,fragments,upper_right,red,4,3-5,patchy multi-zone clogging,count now,30
mpq_1b5d21ceecda8a,mem_scene_00408,images/mem_scene_00408.png,fiber_tint,What tint is most common among the visible fibers?,blue,red,black,clear or pale,B,easy,low_contrast,diagonal_streak,standard,fragments,upper_right,red,4,3-5,patchy multi-zone clogging,count now,30
mpq_3ea7e474aab59c,mem_scene_00408,images/mem_scene_00408.png,bead_count,How many round bead-like microplastic particles are visible?,0-12,13-18,19-24,25 or more,A,easy,low_contrast,diagonal_streak,standard,fragments,upper_right,red,4,0-12,patchy multi-zone clogging,count now,30
mpq_3927b33955e2e0,mem_scene_00408,images/mem_scene_00408.png,clogging_state,Which membrane clogging pattern best describes this field?,open pores,light edge clogging,central mat clogging,patchy multi-zone clogging,D,easy,low_contrast,diagonal_streak,standard,fragments,upper_right,red,4,3-5,patchy multi-zone clogging,count now,30
mpq_0eb3725f784d09,mem_scene_00408,images/mem_scene_00408.png,qc_action,What is the best next triage action for this field of view?,count now,reimage focus,dilute and refilter,manual review,B,easy,low_contrast,diagonal_streak,standard,fragments,upper_right,red,4,3-5,patchy multi-zone clogging,reimage focus,30
mpq_1b10b6c78924bd,mem_scene_00409,images/mem_scene_00409.png,dominant_particle_family,Which suspicious particle family is most common in this membrane field?,fibers,fragments,beads,films,C,medium,glare,edge_loaded,blue_stain,beads,lower_right,blue,27,9 or more,open pores,count now,64
mpq_605b006ecfb6dc,mem_scene_00409,images/mem_scene_00409.png,hotspot_quadrant,Which quadrant contains the densest suspicious-particle hotspot?,upper left,upper right,lower left,lower right,D,medium,glare,edge_loaded,blue_stain,beads,lower_right,blue,27,9 or more,open pores,count now,64
mpq_0b0a070c8295ae,mem_scene_00409,images/mem_scene_00409.png,fiber_tint,What tint is most common among the visible fibers?,blue,red,black,clear or pale,A,medium,glare,edge_loaded,blue_stain,beads,lower_right,blue,27,9 or more,open pores,count now,64
mpq_7c8dcab8ba185b,mem_scene_00409,images/mem_scene_00409.png,bead_count,How many round bead-like microplastic particles are visible?,0-12,13-18,19-24,25 or more,D,medium,glare,edge_loaded,blue_stain,beads,lower_right,blue,27,25 or more,open pores,count now,64
mpq_307504bffeb566,mem_scene_00409,images/mem_scene_00409.png,clogging_state,Which membrane clogging pattern best describes this field?,open pores,light edge clogging,central mat clogging,patchy multi-zone clogging,A,medium,glare,edge_loaded,blue_stain,beads,lower_right,blue,27,9 or more,open pores,count now,64
mpq_863c87e451e336,mem_scene_00409,images/mem_scene_00409.png,qc_action,What is the best next triage action for this field of view?,count now,reimage focus,dilute and refilter,manual review,B,medium,glare,edge_loaded,blue_stain,beads,lower_right,blue,27,9 or more,open pores,reimage focus,64
mpq_e4ad080c0e4b19,mem_scene_00410,images/mem_scene_00410.png,dominant_particle_family,Which suspicious particle family is most common in this membrane field?,fibers,fragments,beads,films,D,medium,clear,edge_loaded,bubble_ring,films,lower_left,blue,8,6-8,open pores,manual review,53
mpq_934bff85d2f3de,mem_scene_00410,images/mem_scene_00410.png,hotspot_quadrant,Which quadrant contains the densest suspicious-particle hotspot?,upper left,upper right,lower left,lower right,C,medium,clear,edge_loaded,bubble_ring,films,lower_left,blue,8,6-8,open pores,manual review,53
mpq_4b7ab7cfeb895a,mem_scene_00410,images/mem_scene_00410.png,fiber_tint,What tint is most common among the visible fibers?,blue,red,black,clear or pale,A,medium,clear,edge_loaded,bubble_ring,films,lower_left,blue,8,6-8,open pores,manual review,53
mpq_820df99a2d3b90,mem_scene_00410,images/mem_scene_00410.png,bead_count,How many round bead-like microplastic particles are visible?,0-12,13-18,19-24,25 or more,A,medium,clear,edge_loaded,bubble_ring,films,lower_left,blue,8,0-12,open pores,manual review,53
mpq_b3a150a44cdefa,mem_scene_00410,images/mem_scene_00410.png,clogging_state,Which membrane clogging pattern best describes this field?,open pores,light edge clogging,central mat clogging,patchy multi-zone clogging,A,medium,clear,edge_loaded,bubble_ring,films,lower_left,blue,8,6-8,open pores,manual review,53
mpq_8cebc4691c02da,mem_scene_00410,images/mem_scene_00410.png,qc_action,What is the best next triage action for this field of view?,count now,reimage focus,dilute and refilter,manual review,D,medium,clear,edge_loaded,bubble_ring,films,lower_left,blue,8,6-8,open pores,manual review,53
mpq_c0463143230727,mem_scene_00411,images/mem_scene_00411.png,dominant_particle_family,Which suspicious particle family is most common in this membrane field?,fibers,fragments,beads,films,C,medium,overloaded,ring_bias,standard,beads,lower_right,blue,25,9 or more,central mat clogging,dilute and refilter,48
mpq_dac5080335028f,mem_scene_00411,images/mem_scene_00411.png,hotspot_quadrant,Which quadrant contains the densest suspicious-particle hotspot?,upper left,upper right,lower left,lower right,D,medium,overloaded,ring_bias,standard,beads,lower_right,blue,25,9 or more,central mat clogging,dilute and refilter,48
mpq_db8a55630f7e10,mem_scene_00411,images/mem_scene_00411.png,fiber_tint,What tint is most common among the visible fibers?,blue,red,black,clear or pale,A,medium,overloaded,ring_bias,standard,beads,lower_right,blue,25,9 or more,central mat clogging,dilute and refilter,48
mpq_9fb466acc0e8c8,mem_scene_00411,images/mem_scene_00411.png,bead_count,How many round bead-like microplastic particles are visible?,0-12,13-18,19-24,25 or more,D,medium,overloaded,ring_bias,standard,beads,lower_right,blue,25,25 or more,central mat clogging,dilute and refilter,48
mpq_cc7114d18f77ea,mem_scene_00411,images/mem_scene_00411.png,clogging_state,Which membrane clogging pattern best describes this field?,open pores,light edge clogging,central mat clogging,patchy multi-zone clogging,C,medium,overloaded,ring_bias,standard,beads,lower_right,blue,25,9 or more,central mat clogging,dilute and refilter,48
mpq_d01fff9088aa7c,mem_scene_00411,images/mem_scene_00411.png,qc_action,What is the best next triage action for this field of view?,count now,reimage focus,dilute and refilter,manual review,C,medium,overloaded,ring_bias,standard,beads,lower_right,blue,25,9 or more,central mat clogging,dilute and refilter,48
mpq_49ec1f746333f7,mem_scene_00412,images/mem_scene_00412.png,dominant_particle_family,Which suspicious particle family is most common in this membrane field?,fibers,fragments,beads,films,D,medium,low_contrast,ring_bias,standard,films,lower_left,blue,12,9 or more,open pores,count now,64
mpq_57547369689077,mem_scene_00412,images/mem_scene_00412.png,hotspot_quadrant,Which quadrant contains the densest suspicious-particle hotspot?,upper left,upper right,lower left,lower right,C,medium,low_contrast,ring_bias,standard,films,lower_left,blue,12,9 or more,open pores,count now,64
mpq_dc85054b8fc47b,mem_scene_00412,images/mem_scene_00412.png,fiber_tint,What tint is most common among the visible fibers?,blue,red,black,clear or pale,A,medium,low_contrast,ring_bias,standard,films,lower_left,blue,12,9 or more,open pores,count now,64
mpq_137749c3895c77,mem_scene_00412,images/mem_scene_00412.png,bead_count,How many round bead-like microplastic particles are visible?,0-12,13-18,19-24,25 or more,A,medium,low_contrast,ring_bias,standard,films,lower_left,blue,12,0-12,open pores,count now,64
mpq_e7a25ba201fa06,mem_scene_00412,images/mem_scene_00412.png,clogging_state,Which membrane clogging pattern best describes this field?,open pores,light edge clogging,central mat clogging,patchy multi-zone clogging,A,medium,low_contrast,ring_bias,standard,films,lower_left,blue,12,9 or more,open pores,count now,64
mpq_d930cfe0fd254a,mem_scene_00412,images/mem_scene_00412.png,qc_action,What is the best next triage action for this field of view?,count now,reimage focus,dilute and refilter,manual review,B,medium,low_contrast,ring_bias,standard,films,lower_left,blue,12,9 or more,open pores,reimage focus,64
mpq_2ac9eac2af8003,mem_scene_00413,images/mem_scene_00413.png,dominant_particle_family,Which suspicious particle family is most common in this membrane field?,fibers,fragments,beads,films,B,medium,clear,centered,blue_stain,fragments,lower_left,red,9,9 or more,light edge clogging,count now,53
mpq_024f255ebd5f2c,mem_scene_00413,images/mem_scene_00413.png,hotspot_quadrant,Which quadrant contains the densest suspicious-particle hotspot?,upper left,upper right,lower left,lower right,C,medium,clear,centered,blue_stain,fragments,lower_left,red,9,9 or more,light edge clogging,count now,53
mpq_f9d0f3cbbee88f,mem_scene_00413,images/mem_scene_00413.png,fiber_tint,What tint is most common among the visible fibers?,blue,red,black,clear or pale,B,medium,clear,centered,blue_stain,fragments,lower_left,red,9,9 or more,light edge clogging,count now,53
mpq_5397306d57d114,mem_scene_00413,images/mem_scene_00413.png,bead_count,How many round bead-like microplastic particles are visible?,0-12,13-18,19-24,25 or more,A,medium,clear,centered,blue_stain,fragments,lower_left,red,9,0-12,light edge clogging,count now,53
mpq_b8c3f83bccfc4c,mem_scene_00413,images/mem_scene_00413.png,clogging_state,Which membrane clogging pattern best describes this field?,open pores,light edge clogging,central mat clogging,patchy multi-zone clogging,B,medium,clear,centered,blue_stain,fragments,lower_left,red,9,9 or more,light edge clogging,count now,53
mpq_c6441d5d783321,mem_scene_00413,images/mem_scene_00413.png,qc_action,What is the best next triage action for this field of view?,count now,reimage focus,dilute and refilter,manual review,A,medium,clear,centered,blue_stain,fragments,lower_left,red,9,9 or more,light edge clogging,count now,53
mpq_b1adf08dee161e,mem_scene_00414,images/mem_scene_00414.png,dominant_particle_family,Which suspicious particle family is most common in this membrane field?,fibers,fragments,beads,films,C,medium,low_contrast,edge_loaded,standard,beads,upper_right,black,20,9 or more,open pores,count now,57
mpq_7aa94044fa8a2c,mem_scene_00414,images/mem_scene_00414.png,hotspot_quadrant,Which quadrant contains the densest suspicious-particle hotspot?,upper left,upper right,lower left,lower right,B,medium,low_contrast,edge_loaded,standard,beads,upper_right,black,20,9 or more,open pores,count now,57
mpq_8a3718092c4145,mem_scene_00414,images/mem_scene_00414.png,fiber_tint,What tint is most common among the visible fibers?,blue,red,black,clear or pale,C,medium,low_contrast,edge_loaded,standard,beads,upper_right,black,20,9 or more,open pores,count now,57
mpq_d31681f2a3ec24,mem_scene_00414,images/mem_scene_00414.png,bead_count,How many round bead-like microplastic particles are visible?,0-12,13-18,19-24,25 or more,C,medium,low_contrast,edge_loaded,standard,beads,upper_right,black,20,19-24,open pores,count now,57
mpq_58bef236caadfe,mem_scene_00414,images/mem_scene_00414.png,clogging_state,Which membrane clogging pattern best describes this field?,open pores,light edge clogging,central mat clogging,patchy multi-zone clogging,A,medium,low_contrast,edge_loaded,standard,beads,upper_right,black,20,9 or more,open pores,count now,57
mpq_f0f3cb6c0a29d2,mem_scene_00414,images/mem_scene_00414.png,qc_action,What is the best next triage action for this field of view?,count now,reimage focus,dilute and refilter,manual review,B,medium,low_contrast,edge_loaded,standard,beads,upper_right,black,20,9 or more,open pores,reimage focus,57
mpq_5eef4772357ab2,mem_scene_00415,images/mem_scene_00415.png,dominant_particle_family,Which suspicious particle family is most common in this membrane field?,fibers,fragments,beads,films,C,hard,low_contrast,centered,standard,beads,upper_right,blue,42,9 or more,patchy multi-zone clogging,reimage focus,92
mpq_63e13e5016d491,mem_scene_00415,images/mem_scene_00415.png,hotspot_quadrant,Which quadrant contains the densest suspicious-particle hotspot?,upper left,upper right,lower left,lower right,B,hard,low_contrast,centered,standard,beads,upper_right,blue,42,9 or more,patchy multi-zone clogging,reimage focus,92
mpq_b8cf4256bded09,mem_scene_00415,images/mem_scene_00415.png,fiber_tint,What tint is most common among the visible fibers?,blue,red,black,clear or pale,A,hard,low_contrast,centered,standard,beads,upper_right,blue,42,9 or more,patchy multi-zone clogging,reimage focus,92
mpq_80c19f18dc921e,mem_scene_00415,images/mem_scene_00415.png,bead_count,How many round bead-like microplastic particles are visible?,0-12,13-18,19-24,25 or more,D,hard,low_contrast,centered,standard,beads,upper_right,blue,42,25 or more,patchy multi-zone clogging,reimage focus,92
mpq_954766096f44d4,mem_scene_00415,images/mem_scene_00415.png,clogging_state,Which membrane clogging pattern best describes this field?,open pores,light edge clogging,central mat clogging,patchy multi-zone clogging,D,hard,low_contrast,centered,standard,beads,upper_right,blue,42,9 or more,patchy multi-zone clogging,reimage focus,92
mpq_76ad3f41a6f6a6,mem_scene_00415,images/mem_scene_00415.png,qc_action,What is the best next triage action for this field of view?,count now,reimage focus,dilute and refilter,manual review,B,hard,low_contrast,centered,standard,beads,upper_right,blue,42,9 or more,patchy multi-zone clogging,reimage focus,92
mpq_6ee8bc0d6ea048,mem_scene_00416,images/mem_scene_00416.png,dominant_particle_family,Which suspicious particle family is most common in this membrane field?,fibers,fragments,beads,films,C,medium,clear,diagonal_streak,standard,beads,lower_right,black,28,9 or more,central mat clogging,count now,75
mpq_683b3d9e652518,mem_scene_00416,images/mem_scene_00416.png,hotspot_quadrant,Which quadrant contains the densest suspicious-particle hotspot?,upper left,upper right,lower left,lower right,D,medium,clear,diagonal_streak,standard,beads,lower_right,black,28,9 or more,central mat clogging,count now,75
mpq_28d1c8cb4a95d9,mem_scene_00416,images/mem_scene_00416.png,fiber_tint,What tint is most common among the visible fibers?,blue,red,black,clear or pale,C,medium,clear,diagonal_streak,standard,beads,lower_right,black,28,9 or more,central mat clogging,count now,75
mpq_664fa07cab52c1,mem_scene_00416,images/mem_scene_00416.png,bead_count,How many round bead-like microplastic particles are visible?,0-12,13-18,19-24,25 or more,D,medium,clear,diagonal_streak,standard,beads,lower_right,black,28,25 or more,central mat clogging,count now,75
mpq_86e37df6c165cb,mem_scene_00416,images/mem_scene_00416.png,clogging_state,Which membrane clogging pattern best describes this field?,open pores,light edge clogging,central mat clogging,patchy multi-zone clogging,C,medium,clear,diagonal_streak,standard,beads,lower_right,black,28,9 or more,central mat clogging,count now,75
mpq_79278175203c57,mem_scene_00416,images/mem_scene_00416.png,qc_action,What is the best next triage action for this field of view?,count now,reimage focus,dilute and refilter,manual review,A,medium,clear,diagonal_streak,standard,beads,lower_right,black,28,9 or more,central mat clogging,count now,75
mpq_ebaa2afe9a452a,mem_scene_00417,images/mem_scene_00417.png,dominant_particle_family,Which suspicious particle family is most common in this membrane field?,fibers,fragments,beads,films,B,medium,low_contrast,diagonal_streak,standard,fragments,upper_left,red,13,9 or more,central mat clogging,count now,50
mpq_a948d7759e27ae,mem_scene_00417,images/mem_scene_00417.png,hotspot_quadrant,Which quadrant contains the densest suspicious-particle hotspot?,upper left,upper right,lower left,lower right,A,medium,low_contrast,diagonal_streak,standard,fragments,upper_left,red,13,9 or more,central mat clogging,count now,50
mpq_f6621543d35ec2,mem_scene_00417,images/mem_scene_00417.png,fiber_tint,What tint is most common among the visible fibers?,blue,red,black,clear or pale,B,medium,low_contrast,diagonal_streak,standard,fragments,upper_left,red,13,9 or more,central mat clogging,count now,50
mpq_484f1c6a6bb90d,mem_scene_00417,images/mem_scene_00417.png,bead_count,How many round bead-like microplastic particles are visible?,0-12,13-18,19-24,25 or more,B,medium,low_contrast,diagonal_streak,standard,fragments,upper_left,red,13,13-18,central mat clogging,count now,50
mpq_ae30a9a80ecd6e,mem_scene_00417,images/mem_scene_00417.png,clogging_state,Which membrane clogging pattern best describes this field?,open pores,light edge clogging,central mat clogging,patchy multi-zone clogging,C,medium,low_contrast,diagonal_streak,standard,fragments,upper_left,red,13,9 or more,central mat clogging,count now,50
mpq_4b4e6f61efc3fa,mem_scene_00417,images/mem_scene_00417.png,qc_action,What is the best next triage action for this field of view?,count now,reimage focus,dilute and refilter,manual review,B,medium,low_contrast,diagonal_streak,standard,fragments,upper_left,red,13,9 or more,central mat clogging,reimage focus,50
mpq_7a5be93784da93,mem_scene_00418,images/mem_scene_00418.png,dominant_particle_family,Which suspicious particle family is most common in this membrane field?,fibers,fragments,beads,films,C,medium,overloaded,diagonal_streak,blue_stain,beads,upper_left,blue,30,9 or more,open pores,dilute and refilter,62
mpq_151c1093af2464,mem_scene_00418,images/mem_scene_00418.png,hotspot_quadrant,Which quadrant contains the densest suspicious-particle hotspot?,upper left,upper right,lower left,lower right,A,medium,overloaded,diagonal_streak,blue_stain,beads,upper_left,blue,30,9 or more,open pores,dilute and refilter,62
mpq_36acded674c3f8,mem_scene_00418,images/mem_scene_00418.png,fiber_tint,What tint is most common among the visible fibers?,blue,red,black,clear or pale,A,medium,overloaded,diagonal_streak,blue_stain,beads,upper_left,blue,30,9 or more,open pores,dilute and refilter,62
mpq_8434b0aaec2f7f,mem_scene_00418,images/mem_scene_00418.png,bead_count,How many round bead-like microplastic particles are visible?,0-12,13-18,19-24,25 or more,D,medium,overloaded,diagonal_streak,blue_stain,beads,upper_left,blue,30,25 or more,open pores,dilute and refilter,62
mpq_4e188b893b30fe,mem_scene_00418,images/mem_scene_00418.png,clogging_state,Which membrane clogging pattern best describes this field?,open pores,light edge clogging,central mat clogging,patchy multi-zone clogging,A,medium,overloaded,diagonal_streak,blue_stain,beads,upper_left,blue,30,9 or more,open pores,dilute and refilter,62
mpq_3a13fe1d5161f2,mem_scene_00418,images/mem_scene_00418.png,qc_action,What is the best next triage action for this field of view?,count now,reimage focus,dilute and refilter,manual review,C,medium,overloaded,diagonal_streak,blue_stain,beads,upper_left,blue,30,9 or more,open pores,dilute and refilter,62
mpq_66759004ff788c,mem_scene_00419,images/mem_scene_00419.png,dominant_particle_family,Which suspicious particle family is most common in this membrane field?,fibers,fragments,beads,films,A,easy,glare,diagonal_streak,standard,fibers,upper_right,blue,4,3-5,patchy multi-zone clogging,count now,39
mpq_aea5e1b994037c,mem_scene_00419,images/mem_scene_00419.png,hotspot_quadrant,Which quadrant contains the densest suspicious-particle hotspot?,upper left,upper right,lower left,lower right,B,easy,glare,diagonal_streak,standard,fibers,upper_right,blue,4,3-5,patchy multi-zone clogging,count now,39
mpq_431a735f55d973,mem_scene_00419,images/mem_scene_00419.png,fiber_tint,What tint is most common among the visible fibers?,blue,red,black,clear or pale,A,easy,glare,diagonal_streak,standard,fibers,upper_right,blue,4,3-5,patchy multi-zone clogging,count now,39
mpq_8453db1648c745,mem_scene_00419,images/mem_scene_00419.png,bead_count,How many round bead-like microplastic particles are visible?,0-12,13-18,19-24,25 or more,A,easy,glare,diagonal_streak,standard,fibers,upper_right,blue,4,0-12,patchy multi-zone clogging,count now,39
mpq_57c5270c785065,mem_scene_00419,images/mem_scene_00419.png,clogging_state,Which membrane clogging pattern best describes this field?,open pores,light edge clogging,central mat clogging,patchy multi-zone clogging,D,easy,glare,diagonal_streak,standard,fibers,upper_right,blue,4,3-5,patchy multi-zone clogging,count now,39
mpq_d398425b0a587b,mem_scene_00419,images/mem_scene_00419.png,qc_action,What is the best next triage action for this field of view?,count now,reimage focus,dilute and refilter,manual review,B,easy,glare,diagonal_streak,standard,fibers,upper_right,blue,4,3-5,patchy multi-zone clogging,reimage focus,39
mpq_24699951f269bb,mem_scene_00420,images/mem_scene_00420.png,dominant_particle_family,Which suspicious particle family is most common in this membrane field?,fibers,fragments,beads,films,C,easy,clear,diagonal_streak,blue_stain,beads,lower_right,black,10,9 or more,patchy multi-zone clogging,count now,24
mpq_74fe69edcac9a8,mem_scene_00420,images/mem_scene_00420.png,hotspot_quadrant,Which quadrant contains the densest suspicious-particle hotspot?,upper left,upper right,lower left,lower right,D,easy,clear,diagonal_streak,blue_stain,beads,lower_right,black,10,9 or more,patchy multi-zone clogging,count now,24
mpq_4791051a5e1751,mem_scene_00420,images/mem_scene_00420.png,fiber_tint,What tint is most common among the visible fibers?,blue,red,black,clear or pale,C,easy,clear,diagonal_streak,blue_stain,beads,lower_right,black,10,9 or more,patchy multi-zone clogging,count now,24
mpq_f78461064bbb9e,mem_scene_00420,images/mem_scene_00420.png,bead_count,How many round bead-like microplastic particles are visible?,0-12,13-18,19-24,25 or more,A,easy,clear,diagonal_streak,blue_stain,beads,lower_right,black,10,0-12,patchy multi-zone clogging,count now,24
mpq_e247634be1c9b8,mem_scene_00420,images/mem_scene_00420.png,clogging_state,Which membrane clogging pattern best describes this field?,open pores,light edge clogging,central mat clogging,patchy multi-zone clogging,D,easy,clear,diagonal_streak,blue_stain,beads,lower_right,black,10,9 or more,patchy multi-zone clogging,count now,24
mpq_5cf619359c8169,mem_scene_00420,images/mem_scene_00420.png,qc_action,What is the best next triage action for this field of view?,count now,reimage focus,dilute and refilter,manual review,A,easy,clear,diagonal_streak,blue_stain,beads,lower_right,black,10,9 or more,patchy multi-zone clogging,count now,24
mpq_7297b631574b73,mem_scene_00421,images/mem_scene_00421.png,dominant_particle_family,Which suspicious particle family is most common in this membrane field?,fibers,fragments,beads,films,C,medium,clear,centered,standard,beads,upper_right,black,29,9 or more,light edge clogging,count now,74
mpq_b56a1e9b94604c,mem_scene_00421,images/mem_scene_00421.png,hotspot_quadrant,Which quadrant contains the densest suspicious-particle hotspot?,upper left,upper right,lower left,lower right,B,medium,clear,centered,standard,beads,upper_right,black,29,9 or more,light edge clogging,count now,74
mpq_0cc6c1e99d2522,mem_scene_00421,images/mem_scene_00421.png,fiber_tint,What tint is most common among the visible fibers?,blue,red,black,clear or pale,C,medium,clear,centered,standard,beads,upper_right,black,29,9 or more,light edge clogging,count now,74
mpq_1241f9d33bd05d,mem_scene_00421,images/mem_scene_00421.png,bead_count,How many round bead-like microplastic particles are visible?,0-12,13-18,19-24,25 or more,D,medium,clear,centered,standard,beads,upper_right,black,29,25 or more,light edge clogging,count now,74
mpq_2e9e31e6c8d738,mem_scene_00421,images/mem_scene_00421.png,clogging_state,Which membrane clogging pattern best describes this field?,open pores,light edge clogging,central mat clogging,patchy multi-zone clogging,B,medium,clear,centered,standard,beads,upper_right,black,29,9 or more,light edge clogging,count now,74
mpq_2ae49b1fb7cacb,mem_scene_00421,images/mem_scene_00421.png,qc_action,What is the best next triage action for this field of view?,count now,reimage focus,dilute and refilter,manual review,A,medium,clear,centered,standard,beads,upper_right,black,29,9 or more,light edge clogging,count now,74
mpq_657f828c9966b4,mem_scene_00422,images/mem_scene_00422.png,dominant_particle_family,Which suspicious particle family is most common in this membrane field?,fibers,fragments,beads,films,D,hard,glare,centered,standard,films,upper_left,black,15,9 or more,light edge clogging,reimage focus,79
mpq_1bc16c9b223762,mem_scene_00422,images/mem_scene_00422.png,hotspot_quadrant,Which quadrant contains the densest suspicious-particle hotspot?,upper left,upper right,lower left,lower right,A,hard,glare,centered,standard,films,upper_left,black,15,9 or more,light edge clogging,reimage focus,79
mpq_a4c727b8f78d7a,mem_scene_00422,images/mem_scene_00422.png,fiber_tint,What tint is most common among the visible fibers?,blue,red,black,clear or pale,C,hard,glare,centered,standard,films,upper_left,black,15,9 or more,light edge clogging,reimage focus,79
mpq_ac7e921c9c9424,mem_scene_00422,images/mem_scene_00422.png,bead_count,How many round bead-like microplastic particles are visible?,0-12,13-18,19-24,25 or more,B,hard,glare,centered,standard,films,upper_left,black,15,13-18,light edge clogging,reimage focus,79
mpq_cff6699208fd5f,mem_scene_00422,images/mem_scene_00422.png,clogging_state,Which membrane clogging pattern best describes this field?,open pores,light edge clogging,central mat clogging,patchy multi-zone clogging,B,hard,glare,centered,standard,films,upper_left,black,15,9 or more,light edge clogging,reimage focus,79
mpq_f634754f436e67,mem_scene_00422,images/mem_scene_00422.png,qc_action,What is the best next triage action for this field of view?,count now,reimage focus,dilute and refilter,manual review,B,hard,glare,centered,standard,films,upper_left,black,15,9 or more,light edge clogging,reimage focus,79
mpq_5e905af3da7744,mem_scene_00423,images/mem_scene_00423.png,dominant_particle_family,Which suspicious particle family is most common in this membrane field?,fibers,fragments,beads,films,A,easy,low_contrast,ring_bias,standard,fibers,upper_left,black,4,3-5,light edge clogging,count now,40
mpq_11b52224a4ebfd,mem_scene_00423,images/mem_scene_00423.png,hotspot_quadrant,Which quadrant contains the densest suspicious-particle hotspot?,upper left,upper right,lower left,lower right,A,easy,low_contrast,ring_bias,standard,fibers,upper_left,black,4,3-5,light edge clogging,count now,40
mpq_8c39557489f905,mem_scene_00423,images/mem_scene_00423.png,fiber_tint,What tint is most common among the visible fibers?,blue,red,black,clear or pale,C,easy,low_contrast,ring_bias,standard,fibers,upper_left,black,4,3-5,light edge clogging,count now,40
mpq_9cd0cf072b276d,mem_scene_00423,images/mem_scene_00423.png,bead_count,How many round bead-like microplastic particles are visible?,0-12,13-18,19-24,25 or more,A,easy,low_contrast,ring_bias,standard,fibers,upper_left,black,4,0-12,light edge clogging,count now,40
mpq_f553443864ae86,mem_scene_00423,images/mem_scene_00423.png,clogging_state,Which membrane clogging pattern best describes this field?,open pores,light edge clogging,central mat clogging,patchy multi-zone clogging,B,easy,low_contrast,ring_bias,standard,fibers,upper_left,black,4,3-5,light edge clogging,count now,40
mpq_a128a3d12f69c5,mem_scene_00423,images/mem_scene_00423.png,qc_action,What is the best next triage action for this field of view?,count now,reimage focus,dilute and refilter,manual review,B,easy,low_contrast,ring_bias,standard,fibers,upper_left,black,4,3-5,light edge clogging,reimage focus,40
mpq_7e71c0eddc831a,mem_scene_00424,images/mem_scene_00424.png,dominant_particle_family,Which suspicious particle family is most common in this membrane field?,fibers,fragments,beads,films,C,medium,clear,edge_loaded,standard,beads,lower_right,blue,28,9 or more,light edge clogging,count now,58
mpq_f4630f91edbbeb,mem_scene_00424,images/mem_scene_00424.png,hotspot_quadrant,Which quadrant contains the densest suspicious-particle hotspot?,upper left,upper right,lower left,lower right,D,medium,clear,edge_loaded,standard,beads,lower_right,blue,28,9 or more,light edge clogging,count now,58
mpq_5fb74abdae8220,mem_scene_00424,images/mem_scene_00424.png,fiber_tint,What tint is most common among the visible fibers?,blue,red,black,clear or pale,A,medium,clear,edge_loaded,standard,beads,lower_right,blue,28,9 or more,light edge clogging,count now,58
mpq_3fe6328ace1713,mem_scene_00424,images/mem_scene_00424.png,bead_count,How many round bead-like microplastic particles are visible?,0-12,13-18,19-24,25 or more,D,medium,clear,edge_loaded,standard,beads,lower_right,blue,28,25 or more,light edge clogging,count now,58
mpq_b29c568eda16fd,mem_scene_00424,images/mem_scene_00424.png,clogging_state,Which membrane clogging pattern best describes this field?,open pores,light edge clogging,central mat clogging,patchy multi-zone clogging,B,medium,clear,edge_loaded,standard,beads,lower_right,blue,28,9 or more,light edge clogging,count now,58
mpq_7b352fbee053a9,mem_scene_00424,images/mem_scene_00424.png,qc_action,What is the best next triage action for this field of view?,count now,reimage focus,dilute and refilter,manual review,A,medium,clear,edge_loaded,standard,beads,lower_right,blue,28,9 or more,light edge clogging,count now,58
mpq_a3917251b7826a,mem_scene_00425,images/mem_scene_00425.png,dominant_particle_family,Which suspicious particle family is most common in this membrane field?,fibers,fragments,beads,films,A,hard,glare,centered,standard,fibers,upper_right,blue,21,9 or more,open pores,reimage focus,100
mpq_242519afcd3f55,mem_scene_00425,images/mem_scene_00425.png,hotspot_quadrant,Which quadrant contains the densest suspicious-particle hotspot?,upper left,upper right,lower left,lower right,B,hard,glare,centered,standard,fibers,upper_right,blue,21,9 or more,open pores,reimage focus,100
mpq_fda9291c6acd9f,mem_scene_00425,images/mem_scene_00425.png,fiber_tint,What tint is most common among the visible fibers?,blue,red,black,clear or pale,A,hard,glare,centered,standard,fibers,upper_right,blue,21,9 or more,open pores,reimage focus,100
mpq_facc1d629275c2,mem_scene_00425,images/mem_scene_00425.png,bead_count,How many round bead-like microplastic particles are visible?,0-12,13-18,19-24,25 or more,C,hard,glare,centered,standard,fibers,upper_right,blue,21,19-24,open pores,reimage focus,100
mpq_eebf670f973684,mem_scene_00425,images/mem_scene_00425.png,clogging_state,Which membrane clogging pattern best describes this field?,open pores,light edge clogging,central mat clogging,patchy multi-zone clogging,A,hard,glare,centered,standard,fibers,upper_right,blue,21,9 or more,open pores,reimage focus,100
mpq_d57b1a05c51349,mem_scene_00425,images/mem_scene_00425.png,qc_action,What is the best next triage action for this field of view?,count now,reimage focus,dilute and refilter,manual review,B,hard,glare,centered,standard,fibers,upper_right,blue,21,9 or more,open pores,reimage focus,100
mpq_8032e1878d489e,mem_scene_00426,images/mem_scene_00426.png,dominant_particle_family,Which suspicious particle family is most common in this membrane field?,fibers,fragments,beads,films,B,medium,low_contrast,ring_bias,standard,fragments,lower_right,clear or pale,17,9 or more,central mat clogging,count now,70
mpq_dcfa9ed2b92d6e,mem_scene_00426,images/mem_scene_00426.png,hotspot_quadrant,Which quadrant contains the densest suspicious-particle hotspot?,upper left,upper right,lower left,lower right,D,medium,low_contrast,ring_bias,standard,fragments,lower_right,clear or pale,17,9 or more,central mat clogging,count now,70
mpq_7390424cb8a152,mem_scene_00426,images/mem_scene_00426.png,fiber_tint,What tint is most common among the visible fibers?,blue,red,black,clear or pale,D,medium,low_contrast,ring_bias,standard,fragments,lower_right,clear or pale,17,9 or more,central mat clogging,count now,70
mpq_104f265dbb1056,mem_scene_00426,images/mem_scene_00426.png,bead_count,How many round bead-like microplastic particles are visible?,0-12,13-18,19-24,25 or more,B,medium,low_contrast,ring_bias,standard,fragments,lower_right,clear or pale,17,13-18,central mat clogging,count now,70
mpq_520bcda55961a9,mem_scene_00426,images/mem_scene_00426.png,clogging_state,Which membrane clogging pattern best describes this field?,open pores,light edge clogging,central mat clogging,patchy multi-zone clogging,C,medium,low_contrast,ring_bias,standard,fragments,lower_right,clear or pale,17,9 or more,central mat clogging,count now,70
mpq_1722076be07d3e,mem_scene_00426,images/mem_scene_00426.png,qc_action,What is the best next triage action for this field of view?,count now,reimage focus,dilute and refilter,manual review,B,medium,low_contrast,ring_bias,standard,fragments,lower_right,clear or pale,17,9 or more,central mat clogging,reimage focus,70
mpq_70c5804e9e34d2,mem_scene_00427,images/mem_scene_00427.png,dominant_particle_family,Which suspicious particle family is most common in this membrane field?,fibers,fragments,beads,films,C,hard,clear,centered,bubble_ring,beads,lower_right,blue,48,9 or more,open pores,manual review,113
mpq_3df870c2678329,mem_scene_00427,images/mem_scene_00427.png,hotspot_quadrant,Which quadrant contains the densest suspicious-particle hotspot?,upper left,upper right,lower left,lower right,D,hard,clear,centered,bubble_ring,beads,lower_right,blue,48,9 or more,open pores,manual review,113
mpq_c39086212440b9,mem_scene_00427,images/mem_scene_00427.png,fiber_tint,What tint is most common among the visible fibers?,blue,red,black,clear or pale,A,hard,clear,centered,bubble_ring,beads,lower_right,blue,48,9 or more,open pores,manual review,113
mpq_d18bd80b25f626,mem_scene_00427,images/mem_scene_00427.png,bead_count,How many round bead-like microplastic particles are visible?,0-12,13-18,19-24,25 or more,D,hard,clear,centered,bubble_ring,beads,lower_right,blue,48,25 or more,open pores,manual review,113
mpq_ce86b9d669677a,mem_scene_00427,images/mem_scene_00427.png,clogging_state,Which membrane clogging pattern best describes this field?,open pores,light edge clogging,central mat clogging,patchy multi-zone clogging,A,hard,clear,centered,bubble_ring,beads,lower_right,blue,48,9 or more,open pores,manual review,113
mpq_70a3364af47fae,mem_scene_00427,images/mem_scene_00427.png,qc_action,What is the best next triage action for this field of view?,count now,reimage focus,dilute and refilter,manual review,D,hard,clear,centered,bubble_ring,beads,lower_right,blue,48,9 or more,open pores,manual review,113
mpq_5b0b6f6d917b92,mem_scene_00428,images/mem_scene_00428.png,dominant_particle_family,Which suspicious particle family is most common in this membrane field?,fibers,fragments,beads,films,C,medium,clear,diagonal_streak,standard,beads,lower_right,blue,22,9 or more,open pores,count now,49
mpq_dd5dbd9f256a08,mem_scene_00428,images/mem_scene_00428.png,hotspot_quadrant,Which quadrant contains the densest suspicious-particle hotspot?,upper left,upper right,lower left,lower right,D,medium,clear,diagonal_streak,standard,beads,lower_right,blue,22,9 or more,open pores,count now,49
mpq_c5c96a3a1c0c49,mem_scene_00428,images/mem_scene_00428.png,fiber_tint,What tint is most common among the visible fibers?,blue,red,black,clear or pale,A,medium,clear,diagonal_streak,standard,beads,lower_right,blue,22,9 or more,open pores,count now,49
mpq_33b34cfa395ba6,mem_scene_00428,images/mem_scene_00428.png,bead_count,How many round bead-like microplastic particles are visible?,0-12,13-18,19-24,25 or more,C,medium,clear,diagonal_streak,standard,beads,lower_right,blue,22,19-24,open pores,count now,49
mpq_1d923bf0abadac,mem_scene_00428,images/mem_scene_00428.png,clogging_state,Which membrane clogging pattern best describes this field?,open pores,light edge clogging,central mat clogging,patchy multi-zone clogging,A,medium,clear,diagonal_streak,standard,beads,lower_right,blue,22,9 or more,open pores,count now,49
mpq_d6cae2bb00e097,mem_scene_00428,images/mem_scene_00428.png,qc_action,What is the best next triage action for this field of view?,count now,reimage focus,dilute and refilter,manual review,A,medium,clear,diagonal_streak,standard,beads,lower_right,blue,22,9 or more,open pores,count now,49
mpq_e5e172e1cf6269,mem_scene_00429,images/mem_scene_00429.png,dominant_particle_family,Which suspicious particle family is most common in this membrane field?,fibers,fragments,beads,films,A,easy,clear,centered,edge_shadow,fibers,lower_right,blue,4,3-5,patchy multi-zone clogging,manual review,38
mpq_7a13b2f444b850,mem_scene_00429,images/mem_scene_00429.png,hotspot_quadrant,Which quadrant contains the densest suspicious-particle hotspot?,upper left,upper right,lower left,lower right,D,easy,clear,centered,edge_shadow,fibers,lower_right,blue,4,3-5,patchy multi-zone clogging,manual review,38
mpq_c6928e20411d93,mem_scene_00429,images/mem_scene_00429.png,fiber_tint,What tint is most common among the visible fibers?,blue,red,black,clear or pale,A,easy,clear,centered,edge_shadow,fibers,lower_right,blue,4,3-5,patchy multi-zone clogging,manual review,38
mpq_c2c57dab13e6c1,mem_scene_00429,images/mem_scene_00429.png,bead_count,How many round bead-like microplastic particles are visible?,0-12,13-18,19-24,25 or more,A,easy,clear,centered,edge_shadow,fibers,lower_right,blue,4,0-12,patchy multi-zone clogging,manual review,38
mpq_9f9ee04205b098,mem_scene_00429,images/mem_scene_00429.png,clogging_state,Which membrane clogging pattern best describes this field?,open pores,light edge clogging,central mat clogging,patchy multi-zone clogging,D,easy,clear,centered,edge_shadow,fibers,lower_right,blue,4,3-5,patchy multi-zone clogging,manual review,38
mpq_ada199f488856e,mem_scene_00429,images/mem_scene_00429.png,qc_action,What is the best next triage action for this field of view?,count now,reimage focus,dilute and refilter,manual review,D,easy,clear,centered,edge_shadow,fibers,lower_right,blue,4,3-5,patchy multi-zone clogging,manual review,38
mpq_cabd83603d6b37,mem_scene_00430,images/mem_scene_00430.png,dominant_particle_family,Which suspicious particle family is most common in this membrane field?,fibers,fragments,beads,films,A,medium,biofilm,edge_loaded,standard,fibers,upper_left,blue,18,9 or more,light edge clogging,manual review,56
mpq_06d38729c2226b,mem_scene_00430,images/mem_scene_00430.png,hotspot_quadrant,Which quadrant contains the densest suspicious-particle hotspot?,upper left,upper right,lower left,lower right,A,medium,biofilm,edge_loaded,standard,fibers,upper_left,blue,18,9 or more,light edge clogging,manual review,56
mpq_9e3c94dcf6c0bf,mem_scene_00430,images/mem_scene_00430.png,fiber_tint,What tint is most common among the visible fibers?,blue,red,black,clear or pale,A,medium,biofilm,edge_loaded,standard,fibers,upper_left,blue,18,9 or more,light edge clogging,manual review,56
mpq_d5ecb26149e01a,mem_scene_00430,images/mem_scene_00430.png,bead_count,How many round bead-like microplastic particles are visible?,0-12,13-18,19-24,25 or more,B,medium,biofilm,edge_loaded,standard,fibers,upper_left,blue,18,13-18,light edge clogging,manual review,56
mpq_d3e68d4ceae8b4,mem_scene_00430,images/mem_scene_00430.png,clogging_state,Which membrane clogging pattern best describes this field?,open pores,light edge clogging,central mat clogging,patchy multi-zone clogging,B,medium,biofilm,edge_loaded,standard,fibers,upper_left,blue,18,9 or more,light edge clogging,manual review,56
mpq_a42131ace9d2c1,mem_scene_00430,images/mem_scene_00430.png,qc_action,What is the best next triage action for this field of view?,count now,reimage focus,dilute and refilter,manual review,D,medium,biofilm,edge_loaded,standard,fibers,upper_left,blue,18,9 or more,light edge clogging,manual review,56
mpq_f2767d0bb37d8a,mem_scene_00431,images/mem_scene_00431.png,dominant_particle_family,Which suspicious particle family is most common in this membrane field?,fibers,fragments,beads,films,D,easy,overloaded,centered,blue_stain,films,lower_left,blue,7,6-8,light edge clogging,dilute and refilter,38
mpq_2ab4cfe8c2a496,mem_scene_00431,images/mem_scene_00431.png,hotspot_quadrant,Which quadrant contains the densest suspicious-particle hotspot?,upper left,upper right,lower left,lower right,C,easy,overloaded,centered,blue_stain,films,lower_left,blue,7,6-8,light edge clogging,dilute and refilter,38
mpq_d3af6980895beb,mem_scene_00431,images/mem_scene_00431.png,fiber_tint,What tint is most common among the visible fibers?,blue,red,black,clear or pale,A,easy,overloaded,centered,blue_stain,films,lower_left,blue,7,6-8,light edge clogging,dilute and refilter,38
mpq_631efe4e9b9484,mem_scene_00431,images/mem_scene_00431.png,bead_count,How many round bead-like microplastic particles are visible?,0-12,13-18,19-24,25 or more,A,easy,overloaded,centered,blue_stain,films,lower_left,blue,7,0-12,light edge clogging,dilute and refilter,38
mpq_7e9f7b68eb73ec,mem_scene_00431,images/mem_scene_00431.png,clogging_state,Which membrane clogging pattern best describes this field?,open pores,light edge clogging,central mat clogging,patchy multi-zone clogging,B,easy,overloaded,centered,blue_stain,films,lower_left,blue,7,6-8,light edge clogging,dilute and refilter,38
mpq_195539cf7d63b3,mem_scene_00431,images/mem_scene_00431.png,qc_action,What is the best next triage action for this field of view?,count now,reimage focus,dilute and refilter,manual review,C,easy,overloaded,centered,blue_stain,films,lower_left,blue,7,6-8,light edge clogging,dilute and refilter,38
mpq_0946c21c2e9709,mem_scene_00432,images/mem_scene_00432.png,dominant_particle_family,Which suspicious particle family is most common in this membrane field?,fibers,fragments,beads,films,A,hard,clear,centered,standard,fibers,upper_left,black,16,9 or more,light edge clogging,count now,86
mpq_6849c77345427f,mem_scene_00432,images/mem_scene_00432.png,hotspot_quadrant,Which quadrant contains the densest suspicious-particle hotspot?,upper left,upper right,lower left,lower right,A,hard,clear,centered,standard,fibers,upper_left,black,16,9 or more,light edge clogging,count now,86
mpq_ebf1723e6d456f,mem_scene_00432,images/mem_scene_00432.png,fiber_tint,What tint is most common among the visible fibers?,blue,red,black,clear or pale,C,hard,clear,centered,standard,fibers,upper_left,black,16,9 or more,light edge clogging,count now,86
mpq_fdbddffd6e74ba,mem_scene_00432,images/mem_scene_00432.png,bead_count,How many round bead-like microplastic particles are visible?,0-12,13-18,19-24,25 or more,B,hard,clear,centered,standard,fibers,upper_left,black,16,13-18,light edge clogging,count now,86
mpq_00862b2a92f292,mem_scene_00432,images/mem_scene_00432.png,clogging_state,Which membrane clogging pattern best describes this field?,open pores,light edge clogging,central mat clogging,patchy multi-zone clogging,B,hard,clear,centered,standard,fibers,upper_left,black,16,9 or more,light edge clogging,count now,86
mpq_0bfdcb965f8bc7,mem_scene_00432,images/mem_scene_00432.png,qc_action,What is the best next triage action for this field of view?,count now,reimage focus,dilute and refilter,manual review,A,hard,clear,centered,standard,fibers,upper_left,black,16,9 or more,light edge clogging,count now,86
mpq_dc9abedf4a2991,mem_scene_00433,images/mem_scene_00433.png,dominant_particle_family,Which suspicious particle family is most common in this membrane field?,fibers,fragments,beads,films,B,medium,clear,diagonal_streak,edge_shadow,fragments,upper_left,red,14,9 or more,open pores,manual review,67
mpq_ecd42bb835c006,mem_scene_00433,images/mem_scene_00433.png,hotspot_quadrant,Which quadrant contains the densest suspicious-particle hotspot?,upper left,upper right,lower left,lower right,A,medium,clear,diagonal_streak,edge_shadow,fragments,upper_left,red,14,9 or more,open pores,manual review,67
mpq_a58909dddcaa75,mem_scene_00433,images/mem_scene_00433.png,fiber_tint,What tint is most common among the visible fibers?,blue,red,black,clear or pale,B,medium,clear,diagonal_streak,edge_shadow,fragments,upper_left,red,14,9 or more,open pores,manual review,67
mpq_66c6acca3224c7,mem_scene_00433,images/mem_scene_00433.png,bead_count,How many round bead-like microplastic particles are visible?,0-12,13-18,19-24,25 or more,B,medium,clear,diagonal_streak,edge_shadow,fragments,upper_left,red,14,13-18,open pores,manual review,67
mpq_84b78fcb2ed681,mem_scene_00433,images/mem_scene_00433.png,clogging_state,Which membrane clogging pattern best describes this field?,open pores,light edge clogging,central mat clogging,patchy multi-zone clogging,A,medium,clear,diagonal_streak,edge_shadow,fragments,upper_left,red,14,9 or more,open pores,manual review,67
mpq_c18f035d575ac1,mem_scene_00433,images/mem_scene_00433.png,qc_action,What is the best next triage action for this field of view?,count now,reimage focus,dilute and refilter,manual review,D,medium,clear,diagonal_streak,edge_shadow,fragments,upper_left,red,14,9 or more,open pores,manual review,67
mpq_d792ba65cf65ae,mem_scene_00434,images/mem_scene_00434.png,dominant_particle_family,Which suspicious particle family is most common in this membrane field?,fibers,fragments,beads,films,C,easy,clear,ring_bias,standard,beads,lower_right,blue,17,9 or more,patchy multi-zone clogging,count now,40
mpq_b940e72f23b4e7,mem_scene_00434,images/mem_scene_00434.png,hotspot_quadrant,Which quadrant contains the densest suspicious-particle hotspot?,upper left,upper right,lower left,lower right,D,easy,clear,ring_bias,standard,beads,lower_right,blue,17,9 or more,patchy multi-zone clogging,count now,40
mpq_0fc45a5cda5a6e,mem_scene_00434,images/mem_scene_00434.png,fiber_tint,What tint is most common among the visible fibers?,blue,red,black,clear or pale,A,easy,clear,ring_bias,standard,beads,lower_right,blue,17,9 or more,patchy multi-zone clogging,count now,40
mpq_ec144163108fff,mem_scene_00434,images/mem_scene_00434.png,bead_count,How many round bead-like microplastic particles are visible?,0-12,13-18,19-24,25 or more,B,easy,clear,ring_bias,standard,beads,lower_right,blue,17,13-18,patchy multi-zone clogging,count now,40
mpq_e795be49e44c1e,mem_scene_00434,images/mem_scene_00434.png,clogging_state,Which membrane clogging pattern best describes this field?,open pores,light edge clogging,central mat clogging,patchy multi-zone clogging,D,easy,clear,ring_bias,standard,beads,lower_right,blue,17,9 or more,patchy multi-zone clogging,count now,40
mpq_dffa8871d6c9b5,mem_scene_00434,images/mem_scene_00434.png,qc_action,What is the best next triage action for this field of view?,count now,reimage focus,dilute and refilter,manual review,A,easy,clear,ring_bias,standard,beads,lower_right,blue,17,9 or more,patchy multi-zone clogging,count now,40
mpq_e1018f8576fc9b,mem_scene_00435,images/mem_scene_00435.png,dominant_particle_family,Which suspicious particle family is most common in this membrane field?,fibers,fragments,beads,films,B,hard,low_contrast,diagonal_streak,edge_shadow,fragments,lower_right,blue,22,9 or more,patchy multi-zone clogging,reimage focus,91
mpq_1060badc282884,mem_scene_00435,images/mem_scene_00435.png,hotspot_quadrant,Which quadrant contains the densest suspicious-particle hotspot?,upper left,upper right,lower left,lower right,D,hard,low_contrast,diagonal_streak,edge_shadow,fragments,lower_right,blue,22,9 or more,patchy multi-zone clogging,reimage focus,91
mpq_757682c7c9e82f,mem_scene_00435,images/mem_scene_00435.png,fiber_tint,What tint is most common among the visible fibers?,blue,red,black,clear or pale,A,hard,low_contrast,diagonal_streak,edge_shadow,fragments,lower_right,blue,22,9 or more,patchy multi-zone clogging,reimage focus,91
mpq_53714c5a532850,mem_scene_00435,images/mem_scene_00435.png,bead_count,How many round bead-like microplastic particles are visible?,0-12,13-18,19-24,25 or more,C,hard,low_contrast,diagonal_streak,edge_shadow,fragments,lower_right,blue,22,19-24,patchy multi-zone clogging,reimage focus,91
mpq_0f56af6242609d,mem_scene_00435,images/mem_scene_00435.png,clogging_state,Which membrane clogging pattern best describes this field?,open pores,light edge clogging,central mat clogging,patchy multi-zone clogging,D,hard,low_contrast,diagonal_streak,edge_shadow,fragments,lower_right,blue,22,9 or more,patchy multi-zone clogging,reimage focus,91
mpq_a537cac9b6df37,mem_scene_00435,images/mem_scene_00435.png,qc_action,What is the best next triage action for this field of view?,count now,reimage focus,dilute and refilter,manual review,B,hard,low_contrast,diagonal_streak,edge_shadow,fragments,lower_right,blue,22,9 or more,patchy multi-zone clogging,reimage focus,91
mpq_4e0e4fb3048cd7,mem_scene_00436,images/mem_scene_00436.png,dominant_particle_family,Which suspicious particle family is most common in this membrane field?,fibers,fragments,beads,films,B,medium,clear,centered,bubble_ring,fragments,lower_right,black,10,9 or more,open pores,manual review,70
mpq_5c71b24fa10801,mem_scene_00436,images/mem_scene_00436.png,hotspot_quadrant,Which quadrant contains the densest suspicious-particle hotspot?,upper left,upper right,lower left,lower right,D,medium,clear,centered,bubble_ring,fragments,lower_right,black,10,9 or more,open pores,manual review,70
mpq_79ba0a489e5a32,mem_scene_00436,images/mem_scene_00436.png,fiber_tint,What tint is most common among the visible fibers?,blue,red,black,clear or pale,C,medium,clear,centered,bubble_ring,fragments,lower_right,black,10,9 or more,open pores,manual review,70
mpq_89a500d722e969,mem_scene_00436,images/mem_scene_00436.png,bead_count,How many round bead-like microplastic particles are visible?,0-12,13-18,19-24,25 or more,A,medium,clear,centered,bubble_ring,fragments,lower_right,black,10,0-12,open pores,manual review,70
mpq_fb8107ad62b51e,mem_scene_00436,images/mem_scene_00436.png,clogging_state,Which membrane clogging pattern best describes this field?,open pores,light edge clogging,central mat clogging,patchy multi-zone clogging,A,medium,clear,centered,bubble_ring,fragments,lower_right,black,10,9 or more,open pores,manual review,70
mpq_34f3fadf66fe54,mem_scene_00436,images/mem_scene_00436.png,qc_action,What is the best next triage action for this field of view?,count now,reimage focus,dilute and refilter,manual review,D,medium,clear,centered,bubble_ring,fragments,lower_right,black,10,9 or more,open pores,manual review,70
mpq_6fbfc4af323ac2,mem_scene_00437,images/mem_scene_00437.png,dominant_particle_family,Which suspicious particle family is most common in this membrane field?,fibers,fragments,beads,films,D,medium,clear,edge_loaded,bubble_ring,films,lower_left,red,9,9 or more,patchy multi-zone clogging,manual review,57
mpq_43b96dc407c572,mem_scene_00437,images/mem_scene_00437.png,hotspot_quadrant,Which quadrant contains the densest suspicious-particle hotspot?,upper left,upper right,lower left,lower right,C,medium,clear,edge_loaded,bubble_ring,films,lower_left,red,9,9 or more,patchy multi-zone clogging,manual review,57
mpq_b6ece2bdb6e058,mem_scene_00437,images/mem_scene_00437.png,fiber_tint,What tint is most common among the visible fibers?,blue,red,black,clear or pale,B,medium,clear,edge_loaded,bubble_ring,films,lower_left,red,9,9 or more,patchy multi-zone clogging,manual review,57
mpq_de5396ddffd360,mem_scene_00437,images/mem_scene_00437.png,bead_count,How many round bead-like microplastic particles are visible?,0-12,13-18,19-24,25 or more,A,medium,clear,edge_loaded,bubble_ring,films,lower_left,red,9,0-12,patchy multi-zone clogging,manual review,57
mpq_4ea17b80381692,mem_scene_00437,images/mem_scene_00437.png,clogging_state,Which membrane clogging pattern best describes this field?,open pores,light edge clogging,central mat clogging,patchy multi-zone clogging,D,medium,clear,edge_loaded,bubble_ring,films,lower_left,red,9,9 or more,patchy multi-zone clogging,manual review,57
mpq_f2a36a860d8aea,mem_scene_00437,images/mem_scene_00437.png,qc_action,What is the best next triage action for this field of view?,count now,reimage focus,dilute and refilter,manual review,D,medium,clear,edge_loaded,bubble_ring,films,lower_left,red,9,9 or more,patchy multi-zone clogging,manual review,57
mpq_59cc193bc02a78,mem_scene_00438,images/mem_scene_00438.png,dominant_particle_family,Which suspicious particle family is most common in this membrane field?,fibers,fragments,beads,films,C,hard,glare,diagonal_streak,blue_stain,beads,upper_right,red,37,9 or more,patchy multi-zone clogging,reimage focus,85
mpq_3bba50707c9b50,mem_scene_00438,images/mem_scene_00438.png,hotspot_quadrant,Which quadrant contains the densest suspicious-particle hotspot?,upper left,upper right,lower left,lower right,B,hard,glare,diagonal_streak,blue_stain,beads,upper_right,red,37,9 or more,patchy multi-zone clogging,reimage focus,85
mpq_47760f74260aa7,mem_scene_00438,images/mem_scene_00438.png,fiber_tint,What tint is most common among the visible fibers?,blue,red,black,clear or pale,B,hard,glare,diagonal_streak,blue_stain,beads,upper_right,red,37,9 or more,patchy multi-zone clogging,reimage focus,85
mpq_70ff4cf7b8afa6,mem_scene_00438,images/mem_scene_00438.png,bead_count,How many round bead-like microplastic particles are visible?,0-12,13-18,19-24,25 or more,D,hard,glare,diagonal_streak,blue_stain,beads,upper_right,red,37,25 or more,patchy multi-zone clogging,reimage focus,85
mpq_da2d8f2829bca0,mem_scene_00438,images/mem_scene_00438.png,clogging_state,Which membrane clogging pattern best describes this field?,open pores,light edge clogging,central mat clogging,patchy multi-zone clogging,D,hard,glare,diagonal_streak,blue_stain,beads,upper_right,red,37,9 or more,patchy multi-zone clogging,reimage focus,85
mpq_7187132d971584,mem_scene_00438,images/mem_scene_00438.png,qc_action,What is the best next triage action for this field of view?,count now,reimage focus,dilute and refilter,manual review,B,hard,glare,diagonal_streak,blue_stain,beads,upper_right,red,37,9 or more,patchy multi-zone clogging,reimage focus,85
mpq_677c7a82a4faf6,mem_scene_00439,images/mem_scene_00439.png,dominant_particle_family,Which suspicious particle family is most common in this membrane field?,fibers,fragments,beads,films,C,hard,overloaded,centered,blue_stain,beads,lower_right,blue,51,9 or more,patchy multi-zone clogging,dilute and refilter,101
mpq_98b77e8a5e7ea6,mem_scene_00439,images/mem_scene_00439.png,hotspot_quadrant,Which quadrant contains the densest suspicious-particle hotspot?,upper left,upper right,lower left,lower right,D,hard,overloaded,centered,blue_stain,beads,lower_right,blue,51,9 or more,patchy multi-zone clogging,dilute and refilter,101
mpq_5fa421af77ffcb,mem_scene_00439,images/mem_scene_00439.png,fiber_tint,What tint is most common among the visible fibers?,blue,red,black,clear or pale,A,hard,overloaded,centered,blue_stain,beads,lower_right,blue,51,9 or more,patchy multi-zone clogging,dilute and refilter,101
mpq_fc9052e78eea42,mem_scene_00439,images/mem_scene_00439.png,bead_count,How many round bead-like microplastic particles are visible?,0-12,13-18,19-24,25 or more,D,hard,overloaded,centered,blue_stain,beads,lower_right,blue,51,25 or more,patchy multi-zone clogging,dilute and refilter,101
mpq_86a55b78977f96,mem_scene_00439,images/mem_scene_00439.png,clogging_state,Which membrane clogging pattern best describes this field?,open pores,light edge clogging,central mat clogging,patchy multi-zone clogging,D,hard,overloaded,centered,blue_stain,beads,lower_right,blue,51,9 or more,patchy multi-zone clogging,dilute and refilter,101
mpq_1dbf39c35e31f3,mem_scene_00439,images/mem_scene_00439.png,qc_action,What is the best next triage action for this field of view?,count now,reimage focus,dilute and refilter,manual review,C,hard,overloaded,centered,blue_stain,beads,lower_right,blue,51,9 or more,patchy multi-zone clogging,dilute and refilter,101
mpq_ee6fb7789ea213,mem_scene_00440,images/mem_scene_00440.png,dominant_particle_family,Which suspicious particle family is most common in this membrane field?,fibers,fragments,beads,films,B,medium,biofilm,centered,bubble_ring,fragments,lower_right,black,2,0-2,light edge clogging,manual review,52
mpq_68a5a55583b9bb,mem_scene_00440,images/mem_scene_00440.png,hotspot_quadrant,Which quadrant contains the densest suspicious-particle hotspot?,upper left,upper right,lower left,lower right,D,medium,biofilm,centered,bubble_ring,fragments,lower_right,black,2,0-2,light edge clogging,manual review,52
mpq_3f5868cf553c1b,mem_scene_00440,images/mem_scene_00440.png,fiber_tint,What tint is most common among the visible fibers?,blue,red,black,clear or pale,C,medium,biofilm,centered,bubble_ring,fragments,lower_right,black,2,0-2,light edge clogging,manual review,52
mpq_c374ffa8778729,mem_scene_00440,images/mem_scene_00440.png,bead_count,How many round bead-like microplastic particles are visible?,0-12,13-18,19-24,25 or more,A,medium,biofilm,centered,bubble_ring,fragments,lower_right,black,2,0-12,light edge clogging,manual review,52
mpq_1aa0df6990ab69,mem_scene_00440,images/mem_scene_00440.png,clogging_state,Which membrane clogging pattern best describes this field?,open pores,light edge clogging,central mat clogging,patchy multi-zone clogging,B,medium,biofilm,centered,bubble_ring,fragments,lower_right,black,2,0-2,light edge clogging,manual review,52
mpq_71f92465f4cb17,mem_scene_00440,images/mem_scene_00440.png,qc_action,What is the best next triage action for this field of view?,count now,reimage focus,dilute and refilter,manual review,D,medium,biofilm,centered,bubble_ring,fragments,lower_right,black,2,0-2,light edge clogging,manual review,52
mpq_63c600fed22ab6,mem_scene_00441,images/mem_scene_00441.png,dominant_particle_family,Which suspicious particle family is most common in this membrane field?,fibers,fragments,beads,films,C,hard,clear,edge_loaded,edge_shadow,beads,lower_left,blue,60,9 or more,light edge clogging,manual review,106
mpq_df2cfb2a5c7a96,mem_scene_00441,images/mem_scene_00441.png,hotspot_quadrant,Which quadrant contains the densest suspicious-particle hotspot?,upper left,upper right,lower left,lower right,C,hard,clear,edge_loaded,edge_shadow,beads,lower_left,blue,60,9 or more,light edge clogging,manual review,106
mpq_386b3442a2ac13,mem_scene_00441,images/mem_scene_00441.png,fiber_tint,What tint is most common among the visible fibers?,blue,red,black,clear or pale,A,hard,clear,edge_loaded,edge_shadow,beads,lower_left,blue,60,9 or more,light edge clogging,manual review,106
mpq_9ef4219728e455,mem_scene_00441,images/mem_scene_00441.png,bead_count,How many round bead-like microplastic particles are visible?,0-12,13-18,19-24,25 or more,D,hard,clear,edge_loaded,edge_shadow,beads,lower_left,blue,60,25 or more,light edge clogging,manual review,106
mpq_e683193fb7ba07,mem_scene_00441,images/mem_scene_00441.png,clogging_state,Which membrane clogging pattern best describes this field?,open pores,light edge clogging,central mat clogging,patchy multi-zone clogging,B,hard,clear,edge_loaded,edge_shadow,beads,lower_left,blue,60,9 or more,light edge clogging,manual review,106
mpq_fc55b04b9f7320,mem_scene_00441,images/mem_scene_00441.png,qc_action,What is the best next triage action for this field of view?,count now,reimage focus,dilute and refilter,manual review,D,hard,clear,edge_loaded,edge_shadow,beads,lower_left,blue,60,9 or more,light edge clogging,manual review,106
mpq_80f46377dbc18c,mem_scene_00442,images/mem_scene_00442.png,dominant_particle_family,Which suspicious particle family is most common in this membrane field?,fibers,fragments,beads,films,B,medium,overloaded,centered,edge_shadow,fragments,lower_right,clear or pale,16,9 or more,patchy multi-zone clogging,dilute and refilter,75
mpq_44526d922b885a,mem_scene_00442,images/mem_scene_00442.png,hotspot_quadrant,Which quadrant contains the densest suspicious-particle hotspot?,upper left,upper right,lower left,lower right,D,medium,overloaded,centered,edge_shadow,fragments,lower_right,clear or pale,16,9 or more,patchy multi-zone clogging,dilute and refilter,75
mpq_b2c52699e4bd1e,mem_scene_00442,images/mem_scene_00442.png,fiber_tint,What tint is most common among the visible fibers?,blue,red,black,clear or pale,D,medium,overloaded,centered,edge_shadow,fragments,lower_right,clear or pale,16,9 or more,patchy multi-zone clogging,dilute and refilter,75
mpq_3addc6921288a6,mem_scene_00442,images/mem_scene_00442.png,bead_count,How many round bead-like microplastic particles are visible?,0-12,13-18,19-24,25 or more,B,medium,overloaded,centered,edge_shadow,fragments,lower_right,clear or pale,16,13-18,patchy multi-zone clogging,dilute and refilter,75
mpq_81ec4d809fcbf6,mem_scene_00442,images/mem_scene_00442.png,clogging_state,Which membrane clogging pattern best describes this field?,open pores,light edge clogging,central mat clogging,patchy multi-zone clogging,D,medium,overloaded,centered,edge_shadow,fragments,lower_right,clear or pale,16,9 or more,patchy multi-zone clogging,dilute and refilter,75
mpq_86a0ac156bb8cd,mem_scene_00442,images/mem_scene_00442.png,qc_action,What is the best next triage action for this field of view?,count now,reimage focus,dilute and refilter,manual review,C,medium,overloaded,centered,edge_shadow,fragments,lower_right,clear or pale,16,9 or more,patchy multi-zone clogging,dilute and refilter,75
mpq_d27432d98ff417,mem_scene_00443,images/mem_scene_00443.png,dominant_particle_family,Which suspicious particle family is most common in this membrane field?,fibers,fragments,beads,films,A,hard,clear,centered,edge_shadow,fibers,lower_right,blue,14,9 or more,open pores,manual review,80
mpq_aa0a8b8cc812b7,mem_scene_00443,images/mem_scene_00443.png,hotspot_quadrant,Which quadrant contains the densest suspicious-particle hotspot?,upper left,upper right,lower left,lower right,D,hard,clear,centered,edge_shadow,fibers,lower_right,blue,14,9 or more,open pores,manual review,80
mpq_03663b5c313152,mem_scene_00443,images/mem_scene_00443.png,fiber_tint,What tint is most common among the visible fibers?,blue,red,black,clear or pale,A,hard,clear,centered,edge_shadow,fibers,lower_right,blue,14,9 or more,open pores,manual review,80
mpq_c3633bff27b909,mem_scene_00443,images/mem_scene_00443.png,bead_count,How many round bead-like microplastic particles are visible?,0-12,13-18,19-24,25 or more,B,hard,clear,centered,edge_shadow,fibers,lower_right,blue,14,13-18,open pores,manual review,80
mpq_de8d5340765a97,mem_scene_00443,images/mem_scene_00443.png,clogging_state,Which membrane clogging pattern best describes this field?,open pores,light edge clogging,central mat clogging,patchy multi-zone clogging,A,hard,clear,centered,edge_shadow,fibers,lower_right,blue,14,9 or more,open pores,manual review,80
mpq_2f72b2eac0d429,mem_scene_00443,images/mem_scene_00443.png,qc_action,What is the best next triage action for this field of view?,count now,reimage focus,dilute and refilter,manual review,D,hard,clear,centered,edge_shadow,fibers,lower_right,blue,14,9 or more,open pores,manual review,80
mpq_0397bd3dbe3dd2,mem_scene_00444,images/mem_scene_00444.png,dominant_particle_family,Which suspicious particle family is most common in this membrane field?,fibers,fragments,beads,films,C,hard,overloaded,centered,bubble_ring,beads,lower_left,blue,50,9 or more,central mat clogging,dilute and refilter,120
mpq_b80a1bdc39fb54,mem_scene_00444,images/mem_scene_00444.png,hotspot_quadrant,Which quadrant contains the densest suspicious-particle hotspot?,upper left,upper right,lower left,lower right,C,hard,overloaded,centered,bubble_ring,beads,lower_left,blue,50,9 or more,central mat clogging,dilute and refilter,120
mpq_bf6bd7d2445356,mem_scene_00444,images/mem_scene_00444.png,fiber_tint,What tint is most common among the visible fibers?,blue,red,black,clear or pale,A,hard,overloaded,centered,bubble_ring,beads,lower_left,blue,50,9 or more,central mat clogging,dilute and refilter,120
mpq_671bfe51464381,mem_scene_00444,images/mem_scene_00444.png,bead_count,How many round bead-like microplastic particles are visible?,0-12,13-18,19-24,25 or more,D,hard,overloaded,centered,bubble_ring,beads,lower_left,blue,50,25 or more,central mat clogging,dilute and refilter,120
mpq_97cb176d294594,mem_scene_00444,images/mem_scene_00444.png,clogging_state,Which membrane clogging pattern best describes this field?,open pores,light edge clogging,central mat clogging,patchy multi-zone clogging,C,hard,overloaded,centered,bubble_ring,beads,lower_left,blue,50,9 or more,central mat clogging,dilute and refilter,120
mpq_a363afe19b3e26,mem_scene_00444,images/mem_scene_00444.png,qc_action,What is the best next triage action for this field of view?,count now,reimage focus,dilute and refilter,manual review,C,hard,overloaded,centered,bubble_ring,beads,lower_left,blue,50,9 or more,central mat clogging,dilute and refilter,120
mpq_2ce37e94f770c2,mem_scene_00445,images/mem_scene_00445.png,dominant_particle_family,Which suspicious particle family is most common in this membrane field?,fibers,fragments,beads,films,D,easy,low_contrast,ring_bias,standard,films,lower_left,red,2,0-2,open pores,count now,28
mpq_e758c6be7a5fb4,mem_scene_00445,images/mem_scene_00445.png,hotspot_quadrant,Which quadrant contains the densest suspicious-particle hotspot?,upper left,upper right,lower left,lower right,C,easy,low_contrast,ring_bias,standard,films,lower_left,red,2,0-2,open pores,count now,28
mpq_af6ac9615b0365,mem_scene_00445,images/mem_scene_00445.png,fiber_tint,What tint is most common among the visible fibers?,blue,red,black,clear or pale,B,easy,low_contrast,ring_bias,standard,films,lower_left,red,2,0-2,open pores,count now,28
mpq_037c6c3db00f96,mem_scene_00445,images/mem_scene_00445.png,bead_count,How many round bead-like microplastic particles are visible?,0-12,13-18,19-24,25 or more,A,easy,low_contrast,ring_bias,standard,films,lower_left,red,2,0-12,open pores,count now,28
mpq_c0c62c852b433f,mem_scene_00445,images/mem_scene_00445.png,clogging_state,Which membrane clogging pattern best describes this field?,open pores,light edge clogging,central mat clogging,patchy multi-zone clogging,A,easy,low_contrast,ring_bias,standard,films,lower_left,red,2,0-2,open pores,count now,28
mpq_49e1c368cc27d5,mem_scene_00445,images/mem_scene_00445.png,qc_action,What is the best next triage action for this field of view?,count now,reimage focus,dilute and refilter,manual review,B,easy,low_contrast,ring_bias,standard,films,lower_left,red,2,0-2,open pores,reimage focus,28
mpq_e8cf60f61aa20e,mem_scene_00446,images/mem_scene_00446.png,dominant_particle_family,Which suspicious particle family is most common in this membrane field?,fibers,fragments,beads,films,D,medium,clear,centered,standard,films,upper_right,blue,10,9 or more,central mat clogging,count now,67
mpq_1cfa960f6ae278,mem_scene_00446,images/mem_scene_00446.png,hotspot_quadrant,Which quadrant contains the densest suspicious-particle hotspot?,upper left,upper right,lower left,lower right,B,medium,clear,centered,standard,films,upper_right,blue,10,9 or more,central mat clogging,count now,67
mpq_b3666d204853b7,mem_scene_00446,images/mem_scene_00446.png,fiber_tint,What tint is most common among the visible fibers?,blue,red,black,clear or pale,A,medium,clear,centered,standard,films,upper_right,blue,10,9 or more,central mat clogging,count now,67
mpq_0d86ea0bffeb4f,mem_scene_00446,images/mem_scene_00446.png,bead_count,How many round bead-like microplastic particles are visible?,0-12,13-18,19-24,25 or more,A,medium,clear,centered,standard,films,upper_right,blue,10,0-12,central mat clogging,count now,67
mpq_ed4c94177090d9,mem_scene_00446,images/mem_scene_00446.png,clogging_state,Which membrane clogging pattern best describes this field?,open pores,light edge clogging,central mat clogging,patchy multi-zone clogging,C,medium,clear,centered,standard,films,upper_right,blue,10,9 or more,central mat clogging,count now,67
mpq_1179805be9d6d5,mem_scene_00446,images/mem_scene_00446.png,qc_action,What is the best next triage action for this field of view?,count now,reimage focus,dilute and refilter,manual review,A,medium,clear,centered,standard,films,upper_right,blue,10,9 or more,central mat clogging,count now,67
mpq_0c4d7674fd7ea4,mem_scene_00447,images/mem_scene_00447.png,dominant_particle_family,Which suspicious particle family is most common in this membrane field?,fibers,fragments,beads,films,D,easy,biofilm,ring_bias,standard,films,upper_right,red,8,6-8,light edge clogging,manual review,35
mpq_3fdba0c123ab80,mem_scene_00447,images/mem_scene_00447.png,hotspot_quadrant,Which quadrant contains the densest suspicious-particle hotspot?,upper left,upper right,lower left,lower right,B,easy,biofilm,ring_bias,standard,films,upper_right,red,8,6-8,light edge clogging,manual review,35
mpq_dbde16a2a589fc,mem_scene_00447,images/mem_scene_00447.png,fiber_tint,What tint is most common among the visible fibers?,blue,red,black,clear or pale,B,easy,biofilm,ring_bias,standard,films,upper_right,red,8,6-8,light edge clogging,manual review,35
mpq_2e58f98a6602f0,mem_scene_00447,images/mem_scene_00447.png,bead_count,How many round bead-like microplastic particles are visible?,0-12,13-18,19-24,25 or more,A,easy,biofilm,ring_bias,standard,films,upper_right,red,8,0-12,light edge clogging,manual review,35
mpq_eb3dfcfd03a7ea,mem_scene_00447,images/mem_scene_00447.png,clogging_state,Which membrane clogging pattern best describes this field?,open pores,light edge clogging,central mat clogging,patchy multi-zone clogging,B,easy,biofilm,ring_bias,standard,films,upper_right,red,8,6-8,light edge clogging,manual review,35
mpq_a64a999913db7a,mem_scene_00447,images/mem_scene_00447.png,qc_action,What is the best next triage action for this field of view?,count now,reimage focus,dilute and refilter,manual review,D,easy,biofilm,ring_bias,standard,films,upper_right,red,8,6-8,light edge clogging,manual review,35
mpq_758df535feecad,mem_scene_00448,images/mem_scene_00448.png,dominant_particle_family,Which suspicious particle family is most common in this membrane field?,fibers,fragments,beads,films,C,medium,clear,ring_bias,standard,beads,lower_left,red,29,9 or more,open pores,count now,66
mpq_bcc88568af009c,mem_scene_00448,images/mem_scene_00448.png,hotspot_quadrant,Which quadrant contains the densest suspicious-particle hotspot?,upper left,upper right,lower left,lower right,C,medium,clear,ring_bias,standard,beads,lower_left,red,29,9 or more,open pores,count now,66
mpq_21f6ec9daf9b54,mem_scene_00448,images/mem_scene_00448.png,fiber_tint,What tint is most common among the visible fibers?,blue,red,black,clear or pale,B,medium,clear,ring_bias,standard,beads,lower_left,red,29,9 or more,open pores,count now,66
mpq_8393670361f82b,mem_scene_00448,images/mem_scene_00448.png,bead_count,How many round bead-like microplastic particles are visible?,0-12,13-18,19-24,25 or more,D,medium,clear,ring_bias,standard,beads,lower_left,red,29,25 or more,open pores,count now,66
mpq_8d9c1db5a15a34,mem_scene_00448,images/mem_scene_00448.png,clogging_state,Which membrane clogging pattern best describes this field?,open pores,light edge clogging,central mat clogging,patchy multi-zone clogging,A,medium,clear,ring_bias,standard,beads,lower_left,red,29,9 or more,open pores,count now,66
mpq_e8f5b4f96149cf,mem_scene_00448,images/mem_scene_00448.png,qc_action,What is the best next triage action for this field of view?,count now,reimage focus,dilute and refilter,manual review,A,medium,clear,ring_bias,standard,beads,lower_left,red,29,9 or more,open pores,count now,66
mpq_38d495cc9109b2,mem_scene_00449,images/mem_scene_00449.png,dominant_particle_family,Which suspicious particle family is most common in this membrane field?,fibers,fragments,beads,films,B,medium,overloaded,centered,standard,fragments,lower_right,blue,11,9 or more,patchy multi-zone clogging,dilute and refilter,54
mpq_13cd738bf7d7f0,mem_scene_00449,images/mem_scene_00449.png,hotspot_quadrant,Which quadrant contains the densest suspicious-particle hotspot?,upper left,upper right,lower left,lower right,D,medium,overloaded,centered,standard,fragments,lower_right,blue,11,9 or more,patchy multi-zone clogging,dilute and refilter,54
mpq_03a37186b1f83e,mem_scene_00449,images/mem_scene_00449.png,fiber_tint,What tint is most common among the visible fibers?,blue,red,black,clear or pale,A,medium,overloaded,centered,standard,fragments,lower_right,blue,11,9 or more,patchy multi-zone clogging,dilute and refilter,54
mpq_884f9a67d4f132,mem_scene_00449,images/mem_scene_00449.png,bead_count,How many round bead-like microplastic particles are visible?,0-12,13-18,19-24,25 or more,A,medium,overloaded,centered,standard,fragments,lower_right,blue,11,0-12,patchy multi-zone clogging,dilute and refilter,54
mpq_f1c3d55cf37e1a,mem_scene_00449,images/mem_scene_00449.png,clogging_state,Which membrane clogging pattern best describes this field?,open pores,light edge clogging,central mat clogging,patchy multi-zone clogging,D,medium,overloaded,centered,standard,fragments,lower_right,blue,11,9 or more,patchy multi-zone clogging,dilute and refilter,54
mpq_88c6352acd92b5,mem_scene_00449,images/mem_scene_00449.png,qc_action,What is the best next triage action for this field of view?,count now,reimage focus,dilute and refilter,manual review,C,medium,overloaded,centered,standard,fragments,lower_right,blue,11,9 or more,patchy multi-zone clogging,dilute and refilter,54
mpq_14428db828274f,mem_scene_00450,images/mem_scene_00450.png,dominant_particle_family,Which suspicious particle family is most common in this membrane field?,fibers,fragments,beads,films,D,hard,glare,diagonal_streak,standard,films,upper_left,blue,19,9 or more,patchy multi-zone clogging,reimage focus,98
mpq_a8605f274e5173,mem_scene_00450,images/mem_scene_00450.png,hotspot_quadrant,Which quadrant contains the densest suspicious-particle hotspot?,upper left,upper right,lower left,lower right,A,hard,glare,diagonal_streak,standard,films,upper_left,blue,19,9 or more,patchy multi-zone clogging,reimage focus,98
mpq_e216f5e660ccad,mem_scene_00450,images/mem_scene_00450.png,fiber_tint,What tint is most common among the visible fibers?,blue,red,black,clear or pale,A,hard,glare,diagonal_streak,standard,films,upper_left,blue,19,9 or more,patchy multi-zone clogging,reimage focus,98
mpq_bd2f52b0c2fe03,mem_scene_00450,images/mem_scene_00450.png,bead_count,How many round bead-like microplastic particles are visible?,0-12,13-18,19-24,25 or more,C,hard,glare,diagonal_streak,standard,films,upper_left,blue,19,19-24,patchy multi-zone clogging,reimage focus,98
mpq_d8a493412a3353,mem_scene_00450,images/mem_scene_00450.png,clogging_state,Which membrane clogging pattern best describes this field?,open pores,light edge clogging,central mat clogging,patchy multi-zone clogging,D,hard,glare,diagonal_streak,standard,films,upper_left,blue,19,9 or more,patchy multi-zone clogging,reimage focus,98
mpq_107cc4a576484a,mem_scene_00450,images/mem_scene_00450.png,qc_action,What is the best next triage action for this field of view?,count now,reimage focus,dilute and refilter,manual review,B,hard,glare,diagonal_streak,standard,films,upper_left,blue,19,9 or more,patchy multi-zone clogging,reimage focus,98
mpq_79d9fed8832a7e,mem_scene_00451,images/mem_scene_00451.png,dominant_particle_family,Which suspicious particle family is most common in this membrane field?,fibers,fragments,beads,films,A,hard,biofilm,centered,blue_stain,fibers,lower_right,blue,21,9 or more,open pores,manual review,103
mpq_50caa8186c5aac,mem_scene_00451,images/mem_scene_00451.png,hotspot_quadrant,Which quadrant contains the densest suspicious-particle hotspot?,upper left,upper right,lower left,lower right,D,hard,biofilm,centered,blue_stain,fibers,lower_right,blue,21,9 or more,open pores,manual review,103
mpq_713ca220279577,mem_scene_00451,images/mem_scene_00451.png,fiber_tint,What tint is most common among the visible fibers?,blue,red,black,clear or pale,A,hard,biofilm,centered,blue_stain,fibers,lower_right,blue,21,9 or more,open pores,manual review,103
mpq_46d37b88ebc824,mem_scene_00451,images/mem_scene_00451.png,bead_count,How many round bead-like microplastic particles are visible?,0-12,13-18,19-24,25 or more,C,hard,biofilm,centered,blue_stain,fibers,lower_right,blue,21,19-24,open pores,manual review,103
mpq_c5eef8899ef467,mem_scene_00451,images/mem_scene_00451.png,clogging_state,Which membrane clogging pattern best describes this field?,open pores,light edge clogging,central mat clogging,patchy multi-zone clogging,A,hard,biofilm,centered,blue_stain,fibers,lower_right,blue,21,9 or more,open pores,manual review,103
mpq_267b7eb1d67e46,mem_scene_00451,images/mem_scene_00451.png,qc_action,What is the best next triage action for this field of view?,count now,reimage focus,dilute and refilter,manual review,D,hard,biofilm,centered,blue_stain,fibers,lower_right,blue,21,9 or more,open pores,manual review,103
mpq_0515d490febde4,mem_scene_00452,images/mem_scene_00452.png,dominant_particle_family,Which suspicious particle family is most common in this membrane field?,fibers,fragments,beads,films,A,medium,low_contrast,ring_bias,standard,fibers,upper_right,black,10,9 or more,patchy multi-zone clogging,count now,70
mpq_0989e82afb8e9a,mem_scene_00452,images/mem_scene_00452.png,hotspot_quadrant,Which quadrant contains the densest suspicious-particle hotspot?,upper left,upper right,lower left,lower right,B,medium,low_contrast,ring_bias,standard,fibers,upper_right,black,10,9 or more,patchy multi-zone clogging,count now,70
mpq_e45a5233cf6bd1,mem_scene_00452,images/mem_scene_00452.png,fiber_tint,What tint is most common among the visible fibers?,blue,red,black,clear or pale,C,medium,low_contrast,ring_bias,standard,fibers,upper_right,black,10,9 or more,patchy multi-zone clogging,count now,70
mpq_179a01db141345,mem_scene_00452,images/mem_scene_00452.png,bead_count,How many round bead-like microplastic particles are visible?,0-12,13-18,19-24,25 or more,A,medium,low_contrast,ring_bias,standard,fibers,upper_right,black,10,0-12,patchy multi-zone clogging,count now,70
mpq_52e784542c7cbe,mem_scene_00452,images/mem_scene_00452.png,clogging_state,Which membrane clogging pattern best describes this field?,open pores,light edge clogging,central mat clogging,patchy multi-zone clogging,D,medium,low_contrast,ring_bias,standard,fibers,upper_right,black,10,9 or more,patchy multi-zone clogging,count now,70
mpq_57f70bcae00a9e,mem_scene_00452,images/mem_scene_00452.png,qc_action,What is the best next triage action for this field of view?,count now,reimage focus,dilute and refilter,manual review,B,medium,low_contrast,ring_bias,standard,fibers,upper_right,black,10,9 or more,patchy multi-zone clogging,reimage focus,70
mpq_73824c8e83c37c,mem_scene_00453,images/mem_scene_00453.png,dominant_particle_family,Which suspicious particle family is most common in this membrane field?,fibers,fragments,beads,films,D,easy,glare,centered,standard,films,lower_right,clear or pale,5,3-5,central mat clogging,count now,37
mpq_fa7f230d0f6401,mem_scene_00453,images/mem_scene_00453.png,hotspot_quadrant,Which quadrant contains the densest suspicious-particle hotspot?,upper left,upper right,lower left,lower right,D,easy,glare,centered,standard,films,lower_right,clear or pale,5,3-5,central mat clogging,count now,37
mpq_f3a514b22a569d,mem_scene_00453,images/mem_scene_00453.png,fiber_tint,What tint is most common among the visible fibers?,blue,red,black,clear or pale,D,easy,glare,centered,standard,films,lower_right,clear or pale,5,3-5,central mat clogging,count now,37
mpq_130db82a7f796a,mem_scene_00453,images/mem_scene_00453.png,bead_count,How many round bead-like microplastic particles are visible?,0-12,13-18,19-24,25 or more,A,easy,glare,centered,standard,films,lower_right,clear or pale,5,0-12,central mat clogging,count now,37
mpq_425c544400e859,mem_scene_00453,images/mem_scene_00453.png,clogging_state,Which membrane clogging pattern best describes this field?,open pores,light edge clogging,central mat clogging,patchy multi-zone clogging,C,easy,glare,centered,standard,films,lower_right,clear or pale,5,3-5,central mat clogging,count now,37
mpq_c6ed7ac6320a7d,mem_scene_00453,images/mem_scene_00453.png,qc_action,What is the best next triage action for this field of view?,count now,reimage focus,dilute and refilter,manual review,B,easy,glare,centered,standard,films,lower_right,clear or pale,5,3-5,central mat clogging,reimage focus,37
mpq_e21ba7e3bd8bce,mem_scene_00454,images/mem_scene_00454.png,dominant_particle_family,Which suspicious particle family is most common in this membrane field?,fibers,fragments,beads,films,B,medium,low_contrast,centered,bubble_ring,fragments,lower_left,blue,9,9 or more,light edge clogging,manual review,68
mpq_317571585ec509,mem_scene_00454,images/mem_scene_00454.png,hotspot_quadrant,Which quadrant contains the densest suspicious-particle hotspot?,upper left,upper right,lower left,lower right,C,medium,low_contrast,centered,bubble_ring,fragments,lower_left,blue,9,9 or more,light edge clogging,manual review,68
mpq_8807e377d5821b,mem_scene_00454,images/mem_scene_00454.png,fiber_tint,What tint is most common among the visible fibers?,blue,red,black,clear or pale,A,medium,low_contrast,centered,bubble_ring,fragments,lower_left,blue,9,9 or more,light edge clogging,manual review,68
mpq_dfdb3f86e5b498,mem_scene_00454,images/mem_scene_00454.png,bead_count,How many round bead-like microplastic particles are visible?,0-12,13-18,19-24,25 or more,A,medium,low_contrast,centered,bubble_ring,fragments,lower_left,blue,9,0-12,light edge clogging,manual review,68
mpq_7777c06203eeb7,mem_scene_00454,images/mem_scene_00454.png,clogging_state,Which membrane clogging pattern best describes this field?,open pores,light edge clogging,central mat clogging,patchy multi-zone clogging,B,medium,low_contrast,centered,bubble_ring,fragments,lower_left,blue,9,9 or more,light edge clogging,manual review,68
mpq_68b97b0ba38808,mem_scene_00454,images/mem_scene_00454.png,qc_action,What is the best next triage action for this field of view?,count now,reimage focus,dilute and refilter,manual review,B,medium,low_contrast,centered,bubble_ring,fragments,lower_left,blue,9,9 or more,light edge clogging,reimage focus,68
mpq_4a5f19ee2d6cdc,mem_scene_00455,images/mem_scene_00455.png,dominant_particle_family,Which suspicious particle family is most common in this membrane field?,fibers,fragments,beads,films,D,hard,overloaded,centered,standard,films,lower_left,black,14,9 or more,light edge clogging,dilute and refilter,116
mpq_d1f26992bda409,mem_scene_00455,images/mem_scene_00455.png,hotspot_quadrant,Which quadrant contains the densest suspicious-particle hotspot?,upper left,upper right,lower left,lower right,C,hard,overloaded,centered,standard,films,lower_left,black,14,9 or more,light edge clogging,dilute and refilter,116
mpq_55f247e903e834,mem_scene_00455,images/mem_scene_00455.png,fiber_tint,What tint is most common among the visible fibers?,blue,red,black,clear or pale,C,hard,overloaded,centered,standard,films,lower_left,black,14,9 or more,light edge clogging,dilute and refilter,116
mpq_9a68c965e102be,mem_scene_00455,images/mem_scene_00455.png,bead_count,How many round bead-like microplastic particles are visible?,0-12,13-18,19-24,25 or more,B,hard,overloaded,centered,standard,films,lower_left,black,14,13-18,light edge clogging,dilute and refilter,116
mpq_cf5e39b3abe9ce,mem_scene_00455,images/mem_scene_00455.png,clogging_state,Which membrane clogging pattern best describes this field?,open pores,light edge clogging,central mat clogging,patchy multi-zone clogging,B,hard,overloaded,centered,standard,films,lower_left,black,14,9 or more,light edge clogging,dilute and refilter,116
mpq_54ea1f9db74f8b,mem_scene_00455,images/mem_scene_00455.png,qc_action,What is the best next triage action for this field of view?,count now,reimage focus,dilute and refilter,manual review,C,hard,overloaded,centered,standard,films,lower_left,black,14,9 or more,light edge clogging,dilute and refilter,116
mpq_011a9bfa6fbbd2,mem_scene_00456,images/mem_scene_00456.png,dominant_particle_family,Which suspicious particle family is most common in this membrane field?,fibers,fragments,beads,films,C,hard,clear,edge_loaded,edge_shadow,beads,lower_right,black,44,9 or more,patchy multi-zone clogging,dilute and refilter,104
mpq_e3139d93c5be03,mem_scene_00456,images/mem_scene_00456.png,hotspot_quadrant,Which quadrant contains the densest suspicious-particle hotspot?,upper left,upper right,lower left,lower right,D,hard,clear,edge_loaded,edge_shadow,beads,lower_right,black,44,9 or more,patchy multi-zone clogging,dilute and refilter,104
mpq_f5cef8b99cac40,mem_scene_00456,images/mem_scene_00456.png,fiber_tint,What tint is most common among the visible fibers?,blue,red,black,clear or pale,C,hard,clear,edge_loaded,edge_shadow,beads,lower_right,black,44,9 or more,patchy multi-zone clogging,dilute and refilter,104
mpq_7c48936f71fa12,mem_scene_00456,images/mem_scene_00456.png,bead_count,How many round bead-like microplastic particles are visible?,0-12,13-18,19-24,25 or more,D,hard,clear,edge_loaded,edge_shadow,beads,lower_right,black,44,25 or more,patchy multi-zone clogging,dilute and refilter,104
mpq_a5f52ff117df66,mem_scene_00456,images/mem_scene_00456.png,clogging_state,Which membrane clogging pattern best describes this field?,open pores,light edge clogging,central mat clogging,patchy multi-zone clogging,D,hard,clear,edge_loaded,edge_shadow,beads,lower_right,black,44,9 or more,patchy multi-zone clogging,dilute and refilter,104
mpq_6bcc93e350e753,mem_scene_00456,images/mem_scene_00456.png,qc_action,What is the best next triage action for this field of view?,count now,reimage focus,dilute and refilter,manual review,C,hard,clear,edge_loaded,edge_shadow,beads,lower_right,black,44,9 or more,patchy multi-zone clogging,dilute and refilter,104
mpq_d38b70221ad6b8,mem_scene_00457,images/mem_scene_00457.png,dominant_particle_family,Which suspicious particle family is most common in this membrane field?,fibers,fragments,beads,films,D,medium,clear,centered,standard,films,lower_right,clear or pale,9,9 or more,patchy multi-zone clogging,count now,48
mpq_927fe7d93adaac,mem_scene_00457,images/mem_scene_00457.png,hotspot_quadrant,Which quadrant contains the densest suspicious-particle hotspot?,upper left,upper right,lower left,lower right,D,medium,clear,centered,standard,films,lower_right,clear or pale,9,9 or more,patchy multi-zone clogging,count now,48
mpq_1a30e096f9d144,mem_scene_00457,images/mem_scene_00457.png,fiber_tint,What tint is most common among the visible fibers?,blue,red,black,clear or pale,D,medium,clear,centered,standard,films,lower_right,clear or pale,9,9 or more,patchy multi-zone clogging,count now,48
mpq_f3231d6967df7c,mem_scene_00457,images/mem_scene_00457.png,bead_count,How many round bead-like microplastic particles are visible?,0-12,13-18,19-24,25 or more,A,medium,clear,centered,standard,films,lower_right,clear or pale,9,0-12,patchy multi-zone clogging,count now,48
mpq_405959ed545fff,mem_scene_00457,images/mem_scene_00457.png,clogging_state,Which membrane clogging pattern best describes this field?,open pores,light edge clogging,central mat clogging,patchy multi-zone clogging,D,medium,clear,centered,standard,films,lower_right,clear or pale,9,9 or more,patchy multi-zone clogging,count now,48
mpq_605c3cf6036419,mem_scene_00457,images/mem_scene_00457.png,qc_action,What is the best next triage action for this field of view?,count now,reimage focus,dilute and refilter,manual review,A,medium,clear,centered,standard,films,lower_right,clear or pale,9,9 or more,patchy multi-zone clogging,count now,48
mpq_bc22b7f666d266,mem_scene_00458,images/mem_scene_00458.png,dominant_particle_family,Which suspicious particle family is most common in this membrane field?,fibers,fragments,beads,films,C,medium,clear,centered,bubble_ring,beads,lower_right,blue,37,9 or more,patchy multi-zone clogging,manual review,75
mpq_3fbf8cb101ac13,mem_scene_00458,images/mem_scene_00458.png,hotspot_quadrant,Which quadrant contains the densest suspicious-particle hotspot?,upper left,upper right,lower left,lower right,D,medium,clear,centered,bubble_ring,beads,lower_right,blue,37,9 or more,patchy multi-zone clogging,manual review,75
mpq_aa50e2008b8dd5,mem_scene_00458,images/mem_scene_00458.png,fiber_tint,What tint is most common among the visible fibers?,blue,red,black,clear or pale,A,medium,clear,centered,bubble_ring,beads,lower_right,blue,37,9 or more,patchy multi-zone clogging,manual review,75
mpq_d5a730f7bdc123,mem_scene_00458,images/mem_scene_00458.png,bead_count,How many round bead-like microplastic particles are visible?,0-12,13-18,19-24,25 or more,D,medium,clear,centered,bubble_ring,beads,lower_right,blue,37,25 or more,patchy multi-zone clogging,manual review,75
mpq_f09883f3a1823b,mem_scene_00458,images/mem_scene_00458.png,clogging_state,Which membrane clogging pattern best describes this field?,open pores,light edge clogging,central mat clogging,patchy multi-zone clogging,D,medium,clear,centered,bubble_ring,beads,lower_right,blue,37,9 or more,patchy multi-zone clogging,manual review,75
mpq_3f7a19e3a25822,mem_scene_00458,images/mem_scene_00458.png,qc_action,What is the best next triage action for this field of view?,count now,reimage focus,dilute and refilter,manual review,D,medium,clear,centered,bubble_ring,beads,lower_right,blue,37,9 or more,patchy multi-zone clogging,manual review,75
mpq_2c9fff31404fae,mem_scene_00459,images/mem_scene_00459.png,dominant_particle_family,Which suspicious particle family is most common in this membrane field?,fibers,fragments,beads,films,D,easy,clear,edge_loaded,standard,films,upper_left,red,6,6-8,patchy multi-zone clogging,count now,24
mpq_bc63fbdd6cf95c,mem_scene_00459,images/mem_scene_00459.png,hotspot_quadrant,Which quadrant contains the densest suspicious-particle hotspot?,upper left,upper right,lower left,lower right,A,easy,clear,edge_loaded,standard,films,upper_left,red,6,6-8,patchy multi-zone clogging,count now,24
mpq_ebd8ead2027877,mem_scene_00459,images/mem_scene_00459.png,fiber_tint,What tint is most common among the visible fibers?,blue,red,black,clear or pale,B,easy,clear,edge_loaded,standard,films,upper_left,red,6,6-8,patchy multi-zone clogging,count now,24
mpq_0dd1f5790c3371,mem_scene_00459,images/mem_scene_00459.png,bead_count,How many round bead-like microplastic particles are visible?,0-12,13-18,19-24,25 or more,A,easy,clear,edge_loaded,standard,films,upper_left,red,6,0-12,patchy multi-zone clogging,count now,24
mpq_a529c2cbe48496,mem_scene_00459,images/mem_scene_00459.png,clogging_state,Which membrane clogging pattern best describes this field?,open pores,light edge clogging,central mat clogging,patchy multi-zone clogging,D,easy,clear,edge_loaded,standard,films,upper_left,red,6,6-8,patchy multi-zone clogging,count now,24
mpq_e14ec921e60e73,mem_scene_00459,images/mem_scene_00459.png,qc_action,What is the best next triage action for this field of view?,count now,reimage focus,dilute and refilter,manual review,A,easy,clear,edge_loaded,standard,films,upper_left,red,6,6-8,patchy multi-zone clogging,count now,24
mpq_36563f0abffe23,mem_scene_00460,images/mem_scene_00460.png,dominant_particle_family,Which suspicious particle family is most common in this membrane field?,fibers,fragments,beads,films,D,easy,clear,ring_bias,standard,films,lower_left,blue,7,6-8,open pores,count now,43
mpq_5fad1d6cfccd2a,mem_scene_00460,images/mem_scene_00460.png,hotspot_quadrant,Which quadrant contains the densest suspicious-particle hotspot?,upper left,upper right,lower left,lower right,C,easy,clear,ring_bias,standard,films,lower_left,blue,7,6-8,open pores,count now,43
mpq_5949e1e3635f59,mem_scene_00460,images/mem_scene_00460.png,fiber_tint,What tint is most common among the visible fibers?,blue,red,black,clear or pale,A,easy,clear,ring_bias,standard,films,lower_left,blue,7,6-8,open pores,count now,43
mpq_3f0ee1bb0d8ef7,mem_scene_00460,images/mem_scene_00460.png,bead_count,How many round bead-like microplastic particles are visible?,0-12,13-18,19-24,25 or more,A,easy,clear,ring_bias,standard,films,lower_left,blue,7,0-12,open pores,count now,43
mpq_76f5f3d16db874,mem_scene_00460,images/mem_scene_00460.png,clogging_state,Which membrane clogging pattern best describes this field?,open pores,light edge clogging,central mat clogging,patchy multi-zone clogging,A,easy,clear,ring_bias,standard,films,lower_left,blue,7,6-8,open pores,count now,43
mpq_1582ee64c36575,mem_scene_00460,images/mem_scene_00460.png,qc_action,What is the best next triage action for this field of view?,count now,reimage focus,dilute and refilter,manual review,A,easy,clear,ring_bias,standard,films,lower_left,blue,7,6-8,open pores,count now,43
mpq_7039e6776db25d,mem_scene_00461,images/mem_scene_00461.png,dominant_particle_family,Which suspicious particle family is most common in this membrane field?,fibers,fragments,beads,films,A,medium,clear,diagonal_streak,standard,fibers,lower_right,blue,8,6-8,central mat clogging,count now,67
mpq_7634aa49345d9c,mem_scene_00461,images/mem_scene_00461.png,hotspot_quadrant,Which quadrant contains the densest suspicious-particle hotspot?,upper left,upper right,lower left,lower right,D,medium,clear,diagonal_streak,standard,fibers,lower_right,blue,8,6-8,central mat clogging,count now,67
mpq_abe295a32f3ab6,mem_scene_00461,images/mem_scene_00461.png,fiber_tint,What tint is most common among the visible fibers?,blue,red,black,clear or pale,A,medium,clear,diagonal_streak,standard,fibers,lower_right,blue,8,6-8,central mat clogging,count now,67
mpq_229e377404adc1,mem_scene_00461,images/mem_scene_00461.png,bead_count,How many round bead-like microplastic particles are visible?,0-12,13-18,19-24,25 or more,A,medium,clear,diagonal_streak,standard,fibers,lower_right,blue,8,0-12,central mat clogging,count now,67
mpq_43f8d002a569bb,mem_scene_00461,images/mem_scene_00461.png,clogging_state,Which membrane clogging pattern best describes this field?,open pores,light edge clogging,central mat clogging,patchy multi-zone clogging,C,medium,clear,diagonal_streak,standard,fibers,lower_right,blue,8,6-8,central mat clogging,count now,67
mpq_6031c40b8be263,mem_scene_00461,images/mem_scene_00461.png,qc_action,What is the best next triage action for this field of view?,count now,reimage focus,dilute and refilter,manual review,A,medium,clear,diagonal_streak,standard,fibers,lower_right,blue,8,6-8,central mat clogging,count now,67
mpq_6c8f0bdcad7400,mem_scene_00462,images/mem_scene_00462.png,dominant_particle_family,Which suspicious particle family is most common in this membrane field?,fibers,fragments,beads,films,D,easy,clear,diagonal_streak,standard,films,upper_left,blue,7,6-8,central mat clogging,count now,42
mpq_6c45ef81645385,mem_scene_00462,images/mem_scene_00462.png,hotspot_quadrant,Which quadrant contains the densest suspicious-particle hotspot?,upper left,upper right,lower left,lower right,A,easy,clear,diagonal_streak,standard,films,upper_left,blue,7,6-8,central mat clogging,count now,42
mpq_2e187836250259,mem_scene_00462,images/mem_scene_00462.png,fiber_tint,What tint is most common among the visible fibers?,blue,red,black,clear or pale,A,easy,clear,diagonal_streak,standard,films,upper_left,blue,7,6-8,central mat clogging,count now,42
mpq_e0dff6d4db4fcc,mem_scene_00462,images/mem_scene_00462.png,bead_count,How many round bead-like microplastic particles are visible?,0-12,13-18,19-24,25 or more,A,easy,clear,diagonal_streak,standard,films,upper_left,blue,7,0-12,central mat clogging,count now,42
mpq_cfa89e681a099a,mem_scene_00462,images/mem_scene_00462.png,clogging_state,Which membrane clogging pattern best describes this field?,open pores,light edge clogging,central mat clogging,patchy multi-zone clogging,C,easy,clear,diagonal_streak,standard,films,upper_left,blue,7,6-8,central mat clogging,count now,42
mpq_be567bdfb56f9d,mem_scene_00462,images/mem_scene_00462.png,qc_action,What is the best next triage action for this field of view?,count now,reimage focus,dilute and refilter,manual review,A,easy,clear,diagonal_streak,standard,films,upper_left,blue,7,6-8,central mat clogging,count now,42
mpq_4f52d7a5ad551c,mem_scene_00463,images/mem_scene_00463.png,dominant_particle_family,Which suspicious particle family is most common in this membrane field?,fibers,fragments,beads,films,B,medium,clear,ring_bias,standard,fragments,upper_right,black,12,9 or more,light edge clogging,count now,63
mpq_d6315cb039df12,mem_scene_00463,images/mem_scene_00463.png,hotspot_quadrant,Which quadrant contains the densest suspicious-particle hotspot?,upper left,upper right,lower left,lower right,B,medium,clear,ring_bias,standard,fragments,upper_right,black,12,9 or more,light edge clogging,count now,63
mpq_ab073926904ad8,mem_scene_00463,images/mem_scene_00463.png,fiber_tint,What tint is most common among the visible fibers?,blue,red,black,clear or pale,C,medium,clear,ring_bias,standard,fragments,upper_right,black,12,9 or more,light edge clogging,count now,63
mpq_f23e5af9636a7d,mem_scene_00463,images/mem_scene_00463.png,bead_count,How many round bead-like microplastic particles are visible?,0-12,13-18,19-24,25 or more,A,medium,clear,ring_bias,standard,fragments,upper_right,black,12,0-12,light edge clogging,count now,63
mpq_f3609896524e6e,mem_scene_00463,images/mem_scene_00463.png,clogging_state,Which membrane clogging pattern best describes this field?,open pores,light edge clogging,central mat clogging,patchy multi-zone clogging,B,medium,clear,ring_bias,standard,fragments,upper_right,black,12,9 or more,light edge clogging,count now,63
mpq_01f0c92a645f88,mem_scene_00463,images/mem_scene_00463.png,qc_action,What is the best next triage action for this field of view?,count now,reimage focus,dilute and refilter,manual review,A,medium,clear,ring_bias,standard,fragments,upper_right,black,12,9 or more,light edge clogging,count now,63
mpq_0be475dcbf07f1,mem_scene_00464,images/mem_scene_00464.png,dominant_particle_family,Which suspicious particle family is most common in this membrane field?,fibers,fragments,beads,films,A,easy,overloaded,centered,edge_shadow,fibers,lower_left,blue,6,6-8,open pores,dilute and refilter,26
mpq_3023f5c899f615,mem_scene_00464,images/mem_scene_00464.png,hotspot_quadrant,Which quadrant contains the densest suspicious-particle hotspot?,upper left,upper right,lower left,lower right,C,easy,overloaded,centered,edge_shadow,fibers,lower_left,blue,6,6-8,open pores,dilute and refilter,26
mpq_8e37c1b8265b8b,mem_scene_00464,images/mem_scene_00464.png,fiber_tint,What tint is most common among the visible fibers?,blue,red,black,clear or pale,A,easy,overloaded,centered,edge_shadow,fibers,lower_left,blue,6,6-8,open pores,dilute and refilter,26
mpq_4bce90214f1a74,mem_scene_00464,images/mem_scene_00464.png,bead_count,How many round bead-like microplastic particles are visible?,0-12,13-18,19-24,25 or more,A,easy,overloaded,centered,edge_shadow,fibers,lower_left,blue,6,0-12,open pores,dilute and refilter,26
mpq_c23d7f8044aa86,mem_scene_00464,images/mem_scene_00464.png,clogging_state,Which membrane clogging pattern best describes this field?,open pores,light edge clogging,central mat clogging,patchy multi-zone clogging,A,easy,overloaded,centered,edge_shadow,fibers,lower_left,blue,6,6-8,open pores,dilute and refilter,26
mpq_262f992cd3b486,mem_scene_00464,images/mem_scene_00464.png,qc_action,What is the best next triage action for this field of view?,count now,reimage focus,dilute and refilter,manual review,C,easy,overloaded,centered,edge_shadow,fibers,lower_left,blue,6,6-8,open pores,dilute and refilter,26
mpq_d5659cc3699627,mem_scene_00465,images/mem_scene_00465.png,dominant_particle_family,Which suspicious particle family is most common in this membrane field?,fibers,fragments,beads,films,D,medium,low_contrast,centered,standard,films,upper_left,red,9,9 or more,central mat clogging,count now,55
mpq_b5cdf17dc0a1bc,mem_scene_00465,images/mem_scene_00465.png,hotspot_quadrant,Which quadrant contains the densest suspicious-particle hotspot?,upper left,upper right,lower left,lower right,A,medium,low_contrast,centered,standard,films,upper_left,red,9,9 or more,central mat clogging,count now,55
mpq_1ca96f04968e7d,mem_scene_00465,images/mem_scene_00465.png,fiber_tint,What tint is most common among the visible fibers?,blue,red,black,clear or pale,B,medium,low_contrast,centered,standard,films,upper_left,red,9,9 or more,central mat clogging,count now,55
mpq_0056abc8021313,mem_scene_00465,images/mem_scene_00465.png,bead_count,How many round bead-like microplastic particles are visible?,0-12,13-18,19-24,25 or more,A,medium,low_contrast,centered,standard,films,upper_left,red,9,0-12,central mat clogging,count now,55
mpq_bc14bac994ca73,mem_scene_00465,images/mem_scene_00465.png,clogging_state,Which membrane clogging pattern best describes this field?,open pores,light edge clogging,central mat clogging,patchy multi-zone clogging,C,medium,low_contrast,centered,standard,films,upper_left,red,9,9 or more,central mat clogging,count now,55
mpq_7ecabd3602a67c,mem_scene_00465,images/mem_scene_00465.png,qc_action,What is the best next triage action for this field of view?,count now,reimage focus,dilute and refilter,manual review,B,medium,low_contrast,centered,standard,films,upper_left,red,9,9 or more,central mat clogging,reimage focus,55
mpq_f6d9280d417d72,mem_scene_00466,images/mem_scene_00466.png,dominant_particle_family,Which suspicious particle family is most common in this membrane field?,fibers,fragments,beads,films,C,medium,clear,ring_bias,standard,beads,upper_right,black,36,9 or more,patchy multi-zone clogging,count now,71
mpq_e12ca624bca22d,mem_scene_00466,images/mem_scene_00466.png,hotspot_quadrant,Which quadrant contains the densest suspicious-particle hotspot?,upper left,upper right,lower left,lower right,B,medium,clear,ring_bias,standard,beads,upper_right,black,36,9 or more,patchy multi-zone clogging,count now,71
mpq_7d0e29653c5efa,mem_scene_00466,images/mem_scene_00466.png,fiber_tint,What tint is most common among the visible fibers?,blue,red,black,clear or pale,C,medium,clear,ring_bias,standard,beads,upper_right,black,36,9 or more,patchy multi-zone clogging,count now,71
mpq_dc081449cbbeac,mem_scene_00466,images/mem_scene_00466.png,bead_count,How many round bead-like microplastic particles are visible?,0-12,13-18,19-24,25 or more,D,medium,clear,ring_bias,standard,beads,upper_right,black,36,25 or more,patchy multi-zone clogging,count now,71
mpq_7a9507b800d572,mem_scene_00466,images/mem_scene_00466.png,clogging_state,Which membrane clogging pattern best describes this field?,open pores,light edge clogging,central mat clogging,patchy multi-zone clogging,D,medium,clear,ring_bias,standard,beads,upper_right,black,36,9 or more,patchy multi-zone clogging,count now,71
mpq_9486882e56c7cc,mem_scene_00466,images/mem_scene_00466.png,qc_action,What is the best next triage action for this field of view?,count now,reimage focus,dilute and refilter,manual review,A,medium,clear,ring_bias,standard,beads,upper_right,black,36,9 or more,patchy multi-zone clogging,count now,71
mpq_fd45b6526a11e9,mem_scene_00467,images/mem_scene_00467.png,dominant_particle_family,Which suspicious particle family is most common in this membrane field?,fibers,fragments,beads,films,D,medium,clear,ring_bias,standard,films,lower_right,red,14,9 or more,patchy multi-zone clogging,count now,63
mpq_633637a52cdae7,mem_scene_00467,images/mem_scene_00467.png,hotspot_quadrant,Which quadrant contains the densest suspicious-particle hotspot?,upper left,upper right,lower left,lower right,D,medium,clear,ring_bias,standard,films,lower_right,red,14,9 or more,patchy multi-zone clogging,count now,63
mpq_8a3337b189db5f,mem_scene_00467,images/mem_scene_00467.png,fiber_tint,What tint is most common among the visible fibers?,blue,red,black,clear or pale,B,medium,clear,ring_bias,standard,films,lower_right,red,14,9 or more,patchy multi-zone clogging,count now,63
mpq_065ae0dd57181c,mem_scene_00467,images/mem_scene_00467.png,bead_count,How many round bead-like microplastic particles are visible?,0-12,13-18,19-24,25 or more,B,medium,clear,ring_bias,standard,films,lower_right,red,14,13-18,patchy multi-zone clogging,count now,63
mpq_446ed1ace15868,mem_scene_00467,images/mem_scene_00467.png,clogging_state,Which membrane clogging pattern best describes this field?,open pores,light edge clogging,central mat clogging,patchy multi-zone clogging,D,medium,clear,ring_bias,standard,films,lower_right,red,14,9 or more,patchy multi-zone clogging,count now,63
mpq_ce7da69dfb3441,mem_scene_00467,images/mem_scene_00467.png,qc_action,What is the best next triage action for this field of view?,count now,reimage focus,dilute and refilter,manual review,A,medium,clear,ring_bias,standard,films,lower_right,red,14,9 or more,patchy multi-zone clogging,count now,63
mpq_3ac5ba5b5d4ebd,mem_scene_00468,images/mem_scene_00468.png,dominant_particle_family,Which suspicious particle family is most common in this membrane field?,fibers,fragments,beads,films,C,medium,low_contrast,ring_bias,standard,beads,upper_left,clear or pale,26,9 or more,open pores,count now,57
mpq_d0dcd692569896,mem_scene_00468,images/mem_scene_00468.png,hotspot_quadrant,Which quadrant contains the densest suspicious-particle hotspot?,upper left,upper right,lower left,lower right,A,medium,low_contrast,ring_bias,standard,beads,upper_left,clear or pale,26,9 or more,open pores,count now,57
mpq_a6ea02f9cc398b,mem_scene_00468,images/mem_scene_00468.png,fiber_tint,What tint is most common among the visible fibers?,blue,red,black,clear or pale,D,medium,low_contrast,ring_bias,standard,beads,upper_left,clear or pale,26,9 or more,open pores,count now,57
mpq_145c8271ee6503,mem_scene_00468,images/mem_scene_00468.png,bead_count,How many round bead-like microplastic particles are visible?,0-12,13-18,19-24,25 or more,D,medium,low_contrast,ring_bias,standard,beads,upper_left,clear or pale,26,25 or more,open pores,count now,57
mpq_3891c61c634646,mem_scene_00468,images/mem_scene_00468.png,clogging_state,Which membrane clogging pattern best describes this field?,open pores,light edge clogging,central mat clogging,patchy multi-zone clogging,A,medium,low_contrast,ring_bias,standard,beads,upper_left,clear or pale,26,9 or more,open pores,count now,57
mpq_973b9cd10919a1,mem_scene_00468,images/mem_scene_00468.png,qc_action,What is the best next triage action for this field of view?,count now,reimage focus,dilute and refilter,manual review,B,medium,low_contrast,ring_bias,standard,beads,upper_left,clear or pale,26,9 or more,open pores,reimage focus,57
mpq_5be92fca82491e,mem_scene_00469,images/mem_scene_00469.png,dominant_particle_family,Which suspicious particle family is most common in this membrane field?,fibers,fragments,beads,films,A,hard,clear,centered,standard,fibers,upper_right,blue,16,9 or more,central mat clogging,dilute and refilter,116
mpq_80dd7da177ac9b,mem_scene_00469,images/mem_scene_00469.png,hotspot_quadrant,Which quadrant contains the densest suspicious-particle hotspot?,upper left,upper right,lower left,lower right,B,hard,clear,centered,standard,fibers,upper_right,blue,16,9 or more,central mat clogging,dilute and refilter,116
mpq_80dbd0dd920382,mem_scene_00469,images/mem_scene_00469.png,fiber_tint,What tint is most common among the visible fibers?,blue,red,black,clear or pale,A,hard,clear,centered,standard,fibers,upper_right,blue,16,9 or more,central mat clogging,dilute and refilter,116
mpq_d96567bc3b6eb2,mem_scene_00469,images/mem_scene_00469.png,bead_count,How many round bead-like microplastic particles are visible?,0-12,13-18,19-24,25 or more,B,hard,clear,centered,standard,fibers,upper_right,blue,16,13-18,central mat clogging,dilute and refilter,116
mpq_045fb6d2128b04,mem_scene_00469,images/mem_scene_00469.png,clogging_state,Which membrane clogging pattern best describes this field?,open pores,light edge clogging,central mat clogging,patchy multi-zone clogging,C,hard,clear,centered,standard,fibers,upper_right,blue,16,9 or more,central mat clogging,dilute and refilter,116
mpq_5b7845ba7017ee,mem_scene_00469,images/mem_scene_00469.png,qc_action,What is the best next triage action for this field of view?,count now,reimage focus,dilute and refilter,manual review,C,hard,clear,centered,standard,fibers,upper_right,blue,16,9 or more,central mat clogging,dilute and refilter,116
mpq_91ab2a5c4c1b7d,mem_scene_00470,images/mem_scene_00470.png,dominant_particle_family,Which suspicious particle family is most common in this membrane field?,fibers,fragments,beads,films,C,easy,low_contrast,centered,blue_stain,beads,lower_right,red,15,9 or more,open pores,count now,27
mpq_b2c725fa30300a,mem_scene_00470,images/mem_scene_00470.png,hotspot_quadrant,Which quadrant contains the densest suspicious-particle hotspot?,upper left,upper right,lower left,lower right,D,easy,low_contrast,centered,blue_stain,beads,lower_right,red,15,9 or more,open pores,count now,27
mpq_c6dc925117bda7,mem_scene_00470,images/mem_scene_00470.png,fiber_tint,What tint is most common among the visible fibers?,blue,red,black,clear or pale,B,easy,low_contrast,centered,blue_stain,beads,lower_right,red,15,9 or more,open pores,count now,27
mpq_ed67bc7b4a22fc,mem_scene_00470,images/mem_scene_00470.png,bead_count,How many round bead-like microplastic particles are visible?,0-12,13-18,19-24,25 or more,B,easy,low_contrast,centered,blue_stain,beads,lower_right,red,15,13-18,open pores,count now,27
mpq_4b426289057206,mem_scene_00470,images/mem_scene_00470.png,clogging_state,Which membrane clogging pattern best describes this field?,open pores,light edge clogging,central mat clogging,patchy multi-zone clogging,A,easy,low_contrast,centered,blue_stain,beads,lower_right,red,15,9 or more,open pores,count now,27
mpq_ddb39d6f87c868,mem_scene_00470,images/mem_scene_00470.png,qc_action,What is the best next triage action for this field of view?,count now,reimage focus,dilute and refilter,manual review,B,easy,low_contrast,centered,blue_stain,beads,lower_right,red,15,9 or more,open pores,reimage focus,27
mpq_a8b91866c15b43,mem_scene_00471,images/mem_scene_00471.png,dominant_particle_family,Which suspicious particle family is most common in this membrane field?,fibers,fragments,beads,films,A,medium,clear,centered,standard,fibers,lower_left,blue,8,6-8,open pores,count now,66
mpq_83965120e57df8,mem_scene_00471,images/mem_scene_00471.png,hotspot_quadrant,Which quadrant contains the densest suspicious-particle hotspot?,upper left,upper right,lower left,lower right,C,medium,clear,centered,standard,fibers,lower_left,blue,8,6-8,open pores,count now,66
mpq_a03532fe7d4a01,mem_scene_00471,images/mem_scene_00471.png,fiber_tint,What tint is most common among the visible fibers?,blue,red,black,clear or pale,A,medium,clear,centered,standard,fibers,lower_left,blue,8,6-8,open pores,count now,66
mpq_99b2f920fa8639,mem_scene_00471,images/mem_scene_00471.png,bead_count,How many round bead-like microplastic particles are visible?,0-12,13-18,19-24,25 or more,A,medium,clear,centered,standard,fibers,lower_left,blue,8,0-12,open pores,count now,66
mpq_cfebe9730499e0,mem_scene_00471,images/mem_scene_00471.png,clogging_state,Which membrane clogging pattern best describes this field?,open pores,light edge clogging,central mat clogging,patchy multi-zone clogging,A,medium,clear,centered,standard,fibers,lower_left,blue,8,6-8,open pores,count now,66
mpq_99f55be7c866f8,mem_scene_00471,images/mem_scene_00471.png,qc_action,What is the best next triage action for this field of view?,count now,reimage focus,dilute and refilter,manual review,A,medium,clear,centered,standard,fibers,lower_left,blue,8,6-8,open pores,count now,66
mpq_425ee8645d8be2,mem_scene_00472,images/mem_scene_00472.png,dominant_particle_family,Which suspicious particle family is most common in this membrane field?,fibers,fragments,beads,films,A,medium,overloaded,ring_bias,standard,fibers,lower_left,blue,12,9 or more,open pores,dilute and refilter,62
mpq_109576626164e0,mem_scene_00472,images/mem_scene_00472.png,hotspot_quadrant,Which quadrant contains the densest suspicious-particle hotspot?,upper left,upper right,lower left,lower right,C,medium,overloaded,ring_bias,standard,fibers,lower_left,blue,12,9 or more,open pores,dilute and refilter,62
mpq_be1b9106608db9,mem_scene_00472,images/mem_scene_00472.png,fiber_tint,What tint is most common among the visible fibers?,blue,red,black,clear or pale,A,medium,overloaded,ring_bias,standard,fibers,lower_left,blue,12,9 or more,open pores,dilute and refilter,62
mpq_2fe7cf574af35b,mem_scene_00472,images/mem_scene_00472.png,bead_count,How many round bead-like microplastic particles are visible?,0-12,13-18,19-24,25 or more,A,medium,overloaded,ring_bias,standard,fibers,lower_left,blue,12,0-12,open pores,dilute and refilter,62
mpq_83a698bf5caa30,mem_scene_00472,images/mem_scene_00472.png,clogging_state,Which membrane clogging pattern best describes this field?,open pores,light edge clogging,central mat clogging,patchy multi-zone clogging,A,medium,overloaded,ring_bias,standard,fibers,lower_left,blue,12,9 or more,open pores,dilute and refilter,62
mpq_d39d44f1ebd195,mem_scene_00472,images/mem_scene_00472.png,qc_action,What is the best next triage action for this field of view?,count now,reimage focus,dilute and refilter,manual review,C,medium,overloaded,ring_bias,standard,fibers,lower_left,blue,12,9 or more,open pores,dilute and refilter,62
mpq_75c2f38d9c0469,mem_scene_00473,images/mem_scene_00473.png,dominant_particle_family,Which suspicious particle family is most common in this membrane field?,fibers,fragments,beads,films,C,hard,biofilm,diagonal_streak,edge_shadow,beads,upper_left,red,43,9 or more,open pores,manual review,104
mpq_5db9c5980b6480,mem_scene_00473,images/mem_scene_00473.png,hotspot_quadrant,Which quadrant contains the densest suspicious-particle hotspot?,upper left,upper right,lower left,lower right,A,hard,biofilm,diagonal_streak,edge_shadow,beads,upper_left,red,43,9 or more,open pores,manual review,104
mpq_e5f6d325f2bc1b,mem_scene_00473,images/mem_scene_00473.png,fiber_tint,What tint is most common among the visible fibers?,blue,red,black,clear or pale,B,hard,biofilm,diagonal_streak,edge_shadow,beads,upper_left,red,43,9 or more,open pores,manual review,104
mpq_e06e60959d005f,mem_scene_00473,images/mem_scene_00473.png,bead_count,How many round bead-like microplastic particles are visible?,0-12,13-18,19-24,25 or more,D,hard,biofilm,diagonal_streak,edge_shadow,beads,upper_left,red,43,25 or more,open pores,manual review,104
mpq_4c470b7db12f70,mem_scene_00473,images/mem_scene_00473.png,clogging_state,Which membrane clogging pattern best describes this field?,open pores,light edge clogging,central mat clogging,patchy multi-zone clogging,A,hard,biofilm,diagonal_streak,edge_shadow,beads,upper_left,red,43,9 or more,open pores,manual review,104
mpq_dce9ae1702d1cf,mem_scene_00473,images/mem_scene_00473.png,qc_action,What is the best next triage action for this field of view?,count now,reimage focus,dilute and refilter,manual review,D,hard,biofilm,diagonal_streak,edge_shadow,beads,upper_left,red,43,9 or more,open pores,manual review,104
mpq_7cd28808f0981f,mem_scene_00474,images/mem_scene_00474.png,dominant_particle_family,Which suspicious particle family is most common in this membrane field?,fibers,fragments,beads,films,C,medium,low_contrast,diagonal_streak,blue_stain,beads,lower_right,blue,30,9 or more,light edge clogging,count now,70
mpq_b56f873b61be95,mem_scene_00474,images/mem_scene_00474.png,hotspot_quadrant,Which quadrant contains the densest suspicious-particle hotspot?,upper left,upper right,lower left,lower right,D,medium,low_contrast,diagonal_streak,blue_stain,beads,lower_right,blue,30,9 or more,light edge clogging,count now,70
mpq_9e0940225568ee,mem_scene_00474,images/mem_scene_00474.png,fiber_tint,What tint is most common among the visible fibers?,blue,red,black,clear or pale,A,medium,low_contrast,diagonal_streak,blue_stain,beads,lower_right,blue,30,9 or more,light edge clogging,count now,70
mpq_297ccf1fb9f8db,mem_scene_00474,images/mem_scene_00474.png,bead_count,How many round bead-like microplastic particles are visible?,0-12,13-18,19-24,25 or more,D,medium,low_contrast,diagonal_streak,blue_stain,beads,lower_right,blue,30,25 or more,light edge clogging,count now,70
mpq_6a3255f8e5ce38,mem_scene_00474,images/mem_scene_00474.png,clogging_state,Which membrane clogging pattern best describes this field?,open pores,light edge clogging,central mat clogging,patchy multi-zone clogging,B,medium,low_contrast,diagonal_streak,blue_stain,beads,lower_right,blue,30,9 or more,light edge clogging,count now,70
mpq_b49847b975d0bf,mem_scene_00474,images/mem_scene_00474.png,qc_action,What is the best next triage action for this field of view?,count now,reimage focus,dilute and refilter,manual review,B,medium,low_contrast,diagonal_streak,blue_stain,beads,lower_right,blue,30,9 or more,light edge clogging,reimage focus,70
mpq_b4d94e1b8edc75,mem_scene_00475,images/mem_scene_00475.png,dominant_particle_family,Which suspicious particle family is most common in this membrane field?,fibers,fragments,beads,films,A,medium,low_contrast,diagonal_streak,standard,fibers,lower_right,blue,9,9 or more,patchy multi-zone clogging,count now,62
mpq_712eb783f8ee6b,mem_scene_00475,images/mem_scene_00475.png,hotspot_quadrant,Which quadrant contains the densest suspicious-particle hotspot?,upper left,upper right,lower left,lower right,D,medium,low_contrast,diagonal_streak,standard,fibers,lower_right,blue,9,9 or more,patchy multi-zone clogging,count now,62
mpq_d06c8a11ccf989,mem_scene_00475,images/mem_scene_00475.png,fiber_tint,What tint is most common among the visible fibers?,blue,red,black,clear or pale,A,medium,low_contrast,diagonal_streak,standard,fibers,lower_right,blue,9,9 or more,patchy multi-zone clogging,count now,62
mpq_d374b8f3f407f2,mem_scene_00475,images/mem_scene_00475.png,bead_count,How many round bead-like microplastic particles are visible?,0-12,13-18,19-24,25 or more,A,medium,low_contrast,diagonal_streak,standard,fibers,lower_right,blue,9,0-12,patchy multi-zone clogging,count now,62
mpq_37f36f625c402b,mem_scene_00475,images/mem_scene_00475.png,clogging_state,Which membrane clogging pattern best describes this field?,open pores,light edge clogging,central mat clogging,patchy multi-zone clogging,D,medium,low_contrast,diagonal_streak,standard,fibers,lower_right,blue,9,9 or more,patchy multi-zone clogging,count now,62
mpq_067fd9a712b96a,mem_scene_00475,images/mem_scene_00475.png,qc_action,What is the best next triage action for this field of view?,count now,reimage focus,dilute and refilter,manual review,B,medium,low_contrast,diagonal_streak,standard,fibers,lower_right,blue,9,9 or more,patchy multi-zone clogging,reimage focus,62
mpq_55c2363425cb15,mem_scene_00476,images/mem_scene_00476.png,dominant_particle_family,Which suspicious particle family is most common in this membrane field?,fibers,fragments,beads,films,D,easy,glare,ring_bias,standard,films,lower_left,black,13,9 or more,open pores,count now,42
mpq_7537c930e7f696,mem_scene_00476,images/mem_scene_00476.png,hotspot_quadrant,Which quadrant contains the densest suspicious-particle hotspot?,upper left,upper right,lower left,lower right,C,easy,glare,ring_bias,standard,films,lower_left,black,13,9 or more,open pores,count now,42
mpq_03fa9e98665e64,mem_scene_00476,images/mem_scene_00476.png,fiber_tint,What tint is most common among the visible fibers?,blue,red,black,clear or pale,C,easy,glare,ring_bias,standard,films,lower_left,black,13,9 or more,open pores,count now,42
mpq_8cb0192757a496,mem_scene_00476,images/mem_scene_00476.png,bead_count,How many round bead-like microplastic particles are visible?,0-12,13-18,19-24,25 or more,B,easy,glare,ring_bias,standard,films,lower_left,black,13,13-18,open pores,count now,42
mpq_03d0fcf15ca540,mem_scene_00476,images/mem_scene_00476.png,clogging_state,Which membrane clogging pattern best describes this field?,open pores,light edge clogging,central mat clogging,patchy multi-zone clogging,A,easy,glare,ring_bias,standard,films,lower_left,black,13,9 or more,open pores,count now,42
mpq_56e2c59a718187,mem_scene_00476,images/mem_scene_00476.png,qc_action,What is the best next triage action for this field of view?,count now,reimage focus,dilute and refilter,manual review,B,easy,glare,ring_bias,standard,films,lower_left,black,13,9 or more,open pores,reimage focus,42
mpq_050bdde7eeb6b7,mem_scene_00477,images/mem_scene_00477.png,dominant_particle_family,Which suspicious particle family is most common in this membrane field?,fibers,fragments,beads,films,A,hard,glare,diagonal_streak,standard,fibers,upper_left,clear or pale,23,9 or more,patchy multi-zone clogging,reimage focus,96
mpq_15c00125896d1c,mem_scene_00477,images/mem_scene_00477.png,hotspot_quadrant,Which quadrant contains the densest suspicious-particle hotspot?,upper left,upper right,lower left,lower right,A,hard,glare,diagonal_streak,standard,fibers,upper_left,clear or pale,23,9 or more,patchy multi-zone clogging,reimage focus,96
mpq_a51d94d636f2d0,mem_scene_00477,images/mem_scene_00477.png,fiber_tint,What tint is most common among the visible fibers?,blue,red,black,clear or pale,D,hard,glare,diagonal_streak,standard,fibers,upper_left,clear or pale,23,9 or more,patchy multi-zone clogging,reimage focus,96
mpq_36de68adc36eeb,mem_scene_00477,images/mem_scene_00477.png,bead_count,How many round bead-like microplastic particles are visible?,0-12,13-18,19-24,25 or more,C,hard,glare,diagonal_streak,standard,fibers,upper_left,clear or pale,23,19-24,patchy multi-zone clogging,reimage focus,96
mpq_d131e779124501,mem_scene_00477,images/mem_scene_00477.png,clogging_state,Which membrane clogging pattern best describes this field?,open pores,light edge clogging,central mat clogging,patchy multi-zone clogging,D,hard,glare,diagonal_streak,standard,fibers,upper_left,clear or pale,23,9 or more,patchy multi-zone clogging,reimage focus,96
mpq_ffddec436d0239,mem_scene_00477,images/mem_scene_00477.png,qc_action,What is the best next triage action for this field of view?,count now,reimage focus,dilute and refilter,manual review,B,hard,glare,diagonal_streak,standard,fibers,upper_left,clear or pale,23,9 or more,patchy multi-zone clogging,reimage focus,96
mpq_d978722f84931c,mem_scene_00478,images/mem_scene_00478.png,dominant_particle_family,Which suspicious particle family is most common in this membrane field?,fibers,fragments,beads,films,C,medium,clear,edge_loaded,standard,beads,upper_left,blue,36,9 or more,light edge clogging,count now,73
mpq_a5499fc8af3c3c,mem_scene_00478,images/mem_scene_00478.png,hotspot_quadrant,Which quadrant contains the densest suspicious-particle hotspot?,upper left,upper right,lower left,lower right,A,medium,clear,edge_loaded,standard,beads,upper_left,blue,36,9 or more,light edge clogging,count now,73
mpq_9e9076d82cf32c,mem_scene_00478,images/mem_scene_00478.png,fiber_tint,What tint is most common among the visible fibers?,blue,red,black,clear or pale,A,medium,clear,edge_loaded,standard,beads,upper_left,blue,36,9 or more,light edge clogging,count now,73
mpq_1319a84ca02c4f,mem_scene_00478,images/mem_scene_00478.png,bead_count,How many round bead-like microplastic particles are visible?,0-12,13-18,19-24,25 or more,D,medium,clear,edge_loaded,standard,beads,upper_left,blue,36,25 or more,light edge clogging,count now,73
mpq_e52605e8b645a3,mem_scene_00478,images/mem_scene_00478.png,clogging_state,Which membrane clogging pattern best describes this field?,open pores,light edge clogging,central mat clogging,patchy multi-zone clogging,B,medium,clear,edge_loaded,standard,beads,upper_left,blue,36,9 or more,light edge clogging,count now,73
mpq_5f6a58678d66da,mem_scene_00478,images/mem_scene_00478.png,qc_action,What is the best next triage action for this field of view?,count now,reimage focus,dilute and refilter,manual review,A,medium,clear,edge_loaded,standard,beads,upper_left,blue,36,9 or more,light edge clogging,count now,73
mpq_c1f85da58f9b9e,mem_scene_00479,images/mem_scene_00479.png,dominant_particle_family,Which suspicious particle family is most common in this membrane field?,fibers,fragments,beads,films,D,easy,overloaded,ring_bias,standard,films,lower_left,blue,5,3-5,patchy multi-zone clogging,dilute and refilter,28
mpq_b72d8b7db39de2,mem_scene_00479,images/mem_scene_00479.png,hotspot_quadrant,Which quadrant contains the densest suspicious-particle hotspot?,upper left,upper right,lower left,lower right,C,easy,overloaded,ring_bias,standard,films,lower_left,blue,5,3-5,patchy multi-zone clogging,dilute and refilter,28
mpq_5454ced20aa900,mem_scene_00479,images/mem_scene_00479.png,fiber_tint,What tint is most common among the visible fibers?,blue,red,black,clear or pale,A,easy,overloaded,ring_bias,standard,films,lower_left,blue,5,3-5,patchy multi-zone clogging,dilute and refilter,28
mpq_4aee1e77b5dd72,mem_scene_00479,images/mem_scene_00479.png,bead_count,How many round bead-like microplastic particles are visible?,0-12,13-18,19-24,25 or more,A,easy,overloaded,ring_bias,standard,films,lower_left,blue,5,0-12,patchy multi-zone clogging,dilute and refilter,28
mpq_a2a850a5b3bd86,mem_scene_00479,images/mem_scene_00479.png,clogging_state,Which membrane clogging pattern best describes this field?,open pores,light edge clogging,central mat clogging,patchy multi-zone clogging,D,easy,overloaded,ring_bias,standard,films,lower_left,blue,5,3-5,patchy multi-zone clogging,dilute and refilter,28
mpq_6f07636cbd206a,mem_scene_00479,images/mem_scene_00479.png,qc_action,What is the best next triage action for this field of view?,count now,reimage focus,dilute and refilter,manual review,C,easy,overloaded,ring_bias,standard,films,lower_left,blue,5,3-5,patchy multi-zone clogging,dilute and refilter,28
